id,domain_code,domain_name,topic,question,option_a,option_b,option_c,option_d,correct_answer,explanation
1,A,Domain A: Creating AV Solutions,Needs Analysis,"During the initial needs discovery interview for a new executive boardroom, the CEO states: 'We need three 98-inch 4K displays and five wireless handheld microphones.' What is the AV designer's BEST response according to AVIXA methodology?",Write down the exact requested models and submit a formal price quote.,Explain that 98-inch displays are too expensive and recommend projection instead.,"Ask open-ended questions to explore the specific business tasks, meeting types, participant numbers, and types of content that will be shared in the space.",Advise the CEO that ceiling microphone arrays are superior to handheld microphones.,C,The core AVIXA rule of needs analysis is to identify user business tasks and communication requirements rather than accepting pre-specified hardware. Asking open-ended questions prevents premature equipment lock-in that may not satisfy operational needs.
2,A,Domain A: Creating AV Solutions,Needs Analysis,An AV consultant is hired to conduct a needs analysis for a corporate campus upgrade. The VP of Facilities suggests interviewing only department heads to save time. What risk should the consultant explain to the client?,Department heads do not have authority to approve AV budgets.,"Bypassing everyday end users, administrative assistants, and IT support staff often leads to systems that fail to support daily operational workflows and suffer low adoption.",Building electrical codes require every employee to be interviewed.,Conduit fill ratios cannot be calculated without surveys from all staff.,B,"Needs analysis must engage diverse user groups. Department heads often focus on budget and status, while daily administrative users and IT understand practical day-to-day friction points."
3,A,Domain A: Creating AV Solutions,Needs Analysis,"During a user interview, an administrative assistant mentions that meetings frequently run 15 minutes late because presenters cannot get their personal laptops to display on the screen. What functional requirement does this identify?","The room requires a 10,000-lumen laser projector.","The system needs an intuitive, automated connection workflow (such as single-cable USB-C with auto-switching or auto-framing) to minimize setup friction.",The client must ban guest personal laptops and provide standard desktop PCs.,The room requires 7.1 surround sound audio.,B,"The AVIXA process translates user pain points (connection delays) into functional design requirements (intuitive, automated, standardized laptop connectivity)."
4,A,Domain A: Creating AV Solutions,Needs Analysis,A university faculty committee requests that all new classrooms support hybrid synchronous remote learning. Which stakeholder group must the AV designer consult FIRST regarding infrastructure support?,The exterior landscape architect.,The campus network and information security (InfoSec) department.,The local electrical utility company.,The student government association.,B,"Hybrid synchronous video conferencing places heavy demands on institutional network bandwidth, VLAN routing, multicast support, and firewall traversal. IT/InfoSec must be consulted first to establish technical feasibility."
5,A,Domain A: Creating AV Solutions,Needs Analysis,"When compiling user responses during the needs analysis phase, how should an AV professional categorize a client request for 'motorized blackout window shades that drop automatically when video plays'?",As an essential Life-Safety code requirement.,"As a functional requirement that supports video contrast and usability, to be evaluated against project budget and environmental conditions.",As a decorative architectural feature that the AV team should ignore.,As an electrical code violation under NEC Chapter 9.,B,"Environmental controls (shades, lighting integration) are legitimate functional requirements that enhance system contrast and viewing comfort, but they must be balanced against budget and architectural feasibility."
6,A,Domain A: Creating AV Solutions,Needs Analysis,In an enterprise organization with conflicting stakeholder requirements—where the CFO demands maximum cost reduction while department managers demand high-end telepresence—what is the AV designer's role?,Side with the CFO because budget is always the sole determining factor.,Side with the department managers and specify the most expensive equipment.,"Document the trade-offs between cost and functional capabilities in the Program Report, presenting clear tiered options for executive decision-makers.",Refuse to work on the project until the stakeholders reach unanimous agreement.,C,"An AV designer acts as an objective advisor, documenting how budget constraints impact functionality and presenting informed, tiered trade-off options in the Program Report."
7,A,Domain A: Creating AV Solutions,Needs Analysis,What is the primary difference between a 'Functional Requirement' and an 'Architectural Requirement' in an AV Needs Analysis?,"Functional requirements describe what users must be able to accomplish with technology; architectural requirements describe the physical space dimensions, sightlines, acoustics, and structural support needed to house that technology.",Functional requirements are written by the electrical contractor; architectural requirements are written by the AV technician.,Functional requirements only apply to software; architectural requirements only apply to cables.,There is no difference; the terms are interchangeable in AVIXA standards.,A,"Functional requirements define capabilities (e.g. conduct interactive multi-site video calls); architectural requirements define physical room constraints (e.g. 10 ft ceiling height, double-stud isolated walls, floor boxes)."
8,A,Domain A: Creating AV Solutions,Needs Analysis,"During a needs analysis interview, a client states: 'We frequently host confidential discussions regarding patent filings and mergers.' What two design criteria become top priorities?",Maximum display refresh rate and high-gain projection screens.,High acoustic isolation (STC rating) and speech privacy / sound masking systems.,Longer throw ratios and larger conduit diameter.,Low-impedance 2-ohm loudspeaker circuits.,B,Confidential meetings mandate strict acoustic isolation (wall partitions with STC 50+) and sound masking / encryption protocols to protect speech privacy from eavesdropping.
9,A,Domain A: Creating AV Solutions,Needs Analysis,"When interviewing users with diverse technical skill levels, what type of question is most effective for uncovering unstated needs?",Leading questions that prompt users to name specific brands.,Open-ended questions asking users to describe a typical meeting from start to finish and where they encounter frustration.,Yes/No questions regarding technical specifications.,Multiple-choice questions about HDMI bandwidth.,B,"Open-ended workflow questions ('Describe how you typically run a meeting...') prompt users to reveal habits, pain points, and expectations that direct technical questions miss."
10,A,Domain A: Creating AV Solutions,Needs Analysis,What risk occurs when an AV designer accepts an equipment list directly from a client without performing a functional Needs Analysis?,"The equipment list may address symptoms rather than root causes, omit critical infrastructure prerequisites, or fail to integrate into a cohesive operational workflow.",The National Electrical Code will immediately void all equipment warranties.,The audio amplifier power will automatically drop by 3 dB.,The conduit fill percentage will exceed 53%.,A,"Clients often compile equipment wish-lists based on marketing without understanding signal compatibility, infrastructure needs (power/cooling/conduit), or usability integration."
11,A,Domain A: Creating AV Solutions,Needs Analysis,"During the programming phase of a medical training facility, instructors state that students seated in the rear must see precise surgical incision details on screen. Which standard viewing category must be specified?",Passive Viewing (PV).,Basic Decision Making (BDM).,Analytical Decision Making (ADM).,Recreational Viewing (RV).,C,"Analytical Decision Making (ADM) under ANSI/AVIXA DISCAS standard applies when viewers must resolve minute detail at the pixel level, such as medical diagnostics, surgical training, and CAD schematics."
12,A,Domain A: Creating AV Solutions,Needs Analysis,"In the AVIXA project lifecycle, what is 'Benchmarking' during the Needs Analysis phase?",Measuring the physical height of office desks with a laser tape.,"Examining existing successful systems, peer facilities, or historical room usage data to establish realistic performance targets and user expectations.",Testing the clock speed of digital signal processors.,Measuring the electrical resistance of the building's earth ground rod.,B,"Benchmarking evaluates how similar spaces within the organization or peer institutions perform, identifying proven best practices and avoiding past design errors."
13,A,Domain A: Creating AV Solutions,Needs Analysis,"What is an 'Owner's Project Requirements' (OPR) document, and when is it created?",A document created by the general contractor after construction is complete.,"An early-stage document produced by or for the owner that defines the functional goals, usage expectations, quality standards, and budget constraints of the project.",A list of manufacturer invoices used for tax accounting.,A wiring diagram created by the audio programmer.,B,"The OPR is developed at the project outset, capturing the owner's strategic vision and success metrics to guide the design and commissioning teams."
14,A,Domain A: Creating AV Solutions,Needs Analysis,A prospective client invites an AV integrator to tour their existing facility. What non-verbal information should the integrator observe during the site walkthrough?,How many employees are wearing corporate badges.,"How meeting rooms are currently being used (e.g. post-it notes covering webcams, cables dangling across floors, whiteboards rolled in front of screens).",The brand of office furniture in the cafeteria.,The paint manufacturer used on hallway walls.,B,"Physical artifacts (post-it notes over cameras, jury-rigged cables, makeshift signage) provide invaluable clues about usability failures and unaddressed user needs in current spaces."
15,A,Domain A: Creating AV Solutions,Needs Analysis,"During needs analysis for a high-school auditorium, the drama director insists on 24 wireless handheld microphones, but the budget can only support 12 channels of high-quality RF. What should the designer recommend?",Buy 24 extremely cheap unbranded microphones operating on illegal cellular frequencies.,"Advise purchasing 12 professional-grade channels with frequency coordination and an antenna distribution system, supplementing with wired microphones or phased expansion.",Cancel the entire sound reinforcement project.,Install one omnidirectional microphone in the center of the ceiling.,B,"Recommending reliable, compliant core systems with clean expansion pathways protects client investment and avoids RF interference and poor performance."
16,A,Domain A: Creating AV Solutions,Needs Analysis,Why is it essential to identify the 'Executive Sponsor' versus the 'Operational Users' during needs analysis?,The Executive Sponsor cares only about microphone models.,"The Executive Sponsor holds final budget authorization and strategic business objectives, while Operational Users define usability and day-to-day functional requirements.",Operational Users have the legal right to sign contractual change orders.,The Executive Sponsor must personally program the control system.,B,Balancing executive strategic vision and financial authority with ground-level operational requirements ensures the design satisfies both business goals and daily users.
17,A,Domain A: Creating AV Solutions,Needs Analysis,"When assessing user technical literacy during a needs analysis, what design outcome does low user literacy mandate?",Eliminating all technology from the room entirely.,"Designing an automated, high-abstraction user interface (e.g. one-touch 'Start Meeting' macros that handle lighting, display, and camera presets automatically).",Requiring all staff to pass an AVIXA CTS certification before booking the room.,Installing a 64-channel manual mixing console on the table.,B,Lower technical proficiency requires greater interface abstraction and macro automation to hide underlying engineering complexity from meeting participants.
18,A,Domain A: Creating AV Solutions,Needs Analysis,What is the risk of asking users only closed-ended (Yes/No) questions during needs discovery?,It increases the acoustic reverberation of the interview room.,It biases responses toward predefined technical solutions and prevents users from explaining their true operational workflows and unique challenges.,It violates local fire safety codes.,It causes the audio DSP to lose synchronization.,B,"Closed-ended questions constrain thinking; open-ended questions elicit genuine workflow descriptions, edge cases, and user frustrations."
19,A,Domain A: Creating AV Solutions,Needs Analysis,"A global corporation requests video conference spaces that can connect to Zoom, Microsoft Teams, and Webex without reconfiguration. What system architecture does this need suggest?",A locked-down proprietary codec that only supports one vendor.,An open-architecture USB BYOD interface or an interoperable multi-platform UC appliance supporting guest join protocols.,"Three separate display screens, each hardwired to a different platform PC.",An analog telephone hybrid mixer.,B,Multi-platform requirements dictate open-standard BYOD peripheral switching or agnostic UC gateway devices that support diverse SIP/WebRTC conferencing services.
20,A,Domain A: Creating AV Solutions,Needs Analysis,What is the final formal step of the Needs Analysis phase before detailed engineering begins?,Ordering hardware from manufacturers.,Presenting the Program Report to client stakeholders and obtaining formal written sign-off.,Pulling cable through wall conduits.,Conducting a 100-hour system burn-in test.,B,"Formal written sign-off on the Program Report locks in functional scope, space requirements, and budget, establishing a firm baseline before detailed schematic drafting."
21,A,Domain A: Creating AV Solutions,Needs Analysis,"If a client requests a video wall for an executive lobby that will be viewed by visitors standing as close as 3 feet (1 meter), what technical parameter must be prioritized?",A very large pixel pitch (e.g. 6.0 mm).,An ultra-fine pixel pitch (e.g. 0.9 mm to 1.2 mm) to prevent visible pixelation at close viewing distance.,High acoustic damping factor.,Analog composite video inputs.,B,"At a 3-foot viewing distance, visual acuity requires a sub-1.5mm pixel pitch so that the individual LED dots blend into a seamless image without visible pixel grid structure."
22,A,Domain A: Creating AV Solutions,Needs Analysis,"During stakeholder discovery, the facilities manager states that the corporate building has strict energy management policies requiring all electronics to shut down after hours. What functional requirement does this create?","The AV system must include automated scheduling, occupancy sensor integration, or network-based sleep macros to power down displays and amplifiers automatically.",The AV equipment must be unplugged manually by security guards every night.,The client must purchase diesel generators.,All equipment must operate on 9V batteries.,A,"Energy conservation mandates scheduled power automation via control processors, PoE scheduling, and occupancy sensor triggers to meet facility green building standards."
23,A,Domain A: Creating AV Solutions,Needs Analysis,"When gathering needs for an active learning university classroom with 8 student collaboration pods, what network requirement is critical?",A single unmanaged 4-port Ethernet switch.,"High-density Wi-Fi bandwidth, multicast AV-over-IP streaming support, and robust VLAN segmentation between student personal devices and campus administrative networks.",Analog 75-ohm coaxial cables running to every desk.,Dial-up modem connections.,B,"Active learning environments generate heavy multi-device wireless and multicast streaming traffic, requiring enterprise network infrastructure with proper VLAN isolation."
24,A,Domain A: Creating AV Solutions,Needs Analysis,What role does a 'Use Case' play in the AV Needs Analysis process?,It is an aluminum protective case used to transport microphones.,A structured narrative describing step-by-step how a specific actor (e.g. guest lecturer) interacts with the system to achieve a specific goal (e.g. share a mobile presentation).,A legal contract between the equipment manufacturer and distributor.,The mechanical calculation of rack load distribution.,B,"Use cases describe realistic operational scenarios, allowing engineers to test whether proposed designs actually accommodate real-world user behaviors."
25,A,Domain A: Creating AV Solutions,Needs Analysis,A client states that remote video participants frequently complain about room echo and hollow audio. What three environmental/system elements must the needs analysis examine?,"Projector lumen output, throw distance, and screen gain.","Room acoustic reverberation ($RT_{60}$), microphone placement relative to talkers, and proper DSP Acoustic Echo Cancellation (AEC) architecture.","Conduit fill capacity, AC voltage drop, and circuit breaker ratings.",The color of the conference table and chair fabric.,B,"Far-end echo and hollow audio stem from untreated acoustic reverberation, excessive distance between talkers and microphones, and improperly tuned AEC reference routing."
26,A,Domain A: Creating AV Solutions,Needs Analysis,"When interviewing a client about room usage, they state: 'We only meet in person; we never do video conferencing.' How should the AV designer document this in the Program Report?",Ignore the statement and specify high-end telepresence hardware anyway.,"Document local presentation and speech reinforcement as primary needs, but note infrastructure provisions (conduit/pathways/power) that allow adding conferencing in the future.",Advise the client that in-person meetings are obsolete.,Recommend that the room have no AV technology whatsoever.,B,Documenting current needs while designing infrastructure with expansion headroom protects the client from costly demolition if remote collaboration is required later.
27,A,Domain A: Creating AV Solutions,Needs Analysis,What is the consequence of failing to identify who manages the room scheduling software (e.g. Outlook/Exchange/Google Workspace) during needs analysis?,Ceiling microphone phantom power will fail to energize.,"The touchpanel room scheduling displays cannot be integrated or authenticated, preventing automated booking and meeting check-in.",The display aspect ratio defaults to 4:3.,Loudspeaker line voltage drops by 70%.,B,"Room scheduling integration requires early coordination with enterprise IT directory services (Exchange, M365, Google) to provision calendar accounts and security permissions."
28,A,Domain A: Creating AV Solutions,Needs Analysis,"During needs analysis for a courtroom AV system, which functional requirement is legally mandatory?",Dolby Atmos surround sound.,"Flawless audio recording fidelity, private side-bar conferencing muting, and hearing assistance compliance (ADA / assistive listening).",High-refresh-rate gaming monitors.,Wireless microphone charging on courtroom tables.,B,"Courtroom systems must guarantee accurate legal record capture, secure attorney-client speech privacy muting, and ADA-mandated assistive listening compliance."
29,A,Domain A: Creating AV Solutions,Needs Analysis,"When conducting an on-site interview, a stakeholder insists that the system must use consumer-grade smart TVs from a local retail store to save money. What technical risks should the designer highlight?",Consumer TVs have thicker glass that resists scratches.,"Consumer displays lack commercial warranties, have fragile power supplies not rated for 16-24 hr continuous use, lack RS-232/IP control locking, and feature glossy anti-reflective coatings that cause severe glare.",Consumer TVs are prohibited by the National Electrical Code.,Consumer TVs cannot display color video.,B,"Commercial displays feature robust power supplies, 3-year commercial warranties, RS-232/IP control protocols, matte anti-glare coatings, and portrait/landscape orientation support."
30,A,Domain A: Creating AV Solutions,Needs Analysis,"In AVIXA methodology, what is the 'Basis of Design' (BOD)?",The physical concrete slab beneath an equipment rack.,"A narrative document explaining the concepts, assumptions, calculations, and regulatory standards chosen to satisfy the Owner's Project Requirements (OPR).",A list of serial numbers for warranty registration.,The invoice sent to the client at project kickoff.,B,"The Basis of Design (BOD) articulates the engineering rationale, standards, and calculations that justify how the design fulfills the owner's operational goals."
31,A,Domain A: Creating AV Solutions,Needs Analysis,A museum curator requests an interactive exhibit display that can withstand unsupervised children touching the screen repeatedly. What physical specification must the designer include?,Standard consumer plastic bezel screens.,"Commercial vandal-resistant displays with thermally tempered, chemically bonded protective glass (e.g. IK08/IK10 impact rating) and optical touch digitizers.",Front projection onto painted drywall.,Cardboard protective covers.,B,Public/interactive exhibits require ruggedized touch technology with high impact ratings (IK08+) and optically bonded tempered glass to survive continuous physical abuse.
32,A,Domain A: Creating AV Solutions,Needs Analysis,"During needs discovery, the client expresses deep dissatisfaction with their existing system, calling it 'unreliable'. How should the designer investigate this statement?",Agree immediately and blame the previous integrator.,"Review the facility's historical maintenance and helpdesk logs to categorize whether failures were hardware defects, software/firmware bugs, or user operating errors.",Assume the client does not know how to operate electronics.,Double the price of the service contract.,B,"Analyzing service tickets and log history uncovers the root cause of dissatisfaction (e.g. recurring EDID drops, broken dongles, or poor UI) so the new design solves the real issue."
33,A,Domain A: Creating AV Solutions,Needs Analysis,"When gathering needs for an emergency operations center (EOC), what architectural infrastructure requirement is critical?",Decorative mood lighting.,"Redundant power (dual UPS feeds and emergency generator circuits), 24/7 continuous equipment duty ratings, and redundant network uplinks.",High-gain projection screens.,Ceiling-mounted disco balls.,B,"Emergency Operations Centers require mission-critical resiliency: 24/7/365 commercial component ratings, isolated dual power sources, and network failover architectures."
34,A,Domain A: Creating AV Solutions,Needs Analysis,A corporate training department requests that in-room presentations automatically mute and pause when a fire alarm is triggered. What inter-trade coordination is required during design?,Coordination between the AV control system designer and the building Fire Alarm Life-Safety contractor to install a certified relay interface.,Telling the client to press the mute button when they hear the alarm.,Placing a sound level meter next to the fire alarm horn.,Turning off the building Wi-Fi during fire drills.,A,"Life safety codes mandate that sound reinforcement systems mute during emergency evacuation broadcasts, requiring a certified dry contact closure from the master fire panel."
35,A,Domain A: Creating AV Solutions,Needs Analysis,Why should the AV designer assess whether a client's building is leased or owner-occupied during needs analysis?,Leased buildings cannot have audio equipment.,"Lease agreements frequently restrict permanent structural penetrations, ceiling modifications, or wall demolition, requiring surface pathways or demountable furniture solutions.",Tenant laws require all cables to be painted green.,Leased facilities must use wireless microphones only.,B,"Tenant improvement (TI) lease restrictions dictate whether contractors can core drill floors, anchor heavy loads to ceilings, or modify architectural elements."
36,A,Domain A: Creating AV Solutions,Needs Analysis,What is an 'Interview Matrix' used for during client needs analysis?,A tool used to solder microphone pins.,"A structured tabular worksheet that tracks requirements, priorities, and functional desires across different user departments and stakeholders to highlight consensus and conflict.",A matrix switcher that routes video signals.,A mathematical algorithm for video scaling.,B,"An interview matrix tabulates responses across departments (IT, HR, Sales, Facilities), providing a clear visual summary of shared needs and conflicting preferences."
37,A,Domain A: Creating AV Solutions,Needs Analysis,"In a multi-divisible ballroom with 4 partitions, what operational workflow must be defined during needs analysis?",How many tablecloths the banquet staff will use.,"The combination modes (e.g. Room A+B, C+D, All Combined) and whether partition sensor switches or touchpanel menus will trigger audio/video routing changes.",The physical weight of the air walls.,The color of the ceiling tiles.,B,"Divisible room workflows dictate matrix DSP architecture, partition tracking sensors, mix-minus microphone routing, and multi-touchpanel control behaviors."
38,A,Domain A: Creating AV Solutions,Needs Analysis,A client asks: 'Can we use our existing in-ceiling speakers from 1995 for our new high-end video conference room?' What is the BEST professional approach?,Agree immediately without testing to win the contract.,"Test the impedance, frequency response, and physical condition of the existing speakers, evaluating whether their dispersion and fidelity meet modern speech intelligibility standards.",Tell the client that all equipment older than 3 years is dangerous.,Rip them out without asking the client.,B,"Objective field evaluation (measuring impedance, distortion, and coverage) informs the client with hard data whether repurposing legacy hardware delivers acceptable performance."
39,A,Domain A: Creating AV Solutions,Needs Analysis,What functional document describes the step-by-step user journey when an employee walks into a meeting space and presents content?,The Concept of Operations (CONOPS) or User Workflow Narrative.,The conduit fill calculation sheet.,The bill of lading from the shipping carrier.,The manufacturer warranty registration card.,A,"The Concept of Operations (CONOPS) details the human operational workflow from entering the room to meeting completion, ensuring technology supports rather than obstructs user behavior."
40,A,Domain A: Creating AV Solutions,Needs Analysis,"When designing a hearing-accessible meeting room under the Americans with Disabilities Act (ADA), what requirement must be determined during needs analysis?","Providing an Assistive Listening System (ALS) such as RF, IR, or Hearing Loop (telecoil induction) with an appropriate number of receivers based on room seating capacity.",Turning up the volume of the main ceiling speakers to 100 dB.,Providing paper and pencils to all participants.,Installing flashing strobe lights on every microphone.,A,ADA Section 219 mandates that assembly areas requiring audio amplification must provide Assistive Listening Systems with certified receiver/neckloop quotas based on seating capacity.
41,A,Domain A: Creating AV Solutions,Needs Analysis,Why must ambient room temperature and solar heat gain through windows be analyzed during the programming phase?,To calculate how much water the technicians should drink.,"To determine whether thermal loads will degrade display equipment, wash out projection screens, or create uncomfortable room conditions for meeting participants.",To calculate the baud rate of the control system.,Solar heat changes the frequency of Cat6 network packets.,B,"High solar heat gain washes out video images, strains display cooling fans, and drives HVAC systems to blow turbulent noise into conference microphones."
42,A,Domain A: Creating AV Solutions,Needs Analysis,"What is 'Future-Proofing' in professional AV design, and how is it properly applied?",Overspending the client's budget on experimental prototype technology.,"Designing scalable infrastructure (oversized conduit pathways, spare switch ports, modular DSP frames, dark fiber) that allows future technology insertion without structural demolition.",Guaranteeing that hardware will never become obsolete.,Installing equipment from the year 2050.,B,"True future-proofing focuses on infrastructure: conduits with 40% spare capacity, spare rack units, and structured cabling backbones that accommodate future standard transitions."
43,A,Domain A: Creating AV Solutions,Needs Analysis,"When gathering needs for an educational lecture hall, what visual task requires analytical decision making (ADM)?",Watching a documentary video clip.,Reading slide presentation bullet points.,"Inspecting fine details on high-resolution geological maps, medical histology slides, or engineering CAD drawings.",Viewing the university logo on the splash screen.,C,"Inspecting subtle, high-density visual data where individual pixels carry critical meaning (medical slides, engineering CAD) is classified under DISCAS as Analytical Decision Making."
44,A,Domain A: Creating AV Solutions,Needs Analysis,What is the ultimate measure of success for an AV project upon completion?,The integrator made a high profit margin.,"The system satisfies the user's business tasks, operates intuitively and reliably, and achieves high adoption and client satisfaction.",Every piece of equipment is from the same manufacturer.,The project used 100% of the allocated conduit fill.,B,AVIXA methodology measures success by human outcomes: whether the technology effectively solves the client's communication and business challenges with high usability and reliability.
45,A,Domain A: Creating AV Solutions,Needs Analysis,Who should formally author the AV Program Report?,The equipment manufacturer's sales department.,The AV Design Professional / Consultant in collaboration with project stakeholders.,The electrical subcontractor's apprentice.,The building security guard.,B,"The qualified AV design professional synthesizes client stakeholder interviews, environmental surveys, and technical criteria into the official Program Report."
46,A,Domain A: Creating AV Solutions,Project Phases & Documentation,"In standard architectural construction progression, what is the correct chronological sequence of design phases?",Construction Documents (CD) -> Schematic Design (SD) -> Design Development (DD) -> Bidding,Programming / Needs Analysis -> Schematic Design (SD) -> Design Development (DD) -> Construction Documents (CD) -> Bidding / Procurement,Bidding -> Construction Administration -> Schematic Design -> Needs Analysis,Commissioning -> Schematic Design -> Design Development -> Construction Documents,B,Standard architectural project lifecycle follows: Programming -> Schematic Design (SD) -> Design Development (DD) -> Construction Documents (CD) -> Bidding -> Construction Administration (CA) -> Closeout.
47,A,Domain A: Creating AV Solutions,Project Phases & Documentation,What is the primary deliverable produced during the Schematic Design (SD) phase of an AV project?,Detailed pin-to-pin wiring termination diagrams and exact screw schedules.,"Conceptual space plans, preliminary system narratives, block flow diagrams, and rough-order-of-magnitude (ROM) cost estimates.",The final commissioning punch list.,The manufacturer warranty certificates.,B,"Schematic Design establishes conceptual feasibility: defining overall system architecture, spatial adjacencies, and preliminary budgets to validate architectural planning."
48,A,Domain A: Creating AV Solutions,Project Phases & Documentation,"During which architectural phase are exact equipment rack elevations, conduit sizes, cable schedules, and detailed specifications finalized for contractor bidding?",Programming Phase.,Schematic Design (SD) Phase.,Construction Documents (CD) Phase.,Post-Occupancy Evaluation Phase.,C,"The Construction Documents (CD) phase produces fully detailed drawings, technical specifications, and conduit/power layouts that contractors bid on and construct from."
49,A,Domain A: Creating AV Solutions,Project Phases & Documentation,What is an RFI in the context of commercial AV construction management?,Radio Frequency Interference.,"Request for Information: a formal written inquiry submitted by a contractor seeking clarification on ambiguous drawings, conflicting specifications, or field discrepancies.",Rack Frame Inspection certificate.,Remote Firmware Installation protocol.,B,An RFI (Request for Information) formally documents queries from contractors to architects/engineers when drawings conflict or field conditions deviate from plans.
50,A,Domain A: Creating AV Solutions,Project Phases & Documentation,"During installation, a technician discovers that an HVAC duct obstructs a proposed projector ceiling mount. What formal procedure must the AV Project Manager follow?",Cut a hole through the HVAC duct without telling anyone.,Submit an RFI to the General Contractor and Architect documenting the physical clash and proposing an alternative mounting coordinate or lens throw ratio.,Cancel the project and abandon the site.,Mount the projector on the floor.,B,Contractual clashes require a formal RFI to the GC/Architect so the design team can coordinate structural/mechanical adjustments without unauthorized field alterations.
51,A,Domain A: Creating AV Solutions,Project Phases & Documentation,"What is a 'Change Order' (CO), and when must it be executed?",A verbal agreement between two technicians over the phone.,"A formal, written amendment to the contract that details modifications to the scope of work, cost, and schedule, signed by authorized representatives BEFORE work begins.",An invoice sent after the project is completed.,A software update installed on a touchpanel.,B,"Any deviation affecting cost, schedule, or contractual deliverables requires a formal Change Order signed by authorized client and integrator representatives prior to execution."
52,A,Domain A: Creating AV Solutions,Project Phases & Documentation,"While rough-in is underway, the client asks an AV technician to pull extra audio cabling for a future outdoor patio. What should the technician do?",Immediately pull the cable as a courtesy without logging it.,Refuse aggressively and insult the client.,"Notify the AV Project Manager so a formal Change Order can be drafted detailing equipment costs, labor hours, and schedule impact for client approval.",Tell the electrical contractor to do it.,C,"Informal 'favors' represent unapproved scope creep, causing uncompensated labor and liability risks. Technicians must route scope changes through the PM for a formal Change Order."
53,A,Domain A: Creating AV Solutions,Project Phases & Documentation,What are 'Submittals' (Shop Drawings and Product Data) in commercial AV contracting?,Drawings submitted by the client showing their office furniture layout.,"Detailed technical drawings, rack elevations, wiring schematics, and manufacturer cut sheets prepared by the AV contractor to demonstrate to the design engineer how they intend to fulfill contract requirements.",Receipts for tools purchased by installers.,Monthly progress invoices submitted for payment.,B,"Submittals allow the consulting engineer / architect to review and approve the contractor's specific equipment choices, fabrication methods, and schematics before purchasing."
54,A,Domain A: Creating AV Solutions,Project Phases & Documentation,What is the difference between 'Design-Bid-Build' and 'Design-Build' project delivery methods?,Design-Bid-Build uses analog signals; Design-Build uses digital signals.,"In Design-Bid-Build, an independent consultant designs the system and produces bid documents for competitive bidding by integrators; in Design-Build, a single entity is contracted for both design and installation.",Design-Build is prohibited by AVIXA standards.,Design-Bid-Build is only used for residential home theaters.,B,"Design-Bid-Build separates design from construction across distinct contracts, whereas Design-Build consolidates both responsibilities under a single turnkey contractor."
55,A,Domain A: Creating AV Solutions,Project Phases & Documentation,"What document defines the precise legal deliverables, milestones, exclusions, and labor responsibilities agreed upon by the AV integrator and client?",The Scope of Work (SOW).,The manufacturer's hardware brochure.,The building evacuation map.,The serial number barcode label.,A,"The Scope of Work (SOW) is the contractual cornerstone defining what is provided, what is excluded, completion timelines, and performance criteria."
56,A,Domain A: Creating AV Solutions,Project Phases & Documentation,"What are 'As-Built Drawings' (Record Drawings), and why are they critical at project closeout?",Conceptual sketches drawn during the first client interview.,"Drawings updated to reflect the exact, final installed conditions, including actual cable routes, equipment serial numbers, IP/MAC addresses, and field wiring modifications.",Marketing renderings used in sales brochures.,Standard generic architectural templates.,B,"As-Builts document exact physical reality post-installation, providing indispensable reference documentation for ongoing maintenance, troubleshooting, and future retrofits."
57,A,Domain A: Creating AV Solutions,Project Phases & Documentation,"In MasterFormat specifications (CSI), what information is found in 'Section 27 41 00'?",Structural steel framing.,"Audio-Video Systems (commercial audiovisual systems, infrastructure, and control).",Plumbing fixtures and piping.,HVAC duct insulation.,B,"CSI MasterFormat Division 27 covers Communications, with Section 27 41 00 specifically governing commercial Audio-Video Systems and specifications."
58,A,Domain A: Creating AV Solutions,Project Phases & Documentation,"What are 'Specification Divisions' 1, 2, and 3 in standard CSI 3-part specifications (e.g. Section 27 41 00)?","Part 1: General (administrative/scope/submittals); Part 2: Products (equipment standards); Part 3: Execution (installation, testing, commissioning).",Part 1: Audio; Part 2: Video; Part 3: Control.,Part 1: Low Voltage; Part 2: Medium Voltage; Part 3: High Voltage.,Part 1: North; Part 2: South; Part 3: East.,A,"CSI 3-Part specification sections always follow: Part 1 - General (submittals/warranties), Part 2 - Products (hardware criteria), and Part 3 - Execution (installation/testing)."
59,A,Domain A: Creating AV Solutions,Project Phases & Documentation,What is a 'Punch List' created during the final commissioning inspection?,A list of employees who worked on the job site.,"An itemized list of incomplete, non-functional, damaged, or non-compliant items compiled by the consultant/owner that the contractor must rectify before final payment.",A list of tools left in the equipment rack.,The packing slip from the freight delivery company.,B,"The punch list identifies missing faceplates, defective ports, paint scratches, or programming bugs requiring contractor correction prior to final closeout sign-off."
60,A,Domain A: Creating AV Solutions,Project Phases & Documentation,What does 'Substantial Completion' signify in an AV construction contract?,The project is 50% finished.,The stage where the system is sufficiently complete and functional in accordance with the contract documents so that the owner can occupy and utilize the space for its intended purpose.,All warranty claims have expired.,The contractor has ordered the hardware from distributors.,B,"Substantial Completion marks the milestone where the owner can operationalize the room, typically triggering warranty start dates and release of retainage, minus punch list holdbacks."
61,A,Domain A: Creating AV Solutions,Project Phases & Documentation,What is 'Retainage' (Holdback) in commercial construction contracts?,A percentage of each progress payment (typically 5% to 10%) withheld by the owner until all punch list items and closeout deliverables are fully completed and accepted.,Money retained by the contractor to buy snacks for the crew.,An insurance policy against equipment theft.,A penalty fee charged by the electrical contractor.,A,"Retainage incentivizes contractors to complete final closeout deliverables, training, and punch list remediation before receiving final contractual disbursement."
62,A,Domain A: Creating AV Solutions,Project Phases & Documentation,What is an 'Operations and Maintenance' (O&M) Manual?,A manufacturer's marketing brochure.,"A comprehensive project binder delivered at closeout containing as-built drawings, equipment manuals, warranties, maintenance schedules, IP lists, and system passwords.",The personal diary of the lead technician.,The building permit issued by the city inspector.,B,"The O&M Manual serves as the definitive reference archive for client facilities and IT teams to operate, maintain, and service the completed installation."
63,A,Domain A: Creating AV Solutions,Project Phases & Documentation,What is the primary function of a 'Commissioning Agent' (CxA) on an AV project?,To sell extended warranties to the client.,To act as an independent quality assurance professional verifying and documenting that all AV systems perform according to contract specifications and design intent.,To install copper cabling inside conduits.,To program the touchpanel graphics.,B,"Commissioning agents provide objective quality verification, systematically validating performance metrics (contrast, SPL, frequency response, macro logic) prior to turnover."
64,A,Domain A: Creating AV Solutions,Project Phases & Documentation,What does an 'Addendum' represent during the Bidding phase of a construction project?,An addition to the equipment rack.,"A formal written clarification, correction, or revision to the bid documents issued to all bidding contractors prior to the bid closing deadline.",A bill sent to unsuccessful bidders.,An extra fee added to the contractor's invoice.,B,"Addenda modify bidding documents during the bid window, ensuring all competing contractors submit proposals based on identical updated scope information."
65,A,Domain A: Creating AV Solutions,Project Phases & Documentation,What is a 'Value Engineering' (VE) proposal during the bidding or design development phase?,Removing all AV equipment from the project.,A systematic analysis proposing alternative equipment or design methods that reduce cost or build time while preserving core functional performance and quality.,Using broken equipment to save money.,Billing the client twice for the same hardware.,B,Value Engineering (VE) identifies cost-saving design substitutions (e.g. standardizing display models or optimizing cable paths) without compromising required functionality.
66,A,Domain A: Creating AV Solutions,Project Phases & Documentation,What document is issued by an architect or owner to request pricing for a proposed scope change before issuing a formal Change Order?,Proposal Request (PR) or Request for Quote (RFQ).,Final Certificate of Payment.,Notice of Default.,Bill of Materials.,A,A Proposal Request (PR) asks the contractor to calculate cost and schedule impacts of a potential change before the owner formally authorizes a Change Order.
67,A,Domain A: Creating AV Solutions,Project Phases & Documentation,What is 'Demarcation of Work' in construction specifications?,Painting a line on the floor with yellow tape.,Clearly defining which trade contractor is legally responsible for specific physical deliverables (e.g. Electrical Contractor provides conduit/boxes; AV Contractor pulls cable and mounts hardware).,The line where the projection beam hits the wall.,The boundary where Wi-Fi signals stop.,B,"Demarcation prevents gaps and duplicate costs by explicitly stating who provides backboxes, conduit, 120V power, network drops, and ceiling reinforcement."
68,A,Domain A: Creating AV Solutions,Project Phases & Documentation,"If the AV contractor installs a display mount and the drywall collapses because the general contractor failed to install wood backing, who is responsible according to standard trade coordination?","The AV contractor, if they failed to verify backing presence and did not submit a field verification notice or pre-install checklist discrepancy.",The building janitor.,The display manufacturer.,The city mayor.,A,Installers must verify that required backing/blocking is present before hanging heavy loads; mounting to unverified drywall constitutes installer negligence.
69,A,Domain A: Creating AV Solutions,Project Phases & Documentation,What is a 'Schedule of Values' (SOV) submitted by an AV contractor at project kickoff?,A list of personal ethical values held by the company.,"A detailed breakdown of the total contract sum into discrete line items (milestones, labor phases, equipment categories) used as the basis for progress payment billings.",A catalog of equipment discounts.,A schedule of employee holiday parties.,B,"The Schedule of Values allocates contract amounts across construction phases, allowing progress billings to be certified objectively based on completed milestones."
70,A,Domain A: Creating AV Solutions,Project Phases & Documentation,What is an 'Application for Payment' (e.g. AIA Document G702/G703)?,A job application submitted by an apprentice technician.,"A formal contractor pay application itemizing completed work percentages and stored materials, certified by the architect/engineer for disbursement.",A loan request sent to a bank.,A receipt from a local electronics store.,B,"AIA G702/G703 documents standardize monthly contractor billing, requiring architect/consultant certification that stated work percentages are physically complete on site."
71,A,Domain A: Creating AV Solutions,Project Phases & Documentation,What is 'Unconditional Final Lien Waiver' delivered at project closeout?,A waiver allowing the contractor to take equipment back.,"A legal document signed by the contractor and suppliers certifying that all labor, materials, and subcontractors have been paid in full, releasing the owner's property from mechanics' liens.",A parking permit for the job site.,A waiver of all equipment warranties.,B,"Final lien waivers protect property owners from unpaid subcontractor claims, legally closing financial liability upon final disbursement."
72,A,Domain A: Creating AV Solutions,Project Phases & Documentation,What is the purpose of an 'Acceptance Test Plan' (ATP)?,To test the client's patience.,"A documented, step-by-step testing protocol that defines the exact functional tests, pass/fail criteria, and measurement standards required to prove contractual compliance.",A personality test for the installation crew.,A test measuring internet download speeds.,B,"The ATP outlines objective verification procedures (video test patterns, SPL measurements, control macro execution) agreed upon before commissioning begins."
73,A,Domain A: Creating AV Solutions,Project Phases & Documentation,What does 'Certificate of Occupancy' (CO) mean in construction?,A certificate showing how many chairs fit in the room.,"A document issued by the local building code authority certifying that the building complies with all health, fire, and safety codes and is legally approved for human occupancy.",An AVIXA certificate awarded to the project manager.,A software license for video conferencing.,B,"The municipal Certificate of Occupancy authorizes legal occupancy of the facility after building, fire, and electrical inspectors approve life safety systems."
74,A,Domain A: Creating AV Solutions,Project Phases & Documentation,What is an 'As-Built Cable Schedule'?,A timetable of when cables were pulled.,"A tabulated record documenting every installed cable's unique ID tag, cable type, origin device/port, destination device/port, pathway, and tested length.",A schedule of manufacturer cable discounts.,A list of broken cables discarded in the trash.,B,"Cable schedules cross-reference alphanumeric wire tags with source/destination ports, enabling rapid tracing during maintenance without opening ceiling pathways."
75,A,Domain A: Creating AV Solutions,Project Phases & Documentation,What does an 'Exclusion List' in an AV Scope of Work specify?,Employees who are not allowed in the building.,"Items explicitly NOT provided by the AV contractor (e.g. conduit installation, 120V AC electrical branch circuits, wall backing, millwork cuts, network patch drops).",Defective hardware that cannot be sold.,Software brands that the integrator refuses to install.,B,"Exclusion lists protect integrators from liability and scope creep by clearly defining what must be provided by other trades (electrical, general contractor, IT)."
76,A,Domain A: Creating AV Solutions,Project Phases & Documentation,What is a 'Milestone Schedule' in project management?,A list of distances measured in miles.,"A timeline highlighting key project checkpoints and critical completion dates (e.g. Rough-In Complete, Racks Delivered, Substantial Completion, Closeout).",A schedule of technician driving routes.,A calendar of manufacturer webinar dates.,B,"Milestone schedules align multi-trade dependencies, tracking critical handoff points between general construction, electrical trades, and AV integration."
77,A,Domain A: Creating AV Solutions,Project Phases & Documentation,"What is 'Scope Creep', and why is it dangerous to an AV integration business?",A slow-moving cable inside a wall conduit.,"The gradual, uncontrolled expansion of project scope without corresponding adjustments to budget, time, or resources, eroding project profitability and causing schedule delays.",An insect infestation in an equipment rack.,A drop in video frame rate from 60 Hz to 24 Hz.,B,Scope creep occurs when contractors perform 'minor' unbilled client favors that accumulate into significant uncompensated labor hours and project losses.
78,A,Domain A: Creating AV Solutions,Project Phases & Documentation,What is a 'Kickoff Meeting' in AV project management?,A meeting where technicians play soccer.,"The initial coordination meeting between the client, AV project team, GC, and trades to review scope, milestones, communication protocols, site rules, and safety plans.",A meeting held to terminate a contractor.,A meeting to unbox the equipment.,B,"The kickoff meeting aligns expectations, establishes communication chains of command, reviews site safety rules, and confirms schedule dependencies before field work starts."
79,A,Domain A: Creating AV Solutions,Project Phases & Documentation,What is a 'Daily Field Report' (Daily Log) completed by the lead technician?,A journal describing what the technician ate for lunch.,"A written daily record documenting site conditions, headcount on site, tasks completed, deliveries received, trade delays, and communication with other contractors.",An invoice sent to the client daily.,A document used to register product serial numbers.,B,"Daily field logs provide contemporaneous legal documentation of job site progress, weather impacts, and trade conflicts if claims or delay disputes arise."
80,A,Domain A: Creating AV Solutions,Project Phases & Documentation,What does 'AIA Document A201' represent in construction contracting?,"General Conditions of the Contract for Construction, establishing standard rights, responsibilities, and relationships among owner, contractor, and architect.",An application for an audio engineering license.,A building plan for residential garages.,A wiring diagram for 70V loudspeakers.,A,"AIA A201 is the industry-standard benchmark governing legal relationships, change order processes, dispute resolution, and payment protocols in commercial construction."
81,A,Domain A: Creating AV Solutions,Project Phases & Documentation,What is the difference between an 'Express Warranty' and an 'Implied Warranty'?,Express warranties are delivered by courier; implied warranties are sent by email.,An express warranty is an explicit written guarantee of quality and performance stated in the contract; an implied warranty is an unwritten obligation imposed by law (e.g. merchantability/fitness for purpose).,Express warranties only cover hardware; implied warranties only cover software.,There is no legal difference.,B,"Express warranties are explicitly written commitments in the sales contract, whereas implied warranties are legal protections that goods are fit for ordinary commercial use."
82,A,Domain A: Creating AV Solutions,Project Phases & Documentation,What is a 'Subcontractor Agreement'?,An agreement to purchase sandwiches for the job site.,"A binding contract between the primary AV contractor and a specialized third-party vendor (e.g. independent control programmer, structural rigger) defining scope and terms.",A document used to cancel a project.,A warranty registration form.,B,"Subcontractor agreements legally bind specialized third parties to the primary contractor's scope, insurance standards, and delivery deadlines."
83,A,Domain A: Creating AV Solutions,Project Phases & Documentation,What is an 'Equipment Staging and Burn-In' phase before delivery to the job site?,Setting equipment on fire to test flame ratings.,"Assembling, wiring, programming, and continuously powering equipment in the integrator's facility for 24-72 hours to detect infant mortality defects prior to field installation.",Storing equipment in an unheated outdoor warehouse.,Shipping equipment directly to the client's home.,B,"Off-site rack fabrication and 48-72 hour burn-in catches defective hardware, firmware incompatibilities, and wiring bugs in a controlled shop before wasting expensive site hours."
84,A,Domain A: Creating AV Solutions,Project Phases & Documentation,What is a 'Notice to Proceed' (NTP)?,A yellow warning light on an equipment rack.,A formal notification from the owner or general contractor authorizing the contractor to begin work and legally initiating the contract timeline.,A parking violation ticket issued to a company vehicle.,A request to stop all construction immediately.,B,"The Notice to Proceed (NTP) officially authorizes the contractor to mobilize resources, incur expenses, and commence physical work under the contract."
85,A,Domain A: Creating AV Solutions,Project Phases & Documentation,What is a 'Closeout Checklist' in AV project management?,A list of doors to lock at the end of the day.,"A formal checklist verifying that all contractual closeout deliverables (as-builts, O&M manuals, warranty certificates, code backups, punch list sign-offs, training) are completed.",A checklist used to pack tools into the work van.,A list of items sold at an auction.,B,The closeout checklist guarantees that every administrative and technical requirement is satisfied before releasing retainage and closing the project file.
86,A,Domain A: Creating AV Solutions,Site Survey & Coordination,"During a pre-construction site survey, the AV designer discovers that the electrical contractor has installed high-voltage 277V lighting conduits running parallel and touching low-voltage AV conduits for 40 feet. What action must the AV designer take?",Ignore it because metal conduit shields 100% of electromagnetic fields.,Submit an RFI / Coordination notice citing code and design standards requiring physical separation (minimum 6 to 12 inches) between low-voltage signal conduits and high-voltage power conduits.,Cut the lighting conduits with a hacksaw.,Wrap the conduit in electrical tape.,B,Running low-voltage signal lines parallel to high-voltage lighting lines induces severe electromagnetic interference (60Hz hum and dimmer hash). Physical separation is mandatory.
87,A,Domain A: Creating AV Solutions,Site Survey & Coordination,"An AV installation team arrives on site to mount an 85-inch interactive touch display weighing 130 lbs. Upon inspecting the drywall partition, they find no wood blocking or plywood reinforcement behind the studs. What should the lead technician do?",Use plastic drywall toggle bolts and mount the screen immediately.,"Stop mounting work, notify the AV Project Manager, and request that the General Contractor open the wall and install certified structural backing before proceeding.",Glue the display to the drywall with construction adhesive.,Hang the display from the drop-ceiling acoustic grid.,B,Heavy interactive displays endure dynamic pulling force from touch interactions. Mounting to unreinforced drywall risks catastrophic structural failure and personal injury.
88,A,Domain A: Creating AV Solutions,Site Survey & Coordination,"During a conference room site survey, ambient noise is measured at NC 44, dominated by low-frequency HVAC rumble from a nearby mechanical room. The project target is NC 30. Who must the AV designer coordinate with to resolve this issue?",The commercial paint contractor.,"The Mechanical / HVAC Engineer and Architect to specify duct silencers, acoustic duct lining, and lower airflow diffuser velocity.",The telecom fiber optic provider.,The furniture supplier.,B,"HVAC noise can only be resolved at the source through mechanical engineering: adding duct silencers, lowering duct velocity, or isolating mechanical chillers."
89,A,Domain A: Creating AV Solutions,Site Survey & Coordination,"Who is contractually responsible for providing and installing in-wall conduits, floor junction boxes, and dedicated 20A AC branch circuits in standard commercial construction?",The AV software programmer.,The Electrical Contractor (EC) based on AV engineering coordination drawings.,The furniture delivery driver.,The corporate human resources director.,B,"The Electrical Contractor provides electrical infrastructure (conduit, pull boxes, high-voltage wiring, receptacles) per the architect/engineer's drawings."
90,A,Domain A: Creating AV Solutions,Site Survey & Coordination,Who is responsible for cutting precise custom cable pass-through grommets into an expensive custom conference table?,The lead AV technician using a hand jigsaw on the first day of installation.,"The millwork / furniture contractor in their fabrication shop, based on approved AV cut sheets and template drawings.",The building security guard.,The display manufacturer.,B,"Custom architectural millwork must be cut by the furniture contractor using factory CNC equipment to maintain warranty and finish quality, following AV templates."
91,A,Domain A: Creating AV Solutions,Site Survey & Coordination,"While surveying an existing dropped ceiling, a technician observes that the space above the acoustic tiles is utilized as an open environmental air return plenum. What cable rating must be specified for all exposed cabling in this space?",CM (General Purpose Communications).,CMR (Communications Riser).,CMP (Communications Plenum).,Untested speaker wire.,C,"Plenum spaces circulate return air throughout occupied building zones; NEC mandates CMP cabling with fire-resistant, low-smoke fluoropolymer jackets to protect human life."
92,A,Domain A: Creating AV Solutions,Site Survey & Coordination,"An AV technician measures the AC power outlet dedicated to the AV rack and discovers 120V between Hot and Neutral, 120V between Hot and Ground, and 14V AC between Neutral and Ground. What does the 14V Neutral-to-Ground reading indicate?",A perfectly wired electrical receptacle.,"A shared neutral, high-resistance neutral connection, or excessive neutral current on the circuit that must be investigated and corrected by the Electrical Contractor.",The building is receiving three-phase power.,The circuit breaker is oversized.,B,A properly bonded receptacle should show < 2V AC between Neutral and Ground. A 14V reading indicates high resistance or shared neutral loads that cause hum and equipment damage.
93,A,Domain A: Creating AV Solutions,Site Survey & Coordination,"During a site survey in an existing commercial building, an AV designer measures an ambient light level of 60 foot-candles directly washing out the proposed projection screen wall. What design solution is MOST appropriate?",Increase the projector throw distance to 50 feet.,"Specify an Ambient Light Rejecting (ALR) optical projection screen or switch to a high-brightness commercial direct-view LED/LCD display, paired with architectural zoning of overhead light fixtures.",Ask the client to hold meetings exclusively at night.,"Reduce the projector lumen rating to 1,000 lumens to save energy.",B,"60 foot-candles is bright ambient lighting. Solutions require high-brightness emissive displays or ALR screens, plus electrical coordination to add separate switching/dimming zones over the screen."
94,A,Domain A: Creating AV Solutions,Site Survey & Coordination,An AV designer measures a room reverberation time ($RT_{60}$) of 1.8 seconds in a concrete-and-glass executive board conference room. The target for teleconferencing is 0.5 seconds. What is the designer's BEST course of action?,Turn down the volume of the in-room ceiling loudspeakers.,Recommend to the architect and client that acoustic absorption panels (NRC $\ge$ 0.85) and carpet be integrated into the room design to lower reverberation.,Install four subwoofers in the corners of the room.,Switch all video cameras to 4K resolution.,B,High $RT_{60}$ in reflective rooms severely impairs speech intelligibility and conferencing AEC. Adding sound-absorbing acoustic wall/ceiling treatments is mandatory.
95,A,Domain A: Creating AV Solutions,Site Survey & Coordination,"What is the Sound Transmission Class (STC) rating, and why is it critical when surveying perimeter walls adjacent to executive conference rooms?",It measures the speed of sound through the air in meters per second.,"It is an integer rating of how well a building wall/partition attenuates airborne sound between adjacent rooms, essential for verifying speech privacy and preventing hallway noise bleed.",It measures the electrical resistance of the building grounding bus.,It measures the thermal dissipation of video displays.,B,STC quantifies partition sound isolation. High STC ratings (STC 50+) prevent confidential conference discussions from being overheard in adjoining corridors.
96,A,Domain A: Creating AV Solutions,Site Survey & Coordination,"During a site survey, an AV designer notices that an equipment closet housing 3,000 Watts of planned AV gear has no dedicated supply or return HVAC ducts. What should the designer do FIRST?",Proceed with the design and assume the closet will stay cool on its own.,"Calculate the total heat dissipation in BTU/hr ($3,000 \times 3.412 = 10,236 \text{ BTU/hr}$) and submit an RFI/Coordination notice to the Mechanical Engineer requesting dedicated cooling or active rack exhaust.",Tell the client to leave the closet door permanently propped open.,Place a desktop fan on the floor inside the closet.,B,"Electronics generate heat ($1\text{W} \approx 3.412\text{ BTU/hr}$). Unventilated closets rapidly overheat, causing semiconductor degradation and thermal shutdowns. Mechanical coordination is essential."
97,A,Domain A: Creating AV Solutions,Site Survey & Coordination,"When surveying a ceiling space for an in-ceiling projection screen and projector lift, what structural clearance must be verified before completing the design?","The distance between the ceiling and the building roof or floor slab above, ensuring no plumbing pipes, electrical conduit, or structural beams obstruct the equipment housing.",The color of the ceiling tile grid.,The Wi-Fi signal strength at ceiling height.,The brand of carpet beneath the ceiling.,A,"Ceiling plenum cavities frequently contain concealed mechanical pipes, electrical raceways, and structural trusses that clash with deep motorized screen and lift housings."
98,A,Domain A: Creating AV Solutions,Site Survey & Coordination,What does the Noise Criterion (NC) curve specify when evaluating ambient room noise during an AV site survey?,The number of network computers operating on the LAN.,"A single-number rating representing the maximum permissible background noise level across standard octave frequency bands, primarily generated by building HVAC equipment.",The maximum number of ceiling speakers allowed per amplifier channel.,The angle of the projector optical lens.,B,"Noise Criterion (NC) curves establish octave-band acoustic thresholds for continuous background HVAC noise (e.g. NC 25-30 for conference rooms, NC 20 for recording studios)."
99,A,Domain A: Creating AV Solutions,Site Survey & Coordination,An AV designer conducts an acoustic survey of an auditorium and measures an ambient noise level of NC 48. What effect will this have on speech intelligibility?,It will improve voice clarity by adding white noise.,"HVAC rumble will mask quiet speech consonants, forcing talkers to strain their voices and significantly reducing the Speech Transmission Index (STI).",It will cause video signals on HDMI cables to drop frames.,It will double the acoustic gain of the microphone.,B,"High background noise (NC 48) masks critical speech consonant frequencies (2 kHz to 4 kHz), making words unintelligible unless excessive amplification is applied."
100,A,Domain A: Creating AV Solutions,Site Survey & Coordination,What is the difference between Sound Transmission Class (STC) and Noise Reduction Coefficient (NRC)?,STC measures sound isolation through a wall/partition; NRC measures sound absorption on surfaces within a room to control reverberation.,STC is for analog audio; NRC is for digital audio.,STC measures video resolution; NRC measures audio volume.,They are completely identical acoustic ratings.,A,STC measures barrier transmission loss (stopping sound from traveling into the next room). NRC measures internal surface absorption (preventing echoes inside the room).
101,A,Domain A: Creating AV Solutions,Site Survey & Coordination,An AV designer is reviewing architectural floor plans and notices that the conference room is located directly beneath the building's central chiller and mechanical pump room. What acoustic risk must be addressed?,Excessive optical reflections on the display.,Structure-borne vibration and low-frequency rumble transmitting through the ceiling slab into the room and microphone capsules.,Interference with Bluetooth audio signals.,Overheating of Cat6 data cables.,B,"Heavy rotating machinery transmits low-frequency structure-borne vibration through structural concrete slabs, requiring spring isolators and floating ceiling construction."
102,A,Domain A: Creating AV Solutions,Site Survey & Coordination,"When surveying a historical landmark building for an AV installation, what unique constraint frequently dictates equipment selection?","Historic regulations often prohibit cutting plaster walls, drilling floors, or adding visible ceiling conduit, requiring wireless transmission, under-carpet flat cables, or surface raceways.",The building cannot have high-speed internet.,All displays must be black-and-white.,Audio must be limited to 50 dB SPL.,A,"Historical preservation covenants strictly restrict architectural penetrations, requiring non-invasive mounting and alternative pathway strategies."
103,A,Domain A: Creating AV Solutions,Site Survey & Coordination,Who is responsible for verifying that floor core drill penetrations for table AV boxes do not sever pre-stressed structural post-tension cables in a concrete slab?,The AV installation apprentice with a handheld hammer drill.,"The General Contractor and a certified structural concrete scanning / X-ray imaging specialist, with approval from the Structural Engineer.",The audio mixing console programmer.,The building receptionist.,B,Severing post-tension structural steel cables during floor coring causes catastrophic slab failure and building collapse. Ground penetrating radar (GPR) scanning is mandatory.
104,A,Domain A: Creating AV Solutions,Site Survey & Coordination,"During a site survey, what tool is standard for measuring illuminance (incident light falling on a screen or table surface)?",A laser distance rangefinder.,A calibrated Light Meter (Lux / Foot-Candle Meter).,An audio sound level meter.,A multimeter set to continuity.,B,"Photometers/Light meters measure incident illuminance in Lux or Foot-Candles ($1\text{ fc} = 10.76\text{ lux}$), essential for DISCAS and PISCR contrast calculations."
105,A,Domain A: Creating AV Solutions,Site Survey & Coordination,"During a site survey, what tool is used to measure ambient sound pressure levels across frequency bands?",An Optical Power Meter.,A Type 1 or Type 2 Sound Level Meter (SLM) with Real-Time Octave Band Analyzer (RTA).,A Time Domain Reflectometer.,A cable toner wand.,B,Sound Level Meters with RTA analysis measure SPL across octave bands to determine Noise Criterion (NC) curves and ambient noise floors.
106,A,Domain A: Creating AV Solutions,Site Survey & Coordination,"When measuring ambient sound in a space intended for teleconferencing, why should the technician take measurements with HVAC running at maximum cooling, medium, and completely off?",To test the battery life of the sound level meter.,To identify the specific noise contribution and spectrum of the mechanical air handling system under worst-case operational conditions.,To calculate how much electrical power the room uses.,To adjust the brightness of the room displays.,B,"Measuring across HVAC states isolates mechanical fan/diffuser noise from ambient environmental noise, verifying compliance with NC criteria."
107,A,Domain A: Creating AV Solutions,Site Survey & Coordination,"What is an 'Isolated Ground' (IG) AC electrical receptacle, and what visual marking identifies it?",An outlet painted black with no ground wire.,An outlet where the grounding contact is electrically isolated from the mounting strap/conduit and wired with an insulated ground conductor directly back to the service panel; identified by an orange triangle.,An outlet that only works during power outages.,An outlet with two prongs only.,B,"IG receptacles (marked with an orange triangle) run a dedicated green/yellow ground wire all the way back to the service ground bus, isolated from noisy conduit grounds."
108,A,Domain A: Creating AV Solutions,Site Survey & Coordination,Why is it critical for an AV designer to coordinate with the lighting designer on fixture placement relative to a projection screen?,Because lights make the room too quiet.,Direct light from overhead downlights washing down the screen surface destroys black levels and image contrast; fixtures directly above the screen should be circuited separately or removed.,Lighting ballasts change the aspect ratio of projectors.,Projector lenses reflect light back into the light fixtures.,B,"Incident light on a projection screen reflects back to the audience as white, degrading contrast. Lighting must be circuited separately to allow dimming over screens."
109,A,Domain A: Creating AV Solutions,Site Survey & Coordination,"During a site survey for a multi-purpose hall, the client notes that the floor vibrates noticeably whenever an aerobics class runs on the floor above. What impact does this have on a ceiling-mounted projector?",It will increase the projector's lumen output.,"Structural vibration will cause the projected image to visibly shake and vibrate on the screen, requiring vibration-dampening ceiling mounts or floor-based displays.",It will improve the color saturation of the video.,It has zero impact on video equipment.,B,"Vertical mechanical vibrations transmit through ceiling structure into projector mount pipes, causing disorienting image jitter unless mechanical isolation is installed."
110,A,Domain A: Creating AV Solutions,Site Survey & Coordination,What is the maximum allowable continuous electrical current load on a 20-Ampere 120V AC commercial branch circuit under National Electrical Code (NEC) guidelines?,10 Amps (50%).,16 Amps (80%).,20 Amps (100%).,25 Amps (125%).,B,NEC restricts continuous loads (running 3 hours or more) to 80% of circuit breaker rating ($20\text{A} \times 0.80 = 16\text{ Amperes}$).
111,A,Domain A: Creating AV Solutions,Site Survey & Coordination,"If an AV equipment rack contains components with a total continuous power draw of 1,800 Watts at 120V AC, what size branch circuit is required?","A 15A branch circuit ($15\text{A} \times 120\text{V} \times 0.80 = 1,440\text{W}$ max continuous).","A 20A branch circuit ($20\text{A} \times 120\text{V} \times 0.80 = 1,920\text{W}$ max continuous load).",A 50A industrial welding circuit.,Any residential extension cord.,B,"A 20A circuit allows up to 1,920 Watts continuous ($120\text{V} \times 16\text{A}$). 1,800 Watts exceeds a 15A circuit (1,440W limit) but safely operates on a 20A circuit."
112,A,Domain A: Creating AV Solutions,Site Survey & Coordination,"During a site survey, what dimension should be measured to ensure that participants seated at the conference table will not block the view of participants seated behind them?",The table leg diameter.,Sightline clearance angles and display bottom mounting height (typically at least 48 to 52 inches above the finished floor to clear table-seated heads).,The thickness of the ceiling drywall.,The distance from the door to the window.,B,"Mounting display bottoms below 48 inches causes seated heads, laptops, and tabletop clutter to obstruct sightlines for viewers seated further back."
113,A,Domain A: Creating AV Solutions,Site Survey & Coordination,What is an 'ADA Reach Range' constraint that must be considered when locating wall-mounted AV touchpanels in commercial buildings?,Touchpanels must be mounted between 10 feet and 12 feet high.,ADA accessibility standards generally mandate that interactive operable controls must be mounted with their highest operable button no higher than 48 inches above the finished floor (AFF).,Touchpanels must only be operable with foot pedals.,Touchpanels must be placed inside locked cabinets.,B,ADA Section 308 restricts maximum unobstructed forward and side reach height to 48 inches AFF to ensure wheelchair-accessible operation.
114,A,Domain A: Creating AV Solutions,Site Survey & Coordination,"During an acoustic site survey, an AV designer notices that a conference room has parallel hard gypsum walls, hard vinyl tile floors, and a drywall ceiling. What acoustic defect will inevitably occur without acoustic treatment?",High frequency radio waves.,"Audible flutter echoes (rapid, high-frequency ringing caused by sound bouncing repeatedly between parallel hard surfaces) and poor speech intelligibility.",Loss of HDMI video handshake.,The room temperature will drop by 10 degrees.,B,"Sound bouncing between non-absorptive parallel boundaries creates sharp, persistent flutter echo that severely impairs conversational intelligibility."
115,A,Domain A: Creating AV Solutions,Site Survey & Coordination,What is 'Noise Reduction Coefficient' (NRC) of an acoustic material with a rating of 0.90?,It reflects 90% of sound energy and absorbs 10%.,"It absorbs an average of 90% of incident sound energy at 250, 500, 1000, and 2000 Hz, reflecting only 10%.",It stops 90% of sound from entering from the street.,It reduces ambient room temperature by 90%.,B,NRC ranges from 0.00 (perfect reflection) to 1.00+ (complete absorption). An NRC of 0.90 indicates that 90% of sound is absorbed.
116,A,Domain A: Creating AV Solutions,Site Survey & Coordination,What is the Sabine Formula used to calculate during acoustic site survey analysis?,Projector lumen output.,"Room Reverberation Time ($RT_{60} = 0.049 \times V / A$ for imperial, or $0.161 \times V / A$ for metric, where $V$ is volume and $A$ is total absorption).",Conduit fill percentage.,Loudspeaker power in Watts.,B,The Sabine Formula mathematically models reverberation decay ($RT_{60}$) as a function of room volume and total acoustic absorption (Sabins).
117,A,Domain A: Creating AV Solutions,Site Survey & Coordination,"In a commercial building, who is responsible for providing and installing the structural roof/floor anchors and unistrut trapeze framing for hanging heavy line array speakers?",The AV lead technician using self-tapping drywall screws.,The General Contractor / Certified Rigging Contractor in accordance with engineering drawings stamped by a licensed Structural Engineer.,The local fire marshal.,The building cleaning crew.,B,"Overhead rigging of heavy loads (line arrays, video walls) involves severe life-safety liability and must be engineered by a licensed structural engineer and installed by certified riggers."
118,A,Domain A: Creating AV Solutions,Site Survey & Coordination,"During a site survey, what documentation should the AV designer request from the client's facilities department regarding the building's electrical system?",The CEO's monthly home electric bill.,"Single-line electrical distribution diagrams, panelboard schedules, and confirmation of emergency generator / UPS circuit availability.",The wiring schematic of the office coffee maker.,A list of light bulb brand names.,B,"Single-line electrical diagrams identify feeder phases, transformer bonding, panel locations, and whether clean isolated ground circuits exist."
119,A,Domain A: Creating AV Solutions,Site Survey & Coordination,"Why should an AV designer photograph all four walls, the ceiling, floor finishes, and electrical panel locations during a site survey?",To post them on social media.,"To create an indisputable photographic record of existing conditions, pre-existing structural damage, and architectural coordination points for the engineering team.",To test the camera resolution on their phone.,Building codes require 100 photographs per room.,B,"Comprehensive site photos document physical obstructions, existing damage (protecting against false contractor claims), and guide CAD draftsman drafting elevations."
120,A,Domain A: Creating AV Solutions,Site Survey & Coordination,What is an 'As-Built Site Survey Punch'?,Punching a hole in the ceiling to inspect pipes.,"A documented survey comparing architectural drawings against real-world field construction to identify deviations (e.g. missing conduits, moved walls, misplaced outlets) before AV installation begins.",A celebratory event when the contract is signed.,A test measuring physical cable strength.,B,"Pre-install site surveys catch contractor construction deviations early, preventing AV crews from arriving on site only to find missing power or blocked pathways."
121,A,Domain A: Creating AV Solutions,Applied DISCAS & Displays,"Under ANSI/AVIXA V202.01 (DISCAS), what is the formula for calculating the maximum viewing distance for Basic Decision Making (BDM)?",$\text{Distance} = \text{Image Width} \times 10$,$\text{Distance} = \text{Image Height} \times (\%\text{Element Height} \times 200) / 100$,$\text{Distance} = \text{Throw Ratio} \times 3.412$,$\text{Distance} = \text{Lumens} / \text{Screen Gain}$,B,DISCAS BDM uses the acuity factor 200: Farthest viewer distance equals image height multiplied by the percent element height (%EH) of the smallest critical font times 2.
122,A,Domain A: Creating AV Solutions,Applied DISCAS & Displays,"A conference room requires a display for Basic Decision Making (BDM). The farthest viewer is seated 24 feet (288 inches) from the screen. If the standard critical element height (%EH) is 3%, what is the required image height under DISCAS?",24 inches.,48 inches (4.0 feet).,72 inches.,96 inches.,B,"$\text{Distance} = \text{Height} \times (3 \times 200) / 100 = \text{Height} \times 6$. Therefore, $\text{Height} = 288 / 6 = 48 \text{ inches}$ (4.0 ft). A 48-inch high 16:9 screen has an 85-inch width (approx 98-inch diagonal)."
123,A,Domain A: Creating AV Solutions,Applied DISCAS & Displays,"Under DISCAS, why does an Analytical Decision Making (ADM) task require a LARGER display than a Basic Decision Making (BDM) task for the same viewing distance?",Because ADM tasks use more electricity.,"ADM requires resolving individual pixels (e.g. medical imaging, engineering CAD), which is governed by the 1-arcminute visual resolving limit of the eye (constant 3438), requiring larger pixels to be discernible.",ADM is designed for people who forgot their glasses.,ADM applies only to 4:3 aspect ratios.,B,"In ADM, the pixel itself is the content. Human visual acuity requires each pixel to subtend at least 1 arcminute of vision, demanding a larger physical image as resolution increases."
124,A,Domain A: Creating AV Solutions,Applied DISCAS & Displays,What is the maximum vertical viewing angle recommended by AVIXA DISCAS between a front-row viewer's horizontal eye level and the top of the active display to avoid neck fatigue?,15 degrees.,30 degrees.,60 degrees.,90 degrees.,B,"To prevent chronic neck strain, DISCAS recommends that the sightline from a seated viewer's eye to the top of the active image should not exceed 30 degrees above horizontal."
125,A,Domain A: Creating AV Solutions,Applied DISCAS & Displays,"Under the AVIXA Projected Image System Contrast Ratio (PISCR) standard, what is the minimum system contrast ratio required for Basic Decision Making (BDM)?",5:1,15:1,50:1,1000:1,B,ANSI/AVIXA PISCR specifies: Passive Viewing = 7:1; Basic Decision Making (BDM) = 15:1; Analytical Decision Making (ADM) = 50:1; Full-Motion Video = 80:1.
126,A,Domain A: Creating AV Solutions,Applied DISCAS & Displays,A 16:9 projection screen has an image width of 120 inches. What is the calculated image height?,60.0 inches.,67.5 inches.,75.0 inches.,90.0 inches.,B,For a 16:9 aspect ratio: $\text{Height} = \text{Width} \times (9 / 16) = 120 \times 0.5625 = 67.5 \text{ inches}$.
127,A,Domain A: Creating AV Solutions,Applied DISCAS & Displays,"A projector has a specified throw ratio of 1.8:1. If the screen image width is 100 inches, what is the required throw distance from the lens to the screen?",55.5 inches.,100 inches.,180 inches (15 feet).,360 inches.,C,$\text{Throw Distance} = \text{Screen Width} \times \text{Throw Ratio} = 100 \times 1.8 = 180 \text{ inches}$ (15 feet).
128,A,Domain A: Creating AV Solutions,Applied DISCAS & Displays,"What is the screen luminance in Foot-Lamberts (fL) of a 5,000 ANSI lumen projector shining on an 80-square-foot screen with a screen gain of 1.0?",16.0 fL.,62.5 fL.,125.0 fL.,400.0 fL.,B,"$\text{fL} = (\text{Lumens} \times \text{Gain}) / \text{Area in sq ft} = (5,000 \times 1.0) / 80 = 62.5 \text{ Foot-Lamberts}$."
129,A,Domain A: Creating AV Solutions,Applied DISCAS & Displays,"What is the metric unit equivalent for display luminance, commonly used to rate flat panel and direct-view LED brightness?",Foot-Candles.,"Nits (Candela per square meter, $cd/m^2$).",Lumens per watt.,Lux.,B,Nits ($cd/m^2$) is the international SI metric unit for surface luminance. $1 \text{ fL} \approx 3.426 \text{ Nits}$.
130,A,Domain A: Creating AV Solutions,Applied DISCAS & Displays,"If ambient light reflecting off a matte white projection screen is measured at 4 foot-lamberts, what minimum total luminance must the projector deliver to achieve a 15:1 contrast ratio for BDM?",15 fL.,60 fL total (56 fL from projector + 4 fL ambient).,150 fL.,400 fL.,B,$\text{Contrast Ratio} = (\text{Image Luminance} + \text{Ambient}) / \text{Ambient} = 60 / 4 = 15:1$.
131,A,Domain A: Creating AV Solutions,Applied DISCAS & Displays,What optical artifact occurs when using a projection screen with an excessively high screen gain (e.g. Gain 2.2)?,The image becomes completely black.,"A bright 'hot spot' in the center with rapid brightness falloff for off-axis viewers, narrowing the usable viewing cone.",The projector lamp life is halved.,Audio from speakers behind the screen is blocked.,B,"High-gain screens use optical beads/layers that focus light on-axis, causing center hot-spotting and dim off-axis viewing."
132,A,Domain A: Creating AV Solutions,Applied DISCAS & Displays,What type of projection screen is mandatory when loudspeakers are mounted directly behind the projection screen surface in an auditorium?,A high-gain glass beaded screen.,An Acoustically Transparent (micro-perforated or woven fabric) projection screen.,A solid aluminum panel.,A rear-projection frosted glass surface.,B,Acoustically transparent screens feature microscopic perforations or woven threads allowing sound waves from center/left/right speakers behind the screen to pass without high-frequency attenuation.
133,A,Domain A: Creating AV Solutions,Applied DISCAS & Displays,What is the native pixel resolution of standard 4K UHD commercial displays?,1920 x 1080 pixels.,3840 x 2160 pixels (16:9).,4096 x 2160 pixels (DCI theatrical).,7680 x 4320 pixels.,B,"4K UHD commercial broadcast/presentation standard is exactly $3840 \times 2160$ pixels, four times the resolution of 1080p Full HD ($1920 \times 1080$)."
134,A,Domain A: Creating AV Solutions,Applied DISCAS & Displays,What is the native aspect ratio of a WUXGA computer display source (1920 x 1200)?,4:3,16:9,16:10,21:9,C,"$1920 / 1200 = 1.6 = 16:10$ aspect ratio, standard for PC monitors and commercial presentation projectors."
135,A,Domain A: Creating AV Solutions,Applied DISCAS & Displays,What visual artifact occurs when displaying a 4:3 legacy video source on a 16:9 widescreen display without distortion?,Letterboxing (black bars top and bottom).,Pillarboxing (black bars on the left and right sides).,Color inversion.,Keystoning.,B,Pillarboxing adds vertical black bars to the left and right sides of a 16:9 screen to maintain the original 4:3 aspect ratio without stretching.
136,A,Domain A: Creating AV Solutions,Applied DISCAS & Displays,What does 'Throw Distance' represent in projector optical geometry?,The distance a technician can throw a cable across the ceiling.,The linear physical distance from the front face of the projector lens to the surface of the projection screen.,The distance from the floor to the projector mount.,The focal length of the camera lens.,B,Throw distance is measured along the optical centerline from the front glass of the projector lens to the plane of the screen.
137,A,Domain A: Creating AV Solutions,Applied DISCAS & Displays,Why should optical lens shift be prioritized over digital keystone correction when installing projectors?,Digital keystone uses more electricity.,"Optical lens shift physically moves the internal glass elements, preserving 100% of native pixel resolution; digital keystone scales and discards pixels, causing blurry text and aliasing.",Optical lens shift changes the aspect ratio to 4:3.,Digital keystone disables the HDMI input.,B,"Digital keystone interpolates pixels digitally, softening text and losing brightness. Physical lens shift maintains native 1:1 pixel grid mapping."
138,A,Domain A: Creating AV Solutions,Applied DISCAS & Displays,What is 'Pixel Pitch' on a direct-view LED video wall?,The volume of audio produced by each pixel.,The center-to-center distance in millimeters between adjacent pixel LED clusters.,The weight of each cabinet module in kilograms.,The refresh rate in Hertz.,B,"Pixel pitch (e.g. 0.9mm, 1.5mm, 2.5mm) measures distance between adjacent pixel centers; smaller pitch permits closer comfortable viewing distances."
139,A,Domain A: Creating AV Solutions,Applied DISCAS & Displays,What is the general industry rule of thumb for comfortable minimum viewing distance on an LED display with a 1.2mm pixel pitch?,1.2 inches.,"Approximately 1.2 meters (approx 4 feet, roughly 1 meter per 1mm of pitch).",12 meters.,120 feet.,B,The standard rule of thumb is approximately 1 meter of viewing distance per 1mm of pixel pitch (1.2mm pitch $\approx$ 1.2m / 4 ft).
140,A,Domain A: Creating AV Solutions,Applied DISCAS & Displays,"What is 'Moiré Pattern' interference, and when does it appear in camera-to-display installations?",A type of French optical lens.,"A wavy, rainbow-like interference pattern created when a video camera sensor grid optically overlaps and beats against the physical pixel grid of an LED wall or CRT display.",A ground loop hum in audio cables.,An error in HDCP decryption.,B,"Moiré fringes occur when two periodic spatial frequencies (camera sensor array and LED pixel matrix) conflict, requiring optical diffusion filters or camera defocusing."
141,A,Domain A: Creating AV Solutions,Applied DISCAS & Displays,What is 'Color Depth' in digital video (e.g. 8-bit vs 10-bit per channel)?,The physical thickness of the display glass.,"The number of bits used to represent the red, green, and blue color channels; 8-bit yields 16.7 million colors, while 10-bit yields 1.07 billion colors, eliminating banding in smooth gradients.",The refresh rate of the video card.,The throw ratio of the lens.,B,10-bit color depth ($1024^3 = 1.07$ billion colors) provides fine gradations essential for High Dynamic Range (HDR) content without visible stair-step banding.
142,A,Domain A: Creating AV Solutions,Applied DISCAS & Displays,What is HDR (High Dynamic Range) in modern commercial display technology?,High Definition Recording.,"A display and content standard that delivers significantly higher peak luminance (nits), deeper black levels, and expanded color volume (e.g. BT.2020).",A high-speed network routing protocol.,An audio equalizing algorithm.,B,HDR expands the contrast ratio between specular highlights and deep shadows while supporting wider color gamuts than standard Rec. 709.
143,A,Domain A: Creating AV Solutions,Applied DISCAS & Displays,What is 'Optical Edge Blending' in multi-projector wide-screen displays?,Cutting the edges of the screen with a razor.,Overlapping adjacent projector images and gradually feathering the overlapping light levels electronically/optically to create a seamless single ultra-wide image.,Gluing two projection screens together.,Mounting projectors on opposite walls.,B,"Edge blending feathers the overlapping pixels between multiple projectors to produce a unified, uniform wide canvas without visible seams."
144,A,Domain A: Creating AV Solutions,Applied DISCAS & Displays,What is the aspect ratio of modern ultra-wide panoramic conferencing displays designed for Microsoft Teams Rooms Front Row (e.g. 5K)?,4:3,16:9,21:9,1:1,C,"21:9 ultra-wide displays ($2.37:1$) are standard for MTR Front Row layouts, displaying the 16:9 content window flanked by chat and gallery participants."
145,A,Domain A: Creating AV Solutions,Applied DISCAS & Displays,"Under DISCAS, if the content font size (% element height) is increased from 3% to 6%, what happens to the maximum allowable viewing distance for Basic Decision Making (BDM)?",The maximum viewing distance doubles.,The maximum viewing distance is cut in half.,The maximum viewing distance remains unchanged.,The display resolution automatically drops.,A,Viewing distance is directly proportional to element height ($D = H \times \%EH \times 2$). Doubling character size from 3% to 6% doubles the distance at which text remains legible.
146,A,Domain A: Creating AV Solutions,Applied Audio & Math,"According to the Inverse Square Law, if a point-source loudspeaker produces 94 dB SPL at 2 meters in a free field, what will the SPL be at a listener seated 8 meters away?",88 dB SPL,82 dB SPL,76 dB SPL,47 dB SPL,B,Every doubling of distance reduces sound pressure by 6 dB: 2m to 4m = -6 dB (88 dB); 4m to 8m = -6 dB (82 dB SPL). Total drop is 12 dB: $94 - 12 = 82 \text{ dB SPL}$.
147,A,Domain A: Creating AV Solutions,Applied Audio & Math,"An audio amplifier delivers 100 Watts to a speaker cluster, producing 85 dB SPL at the audience. The client requests an increase to 91 dB SPL (+6 dB). What amplifier power is required?",150 Watts,200 Watts,400 Watts,800 Watts,C,A +3 dB increase requires doubling power ($2\times$ = 200W); another +3 dB (+6 dB total) requires doubling again ($4\times$ power): $100\text{W} \times 4 = 400 \text{ Watts}$.
148,A,Domain A: Creating AV Solutions,Applied Audio & Math,What formula calculates the decibel change for electrical power versus electrical voltage?,"Power uses $20\log$, Voltage uses $10\log$.",Power uses $10\log_{10}(P_2/P_1)$; Voltage uses $20\log_{10}(V_2/V_1)$.,Both power and voltage use $10\log_{10}$.,Decibels cannot be calculated for voltage.,B,"Power quantities use $10\log$ ($P \propto V^2$). Field quantities (voltage, current, sound pressure, distance) use $20\log$."
149,A,Domain A: Creating AV Solutions,Applied Audio & Math,"If the output voltage of a microphone preamplifier increases from 0.1 Volts to 1.0 Volts (a 10-fold increase), what is the gain in decibels?",+10 dB,+20 dB,+40 dB,+100 dB,B,$\Delta\text{dB} = 20 \log_{10}(1.0 / 0.1) = 20 \log_{10}(10) = 20 \times 1 = +20 \text{ dB}$.
150,A,Domain A: Creating AV Solutions,Applied Audio & Math,"In a 70V distributed constant-voltage loudspeaker system, 20 ceiling speakers are each tapped at 5 Watts. Applying standard 20% amplifier headroom, what minimum amplifier rating is required?",100 Watts,120 Watts,150 Watts,240 Watts,B,Total tap load: $20 \times 5\text{W} = 100\text{ Watts}$. With 20% headroom factor ($1.20$): $100 \times 1.20 = 120 \text{ Watts}$ minimum.
151,A,Domain A: Creating AV Solutions,Applied Audio & Math,What happens if a technician accidentally connects an 8-ohm speaker directly across a 70V amplifier line without a step-down transformer?,The speaker will play at 50% volume.,"The amplifier sees an effective short circuit, drawing $(70.7)^2 / 8 \approx 625 \text{ Watts}$ and triggering thermal/overcurrent shutdown.",The speaker will automatically step up to 100V.,The audio will be in stereo.,B,"Connecting an 8-ohm coil across 70V draws 625 Watts ($V^2/R$), immediately overloading standard commercial 100-200W amplifiers."
152,A,Domain A: Creating AV Solutions,Applied Audio & Math,"In sound reinforcement design, what does Potential Acoustic Gain (PAG) represent?",The maximum volume of the background music.,The maximum acoustic amplification in decibels that a sound system can provide before acoustic feedback occurs.,The power rating of the amplifier.,The reverberation time of the room.,B,"PAG defines the acoustic gain ceiling before runaway feedback occurs, dictated by physical distances between talker, microphone, loudspeaker, and listener."
153,A,Domain A: Creating AV Solutions,Applied Audio & Math,"In sound reinforcement design, what must be true regarding PAG and Needed Acoustic Gain (NAG) for a system to operate stably without feedback?",$PAG < NAG$,$PAG \ge NAG + \text{Feedback Stability Margin (typically 6 dB)}$,$PAG = 0$,$NAG$ must exceed 120 dB,B,"The system's Potential Acoustic Gain (PAG) must be equal to or greater than Needed Acoustic Gain (NAG), plus a 6 dB Feedback Stability Margin (FSM)."
154,A,Domain A: Creating AV Solutions,Applied Audio & Math,"If the Number of Open Microphones (NOM) in an unmanaged conference room increases from 1 to 8, how much potential acoustic gain before feedback is lost?",3 dB,6 dB,9 dB,18 dB,C,Loss of gain before feedback: $\Delta\text{dB} = 10 \log_{10}(\text{NOM}) = 10 \log_{10}(8) \approx 9.03 \text{ dB}$ lost.
155,A,Domain A: Creating AV Solutions,Applied Audio & Math,What is 'Critical Distance' ($D_c$) in architectural acoustics?,The distance from the mixing console to the stage.,The point in an enclosed room where the level of direct sound equals the level of reflected reverberant sound.,The maximum allowable length of a Cat6 cable.,The distance between two ceiling speakers.,B,"At Critical Distance ($D_c$), direct sound pressure ($1/r^2$) equals reverberant sound pressure. Seating listeners beyond $D_c$ severely degrades intelligibility."
156,A,Domain A: Creating AV Solutions,Applied Audio & Math,What is the standard professional audio nominal line-level reference level?,-10 dBV (0.316 Vrms),+4 dBu (1.228 Vrms),0 dBFS,70.7 Volts,B,Professional balanced line level is +4 dBu (1.228 Vrms into 600 ohms). Consumer unbalanced line level is -10 dBV (0.316 Vrms).
157,A,Domain A: Creating AV Solutions,Applied Audio & Math,What is the 3:1 Rule in microphone placement?,Always have 3 microphones for every 1 presenter.,"The physical distance between adjacent active microphones should be at least three times the distance from each microphone to its respective talker, preventing comb filtering.",Microphones must be replaced every 3 years.,Turn down the volume by 3 dB every 1 minute.,B,"The 3:1 rule ensures that sound leaking into an adjacent mic is at least 10 dB below the primary mic, preventing audible acoustic comb filtering phase cancellation."
158,A,Domain A: Creating AV Solutions,Applied Audio & Math,What is the primary function of Acoustic Echo Cancellation (AEC) in teleconferencing DSPs?,To add digital reverb to the room.,To sample far-end audio arriving at the room speakers (AEC Reference) and mathematically subtract that exact acoustic pattern from room microphones before transmission.,To eliminate 60 Hz electrical hum.,To equalize the frequency response of the loudspeakers.,B,AEC prevents far-end callers from hearing their own voices echoed back with room transmission delay by subtracting the speaker audio from microphone signals.
159,A,Domain A: Creating AV Solutions,Applied Audio & Math,What happens if an audio DSP's AEC Reference channel is mapped to the wrong audio bus (or left unassigned)?,The video displays will fail their HDCP handshake.,"Remote callers will hear their own voices echoing back constantly, rendering conversation nearly impossible.",The ceiling microphones will shut down permanently.,The audio volume will increase by 20 dB.,B,"Without a valid AEC reference signal matching the room's acoustic speaker output, the echo canceller cannot calculate the adaptive cancellation filter."
160,A,Domain A: Creating AV Solutions,Applied Audio & Math,What type of audio filter should be engaged on all speech microphone channels to eliminate low-frequency HVAC rumble and mechanical table thumps?,A low-pass filter at 200 Hz.,A High-Pass Filter (Low-Cut filter) set between 80 Hz and 120 Hz.,A sub-bass parametric boost filter.,A notch filter at 1 kHz.,B,High-Pass Filters (HPF) strip away sub-100Hz HVAC rumble and mechanical handling thumps without affecting human speech intelligibility.
161,A,Domain A: Creating AV Solutions,Applied Audio & Math,Two 8-ohm loudspeakers are connected in parallel. What is the total equivalent load impedance seen by the amplifier?,2 Ohms,4 Ohms,8 Ohms,16 Ohms,B,For two identical loads in parallel: $R_{\text{total}} = R / 2 = 8 / 2 = 4 \text{ Ohms}$.
162,A,Domain A: Creating AV Solutions,Applied Audio & Math,Four 8-ohm loudspeakers are wired in parallel across a single amplifier channel. What is the total load impedance?,1 Ohm,2 Ohms,4 Ohms,32 Ohms,B,"$R_{\text{total}} = 8 / 4 = 2 \text{ Ohms}$. (Driving 2-ohm loads strains standard commercial amplifiers, risking overcurrent shutdown unless rated for 2 ohms)."
163,A,Domain A: Creating AV Solutions,Applied Audio & Math,How can four 8-ohm loudspeakers be wired to an amplifier channel so that the total net impedance remains exactly 8 Ohms?,All four in series.,All four in parallel.,"Series-Parallel: wire two pairs in series (16 ohms each), then wire the two pairs in parallel ($16 || 16 = 8$ ohms).",Using an ungrounded patch cable.,C,"Series-parallel wiring ($8 + 8 = 16\,\Omega$, and $16 || 16 = 8\,\Omega$) maintains the original 8-ohm impedance across 4 speakers."
164,A,Domain A: Creating AV Solutions,Applied Audio & Math,What is Ohm's Law formula for calculating current given voltage and resistance?,$I = V \times R$,$I = V / R$,$I = R / V$,$I = V^2 \times R$,B,"Ohm's Law: $V = I \times R$, therefore $I = V / R$."
165,A,Domain A: Creating AV Solutions,Applied Audio & Math,An amplifier delivers 40 Volts RMS across an 8-ohm loudspeaker. How many Watts of power is dissipated?,5 Watts,50 Watts,200 Watts,320 Watts,C,$P = V^2 / R = 40^2 / 8 = 1600 / 8 = 200 \text{ Watts}$.
166,A,Domain A: Creating AV Solutions,Electrical & Demarcation,Why does connecting equipment to outlets powered from different electrical panels on different building phases often cause an audible 60 Hz hum in analog audio?,Different panels run at different clock speeds.,A ground potential difference between the two panels drives circulating AC ground loop current through the shields of interconnecting audio cables.,Audio amplifiers require three-phase power.,The copper wire changes resistance with voltage phase.,B,"Potential differences between separate ground references drive AC ground currents through cable shields, inducing 60Hz hum into high-impedance inputs."
167,A,Domain A: Creating AV Solutions,Electrical & Demarcation,"What is the ONLY code-compliant, safe method to eliminate a 60 Hz ground loop hum between two interconnected audio components on different AC feeds?",Cutting the green ground pin off one of the power cords using a 'cheater plug'.,"Installing a 1:1 Audio Isolation Transformer in the signal line, providing galvanic isolation while maintaining full electrical safety grounding.",Replacing the copper ground rod with plastic.,Turning off the circuit breaker while the system is running.,B,Cutting safety grounds creates lethal electrocution hazards. Audio isolation transformers magnetically couple signals while safely breaking galvanic ground loops.
168,A,Domain A: Creating AV Solutions,Electrical & Demarcation,What is the function of a 'Power Sequencer' in an AV equipment rack?,To increase the AC voltage from 120V to 240V.,"To power up components in a timed, staggered sequence (preamps/sources first, power amplifiers last) to eliminate loud speaker turn-on 'pops' and prevent massive inrush current from tripping breakers.",To convert AC power into DC battery power.,To regulate room temperature.,B,"Power sequencers delay amplifier turn-on until sources stabilize, preventing destructive speaker pops and spreading inrush current load over time."
169,A,Domain A: Creating AV Solutions,Electrical & Demarcation,What is the difference between an Off-Line (Standby) UPS and an On-Line (Double-Conversion) UPS in mission-critical AV racks?,Off-line UPS has no batteries.,"An Off-line UPS has a 4-10ms transfer switching delay when power drops, which can crash sensitive DSPs and video processors; an On-line UPS constantly regenerates pure sine-wave AC with zero transfer time.",On-line UPS can only be used outdoors.,There is no functional difference.,B,"Double-conversion On-Line UPS continuously rectifies AC to DC and inverts DC back to AC, providing zero transfer time and complete electrical isolation."
170,A,Domain A: Creating AV Solutions,Electrical & Demarcation,"In a commercial building, what is the maximum recommended voltage drop on a branch circuit feeding sensitive AV equipment from the main panelboard?",Less than 3% to 5% under full load.,15% to 20%.,50%.,80%.,A,NEC Informational Note 210.19 recommends branch circuit voltage drop not exceed 3% (and total feeder + branch not exceed 5%) to maintain equipment reliability.
171,A,Domain A: Creating AV Solutions,Electrical & Demarcation,What formula calculates the airflow (CFM - Cubic Feet per Minute) required to cool an equipment rack given total Watts dissipated and allowable temperature rise (ΔT in °F)?,$CFM = (Watts \times 3.16) / \Delta T(^{\circ}\text{F})$,$CFM = Watts \times \Delta T / 3.412$,$CFM = 20 \times \log(Watts)$,$CFM = \text{Volts} / \text{Amps}$,A,The standard AV rack cooling equation is $CFM = (\text{Total Watts} \times 3.16) / \Delta T(^{\circ}\text{F})$.
172,A,Domain A: Creating AV Solutions,Electrical & Demarcation,"An equipment rack dissipates 1,500 Watts of continuous heat, and the allowable temperature rise ($\Delta T$) is 12°F. What airflow in CFM is required?",125 CFM,395 CFM,"1,185 CFM","4,740 CFM",B,"$CFM = (1,500 \times 3.16) / 12 = 4,740 / 12 = 395 \text{ CFM}$."
173,A,Domain A: Creating AV Solutions,Electrical & Demarcation,"What is the heat dissipation in BTU/hr generated by an equipment rack drawing 2,500 Watts of continuous power?",732 BTU/hr,"2,500 BTU/hr","8,530 BTU/hr","25,000 BTU/hr",C,"Heat output: $2,500 \text{ Watts} \times 3.4121 \approx 8,530 \text{ BTU/hr}$."
174,A,Domain A: Creating AV Solutions,Electrical & Demarcation,Why must empty rack spaces in an actively cooled equipment rack be fitted with blanking panels (blanks)?,Solely to conceal ugly cables.,"To prevent hot exhaust air from recirculating back to the front cool-air intakes of equipment, preserving proper thermal convection and cooling efficiency.",To block Wi-Fi signals from entering the rack.,To ground the rack door.,B,"Blanking panels maintain physical separation between front cold aisle intake and rear hot aisle exhaust, preventing thermal recirculation loops."
175,A,Domain A: Creating AV Solutions,Electrical & Demarcation,What is a 'Single-Point Star Ground' in professional AV rack integration?,Driving a copper stake into the office carpet.,"A grounding topology where all equipment chassis and signal shield references connect directly to a single central ground bus bar, eliminating ground loops caused by differing ground paths.",Connecting every piece of equipment to a different wall outlet in the hallway.,Disconnecting all green ground wires.,B,"Star grounding brings all chassis ground leads to one central bus point, ensuring zero potential difference and eliminating 60Hz circulating ground hum."
176,A,Domain A: Creating AV Solutions,Needs Analysis & Stakeholders,"An enterprise client is planning an open-atrium collaboration zone. The project champion requests a large projection system with an ambient light sensor. During the site survey, the AV designer measures midday ambient sunlight reaching 90 foot-candles across the proposed screen wall. What should the designer recommend in the Program Report?","Proceed with a standard 3,000-lumen projector because the sensor will compensate.","Recommend against projection in this location and propose a high-brightness direct-view LED display (at least 800 to 1,000 nits) or an ambient-light-rejecting optical display system.",Advise the client to only hold meetings when it is cloudy outside.,Specify an ultra-high gain 3.0 screen to overcome the sunlight.,B,90 foot-candles (approx 970 lux) of ambient daylight washes out projection contrast completely. Direct-view LED (800+ nits) or specialized high-brightness emissive solutions are necessary to meet AVIXA PISCR contrast standards.
177,A,Domain A: Creating AV Solutions,Needs Analysis & Stakeholders,"During stakeholder interviews for a corporate training facility, the IT security director insists that no student devices may connect to the internal corporate LAN, while instructors request wireless screen sharing from guest laptops. How should the AV designer reconcile these conflicting requirements?",Ignore the IT security director and configure an open guest Wi-Fi access point bridged to the corporate subnet.,"Design an isolated AV-dedicated guest VLAN with captive portal isolation and client isolation enabled, routing display traffic through hardware presentation gateways without accessing corporate servers.",Tell the instructors that wireless presentation is prohibited by company policy.,Force all students to bring analog VGA adapters.,B,Reconciling operational needs with InfoSec mandates requires network segmentation: dedicated isolated AV VLANs and presentation appliances that allow screen mirroring without bridging to restricted corporate servers.
178,A,Domain A: Creating AV Solutions,Needs Analysis & Stakeholders,"In a municipal city council chamber, citizen participants seated in the rear rows report that they cannot understand council members during public hearings. The room has high plaster ceilings and polished granite walls ($RT_{60} = 2.4\text{ s}$). What is the AV designer's primary acoustic recommendation during programming?",Add high-powered subwoofers under the audience chairs.,"Recommend installing acoustic wall absorptive panels and ceiling baffles to lower $RT_{60}$ to below 1.0 second, supplemented by a distributed speech reinforcement system with time-aligned delay zones.",Turn up the master amplifier volume to maximum.,Provide every citizen with binoculars.,B,"Severe reverberation ($RT_{60} = 2.4\text{ s}$) smears speech consonants. Lowering reverberation with absorptive treatments and using distributed, time-aligned ceiling/column speakers restores Speech Transmission Index (STI)."
179,A,Domain A: Creating AV Solutions,Needs Analysis & Stakeholders,"During programming for an executive telepresence boardroom, the CEO demands a minimalist aesthetic with zero visible microphones on the custom conference table. The room has hardwood floors and large exterior glass windows. What design trade-off must be clearly documented in the Program Report?",Microphones cannot be installed anywhere in the room.,"Using ceiling-mounted beamforming microphone arrays in an acoustically reflective room increases ambient reverberation pickup unless acoustic wall treatments, carpeting, and proper AEC reference tuning are implemented.",Ceiling microphones will automatically step down the room AC voltage.,Glass windows must be painted black to prevent acoustic reflections.,B,"Ceiling microphone arrays satisfy aesthetic desires for clean tables, but in reflective spaces with glass and wood, they pick up more ambient room reverberation, requiring complementary acoustic absorption."
180,A,Domain A: Creating AV Solutions,Needs Analysis & Stakeholders,An AV designer is conducting a needs analysis for a university chemistry laboratory. The lab manager mentions that corrosive acid fumes are present during experiments. What unique specification must be incorporated for ceiling loudspeakers and display housings?,Standard commercial indoor plastic enclosures.,"Corrosion-resistant, stainless steel or marine-grade aluminum enclosures with conformal-coated circuit boards and IP-rated environmental seals.",Cardboard loudspeaker enclosures.,Consumer-grade home theater speakers.,B,"Corrosive chemical fumes attack copper voice coils, circuit traces, and display connectors. Marine-grade stainless/aluminum hardware with conformal coating is required in chemical environments."
181,A,Domain A: Creating AV Solutions,Needs Analysis & Stakeholders,A financial trading firm requests a multi-screen video wall for market monitoring. The chief compliance officer notes that all displayed financial trades are subject to strict regulatory auditing. What functional requirement must the AV designer specify for system management?,Automatic deletion of video logs every 24 hours.,"Centralized video switching with secure role-based access control (RBAC), audit logging of video routing events, and encrypted EDID/control communications.",Analog composite video matrices.,Unauthenticated guest Wi-Fi control.,B,"Financial compliance requires robust audit trails, encrypted management channels, and role-based authentication to track and verify who routed specific market feeds."
182,A,Domain A: Creating AV Solutions,Needs Analysis & Stakeholders,"When interviewing a university's disability support coordinator, the coordinator points out that several faculty members use hearing aids with telecoils (T-coils). What assistive listening technology provides direct inductive magnetic coupling to their hearing aids without external headphones?",Infrared (IR) emitter headsets.,Hearing Loop (Induction Loop) system installed in the floor or perimeter of the room.,FM radio receivers with standard earbuds.,Bluetooth consumer earbuds.,B,"Hearing induction loops generate an audio-modulated magnetic field that couples directly to T-coil hearing aids, providing personalized, clear audio without requiring separate worn receivers."
183,A,Domain A: Creating AV Solutions,Needs Analysis & Stakeholders,"During needs analysis for a multi-use corporate cafeteria that occasionally hosts CEO town hall broadcasts, what critical infrastructure difference between daily cafeteria use and town hall broadcast must be accounted for?",Daily cafeteria use requires 120V power; broadcasts require 480V power.,"Broadcast events require dedicated broadcast camera riser positions, high-power tie lines, broadcast audio feeds (press mult-box), stage lighting positions, and separate production communications (intercom).",Town halls can only use wired analog microphones.,Cafeterias cannot have video displays.,B,"Multi-use assembly spaces need dual-mode design: background music/menu boards for daily operations, plus plug-and-play broadcast camera tie-lines, press feeds, and intercom infrastructure for town halls."
184,A,Domain A: Creating AV Solutions,Needs Analysis & Stakeholders,A hospital simulation center needs an AV system to record student medical interactions from three examination rooms simultaneously. What operational requirement is paramount during programming?,The video must be in 8K resolution.,Time-synchronized multi-camera video and audio recording with remote bookmarking / debriefing annotation capabilities and secure HIPAA-compliant access controls.,Analog VHS cassette recording.,Low-gain projection screens.,B,"Medical simulation demands frame-accurate multi-angle synchronization, debriefing timestamp markers, and strict patient data security compliance (HIPAA)."
185,A,Domain A: Creating AV Solutions,Needs Analysis & Stakeholders,"An AV consultant is developing a needs analysis questionnaire for an international law firm. What risk arises from phrasing questions in complex technical engineering terminology (e.g., 'What bit depth and chroma subsampling do you require?')?",The client's network switch will crash.,"Non-technical stakeholders will misinterpret questions, provide inaccurate responses, or disengage, obscuring their real business and communication needs.",Building code inspectors will reject the questionnaire.,The questionnaire cannot be printed.,B,"Needs analysis must use plain, task-oriented language focused on user workflows (e.g. 'What documents or applications do you share? How fine is the text?'). Technical jargon alienates users."
186,A,Domain A: Creating AV Solutions,Needs Analysis & Stakeholders,"In enterprise stakeholder needs scenario #11, an AV designer encounters conflicting priorities between the facilities department (prioritizing low maintenance and energy savings) and executive users (prioritizing instant-on readiness). What is the AVIXA-approved resolution process?",Ignore facilities and specify high-draw instant-on systems.,"Document the conflicting requirements, evaluate automation options (such as occupancy sensors with warm-standby modes that achieve fast wake-up while meeting energy targets), and present trade-offs in the Program Report.",Tell the executives they must wait 10 minutes for systems to boot.,Allow the two departments to settle the dispute in court.,B,"AVIXA methodology requires resolving conflicting needs through objective engineering analysis, identifying technical compromises (like low-power warm-standby with presence detection), and documenting options in the Program Report."
187,A,Domain A: Creating AV Solutions,Needs Analysis & Stakeholders,"In enterprise stakeholder needs scenario #12, an AV designer encounters conflicting priorities between the facilities department (prioritizing low maintenance and energy savings) and executive users (prioritizing instant-on readiness). What is the AVIXA-approved resolution process?",Ignore facilities and specify high-draw instant-on systems.,"Document the conflicting requirements, evaluate automation options (such as occupancy sensors with warm-standby modes that achieve fast wake-up while meeting energy targets), and present trade-offs in the Program Report.",Tell the executives they must wait 10 minutes for systems to boot.,Allow the two departments to settle the dispute in court.,B,"AVIXA methodology requires resolving conflicting needs through objective engineering analysis, identifying technical compromises (like low-power warm-standby with presence detection), and documenting options in the Program Report."
188,A,Domain A: Creating AV Solutions,Needs Analysis & Stakeholders,"In enterprise stakeholder needs scenario #13, an AV designer encounters conflicting priorities between the facilities department (prioritizing low maintenance and energy savings) and executive users (prioritizing instant-on readiness). What is the AVIXA-approved resolution process?",Ignore facilities and specify high-draw instant-on systems.,"Document the conflicting requirements, evaluate automation options (such as occupancy sensors with warm-standby modes that achieve fast wake-up while meeting energy targets), and present trade-offs in the Program Report.",Tell the executives they must wait 10 minutes for systems to boot.,Allow the two departments to settle the dispute in court.,B,"AVIXA methodology requires resolving conflicting needs through objective engineering analysis, identifying technical compromises (like low-power warm-standby with presence detection), and documenting options in the Program Report."
189,A,Domain A: Creating AV Solutions,Needs Analysis & Stakeholders,"In enterprise stakeholder needs scenario #14, an AV designer encounters conflicting priorities between the facilities department (prioritizing low maintenance and energy savings) and executive users (prioritizing instant-on readiness). What is the AVIXA-approved resolution process?",Ignore facilities and specify high-draw instant-on systems.,"Document the conflicting requirements, evaluate automation options (such as occupancy sensors with warm-standby modes that achieve fast wake-up while meeting energy targets), and present trade-offs in the Program Report.",Tell the executives they must wait 10 minutes for systems to boot.,Allow the two departments to settle the dispute in court.,B,"AVIXA methodology requires resolving conflicting needs through objective engineering analysis, identifying technical compromises (like low-power warm-standby with presence detection), and documenting options in the Program Report."
190,A,Domain A: Creating AV Solutions,Needs Analysis & Stakeholders,"In enterprise stakeholder needs scenario #15, an AV designer encounters conflicting priorities between the facilities department (prioritizing low maintenance and energy savings) and executive users (prioritizing instant-on readiness). What is the AVIXA-approved resolution process?",Ignore facilities and specify high-draw instant-on systems.,"Document the conflicting requirements, evaluate automation options (such as occupancy sensors with warm-standby modes that achieve fast wake-up while meeting energy targets), and present trade-offs in the Program Report.",Tell the executives they must wait 10 minutes for systems to boot.,Allow the two departments to settle the dispute in court.,B,"AVIXA methodology requires resolving conflicting needs through objective engineering analysis, identifying technical compromises (like low-power warm-standby with presence detection), and documenting options in the Program Report."
191,A,Domain A: Creating AV Solutions,Needs Analysis & Stakeholders,"In enterprise stakeholder needs scenario #16, an AV designer encounters conflicting priorities between the facilities department (prioritizing low maintenance and energy savings) and executive users (prioritizing instant-on readiness). What is the AVIXA-approved resolution process?",Ignore facilities and specify high-draw instant-on systems.,"Document the conflicting requirements, evaluate automation options (such as occupancy sensors with warm-standby modes that achieve fast wake-up while meeting energy targets), and present trade-offs in the Program Report.",Tell the executives they must wait 10 minutes for systems to boot.,Allow the two departments to settle the dispute in court.,B,"AVIXA methodology requires resolving conflicting needs through objective engineering analysis, identifying technical compromises (like low-power warm-standby with presence detection), and documenting options in the Program Report."
192,A,Domain A: Creating AV Solutions,Needs Analysis & Stakeholders,"In enterprise stakeholder needs scenario #17, an AV designer encounters conflicting priorities between the facilities department (prioritizing low maintenance and energy savings) and executive users (prioritizing instant-on readiness). What is the AVIXA-approved resolution process?",Ignore facilities and specify high-draw instant-on systems.,"Document the conflicting requirements, evaluate automation options (such as occupancy sensors with warm-standby modes that achieve fast wake-up while meeting energy targets), and present trade-offs in the Program Report.",Tell the executives they must wait 10 minutes for systems to boot.,Allow the two departments to settle the dispute in court.,B,"AVIXA methodology requires resolving conflicting needs through objective engineering analysis, identifying technical compromises (like low-power warm-standby with presence detection), and documenting options in the Program Report."
193,A,Domain A: Creating AV Solutions,Needs Analysis & Stakeholders,"In enterprise stakeholder needs scenario #18, an AV designer encounters conflicting priorities between the facilities department (prioritizing low maintenance and energy savings) and executive users (prioritizing instant-on readiness). What is the AVIXA-approved resolution process?",Ignore facilities and specify high-draw instant-on systems.,"Document the conflicting requirements, evaluate automation options (such as occupancy sensors with warm-standby modes that achieve fast wake-up while meeting energy targets), and present trade-offs in the Program Report.",Tell the executives they must wait 10 minutes for systems to boot.,Allow the two departments to settle the dispute in court.,B,"AVIXA methodology requires resolving conflicting needs through objective engineering analysis, identifying technical compromises (like low-power warm-standby with presence detection), and documenting options in the Program Report."
194,A,Domain A: Creating AV Solutions,Needs Analysis & Stakeholders,"In enterprise stakeholder needs scenario #19, an AV designer encounters conflicting priorities between the facilities department (prioritizing low maintenance and energy savings) and executive users (prioritizing instant-on readiness). What is the AVIXA-approved resolution process?",Ignore facilities and specify high-draw instant-on systems.,"Document the conflicting requirements, evaluate automation options (such as occupancy sensors with warm-standby modes that achieve fast wake-up while meeting energy targets), and present trade-offs in the Program Report.",Tell the executives they must wait 10 minutes for systems to boot.,Allow the two departments to settle the dispute in court.,B,"AVIXA methodology requires resolving conflicting needs through objective engineering analysis, identifying technical compromises (like low-power warm-standby with presence detection), and documenting options in the Program Report."
195,A,Domain A: Creating AV Solutions,Needs Analysis & Stakeholders,"In enterprise stakeholder needs scenario #20, an AV designer encounters conflicting priorities between the facilities department (prioritizing low maintenance and energy savings) and executive users (prioritizing instant-on readiness). What is the AVIXA-approved resolution process?",Ignore facilities and specify high-draw instant-on systems.,"Document the conflicting requirements, evaluate automation options (such as occupancy sensors with warm-standby modes that achieve fast wake-up while meeting energy targets), and present trade-offs in the Program Report.",Tell the executives they must wait 10 minutes for systems to boot.,Allow the two departments to settle the dispute in court.,B,"AVIXA methodology requires resolving conflicting needs through objective engineering analysis, identifying technical compromises (like low-power warm-standby with presence detection), and documenting options in the Program Report."
196,A,Domain A: Creating AV Solutions,Needs Analysis & Stakeholders,"In enterprise stakeholder needs scenario #21, an AV designer encounters conflicting priorities between the facilities department (prioritizing low maintenance and energy savings) and executive users (prioritizing instant-on readiness). What is the AVIXA-approved resolution process?",Ignore facilities and specify high-draw instant-on systems.,"Document the conflicting requirements, evaluate automation options (such as occupancy sensors with warm-standby modes that achieve fast wake-up while meeting energy targets), and present trade-offs in the Program Report.",Tell the executives they must wait 10 minutes for systems to boot.,Allow the two departments to settle the dispute in court.,B,"AVIXA methodology requires resolving conflicting needs through objective engineering analysis, identifying technical compromises (like low-power warm-standby with presence detection), and documenting options in the Program Report."
197,A,Domain A: Creating AV Solutions,Needs Analysis & Stakeholders,"In enterprise stakeholder needs scenario #22, an AV designer encounters conflicting priorities between the facilities department (prioritizing low maintenance and energy savings) and executive users (prioritizing instant-on readiness). What is the AVIXA-approved resolution process?",Ignore facilities and specify high-draw instant-on systems.,"Document the conflicting requirements, evaluate automation options (such as occupancy sensors with warm-standby modes that achieve fast wake-up while meeting energy targets), and present trade-offs in the Program Report.",Tell the executives they must wait 10 minutes for systems to boot.,Allow the two departments to settle the dispute in court.,B,"AVIXA methodology requires resolving conflicting needs through objective engineering analysis, identifying technical compromises (like low-power warm-standby with presence detection), and documenting options in the Program Report."
198,A,Domain A: Creating AV Solutions,Needs Analysis & Stakeholders,"In enterprise stakeholder needs scenario #23, an AV designer encounters conflicting priorities between the facilities department (prioritizing low maintenance and energy savings) and executive users (prioritizing instant-on readiness). What is the AVIXA-approved resolution process?",Ignore facilities and specify high-draw instant-on systems.,"Document the conflicting requirements, evaluate automation options (such as occupancy sensors with warm-standby modes that achieve fast wake-up while meeting energy targets), and present trade-offs in the Program Report.",Tell the executives they must wait 10 minutes for systems to boot.,Allow the two departments to settle the dispute in court.,B,"AVIXA methodology requires resolving conflicting needs through objective engineering analysis, identifying technical compromises (like low-power warm-standby with presence detection), and documenting options in the Program Report."
199,A,Domain A: Creating AV Solutions,Needs Analysis & Stakeholders,"In enterprise stakeholder needs scenario #24, an AV designer encounters conflicting priorities between the facilities department (prioritizing low maintenance and energy savings) and executive users (prioritizing instant-on readiness). What is the AVIXA-approved resolution process?",Ignore facilities and specify high-draw instant-on systems.,"Document the conflicting requirements, evaluate automation options (such as occupancy sensors with warm-standby modes that achieve fast wake-up while meeting energy targets), and present trade-offs in the Program Report.",Tell the executives they must wait 10 minutes for systems to boot.,Allow the two departments to settle the dispute in court.,B,"AVIXA methodology requires resolving conflicting needs through objective engineering analysis, identifying technical compromises (like low-power warm-standby with presence detection), and documenting options in the Program Report."
200,A,Domain A: Creating AV Solutions,Needs Analysis & Stakeholders,"In enterprise stakeholder needs scenario #25, an AV designer encounters conflicting priorities between the facilities department (prioritizing low maintenance and energy savings) and executive users (prioritizing instant-on readiness). What is the AVIXA-approved resolution process?",Ignore facilities and specify high-draw instant-on systems.,"Document the conflicting requirements, evaluate automation options (such as occupancy sensors with warm-standby modes that achieve fast wake-up while meeting energy targets), and present trade-offs in the Program Report.",Tell the executives they must wait 10 minutes for systems to boot.,Allow the two departments to settle the dispute in court.,B,"AVIXA methodology requires resolving conflicting needs through objective engineering analysis, identifying technical compromises (like low-power warm-standby with presence detection), and documenting options in the Program Report."
201,A,Domain A: Creating AV Solutions,Needs Analysis & Stakeholders,"In enterprise stakeholder needs scenario #26, an AV designer encounters conflicting priorities between the facilities department (prioritizing low maintenance and energy savings) and executive users (prioritizing instant-on readiness). What is the AVIXA-approved resolution process?",Ignore facilities and specify high-draw instant-on systems.,"Document the conflicting requirements, evaluate automation options (such as occupancy sensors with warm-standby modes that achieve fast wake-up while meeting energy targets), and present trade-offs in the Program Report.",Tell the executives they must wait 10 minutes for systems to boot.,Allow the two departments to settle the dispute in court.,B,"AVIXA methodology requires resolving conflicting needs through objective engineering analysis, identifying technical compromises (like low-power warm-standby with presence detection), and documenting options in the Program Report."
202,A,Domain A: Creating AV Solutions,Needs Analysis & Stakeholders,"In enterprise stakeholder needs scenario #27, an AV designer encounters conflicting priorities between the facilities department (prioritizing low maintenance and energy savings) and executive users (prioritizing instant-on readiness). What is the AVIXA-approved resolution process?",Ignore facilities and specify high-draw instant-on systems.,"Document the conflicting requirements, evaluate automation options (such as occupancy sensors with warm-standby modes that achieve fast wake-up while meeting energy targets), and present trade-offs in the Program Report.",Tell the executives they must wait 10 minutes for systems to boot.,Allow the two departments to settle the dispute in court.,B,"AVIXA methodology requires resolving conflicting needs through objective engineering analysis, identifying technical compromises (like low-power warm-standby with presence detection), and documenting options in the Program Report."
203,A,Domain A: Creating AV Solutions,Needs Analysis & Stakeholders,"In enterprise stakeholder needs scenario #28, an AV designer encounters conflicting priorities between the facilities department (prioritizing low maintenance and energy savings) and executive users (prioritizing instant-on readiness). What is the AVIXA-approved resolution process?",Ignore facilities and specify high-draw instant-on systems.,"Document the conflicting requirements, evaluate automation options (such as occupancy sensors with warm-standby modes that achieve fast wake-up while meeting energy targets), and present trade-offs in the Program Report.",Tell the executives they must wait 10 minutes for systems to boot.,Allow the two departments to settle the dispute in court.,B,"AVIXA methodology requires resolving conflicting needs through objective engineering analysis, identifying technical compromises (like low-power warm-standby with presence detection), and documenting options in the Program Report."
204,A,Domain A: Creating AV Solutions,Needs Analysis & Stakeholders,"In enterprise stakeholder needs scenario #29, an AV designer encounters conflicting priorities between the facilities department (prioritizing low maintenance and energy savings) and executive users (prioritizing instant-on readiness). What is the AVIXA-approved resolution process?",Ignore facilities and specify high-draw instant-on systems.,"Document the conflicting requirements, evaluate automation options (such as occupancy sensors with warm-standby modes that achieve fast wake-up while meeting energy targets), and present trade-offs in the Program Report.",Tell the executives they must wait 10 minutes for systems to boot.,Allow the two departments to settle the dispute in court.,B,"AVIXA methodology requires resolving conflicting needs through objective engineering analysis, identifying technical compromises (like low-power warm-standby with presence detection), and documenting options in the Program Report."
205,A,Domain A: Creating AV Solutions,Needs Analysis & Stakeholders,"In enterprise stakeholder needs scenario #30, an AV designer encounters conflicting priorities between the facilities department (prioritizing low maintenance and energy savings) and executive users (prioritizing instant-on readiness). What is the AVIXA-approved resolution process?",Ignore facilities and specify high-draw instant-on systems.,"Document the conflicting requirements, evaluate automation options (such as occupancy sensors with warm-standby modes that achieve fast wake-up while meeting energy targets), and present trade-offs in the Program Report.",Tell the executives they must wait 10 minutes for systems to boot.,Allow the two departments to settle the dispute in court.,B,"AVIXA methodology requires resolving conflicting needs through objective engineering analysis, identifying technical compromises (like low-power warm-standby with presence detection), and documenting options in the Program Report."
206,A,Domain A: Creating AV Solutions,Needs Analysis & Stakeholders,"In enterprise stakeholder needs scenario #31, an AV designer encounters conflicting priorities between the facilities department (prioritizing low maintenance and energy savings) and executive users (prioritizing instant-on readiness). What is the AVIXA-approved resolution process?",Ignore facilities and specify high-draw instant-on systems.,"Document the conflicting requirements, evaluate automation options (such as occupancy sensors with warm-standby modes that achieve fast wake-up while meeting energy targets), and present trade-offs in the Program Report.",Tell the executives they must wait 10 minutes for systems to boot.,Allow the two departments to settle the dispute in court.,B,"AVIXA methodology requires resolving conflicting needs through objective engineering analysis, identifying technical compromises (like low-power warm-standby with presence detection), and documenting options in the Program Report."
207,A,Domain A: Creating AV Solutions,Needs Analysis & Stakeholders,"In enterprise stakeholder needs scenario #32, an AV designer encounters conflicting priorities between the facilities department (prioritizing low maintenance and energy savings) and executive users (prioritizing instant-on readiness). What is the AVIXA-approved resolution process?",Ignore facilities and specify high-draw instant-on systems.,"Document the conflicting requirements, evaluate automation options (such as occupancy sensors with warm-standby modes that achieve fast wake-up while meeting energy targets), and present trade-offs in the Program Report.",Tell the executives they must wait 10 minutes for systems to boot.,Allow the two departments to settle the dispute in court.,B,"AVIXA methodology requires resolving conflicting needs through objective engineering analysis, identifying technical compromises (like low-power warm-standby with presence detection), and documenting options in the Program Report."
208,A,Domain A: Creating AV Solutions,Needs Analysis & Stakeholders,"In enterprise stakeholder needs scenario #33, an AV designer encounters conflicting priorities between the facilities department (prioritizing low maintenance and energy savings) and executive users (prioritizing instant-on readiness). What is the AVIXA-approved resolution process?",Ignore facilities and specify high-draw instant-on systems.,"Document the conflicting requirements, evaluate automation options (such as occupancy sensors with warm-standby modes that achieve fast wake-up while meeting energy targets), and present trade-offs in the Program Report.",Tell the executives they must wait 10 minutes for systems to boot.,Allow the two departments to settle the dispute in court.,B,"AVIXA methodology requires resolving conflicting needs through objective engineering analysis, identifying technical compromises (like low-power warm-standby with presence detection), and documenting options in the Program Report."
209,A,Domain A: Creating AV Solutions,Needs Analysis & Stakeholders,"In enterprise stakeholder needs scenario #34, an AV designer encounters conflicting priorities between the facilities department (prioritizing low maintenance and energy savings) and executive users (prioritizing instant-on readiness). What is the AVIXA-approved resolution process?",Ignore facilities and specify high-draw instant-on systems.,"Document the conflicting requirements, evaluate automation options (such as occupancy sensors with warm-standby modes that achieve fast wake-up while meeting energy targets), and present trade-offs in the Program Report.",Tell the executives they must wait 10 minutes for systems to boot.,Allow the two departments to settle the dispute in court.,B,"AVIXA methodology requires resolving conflicting needs through objective engineering analysis, identifying technical compromises (like low-power warm-standby with presence detection), and documenting options in the Program Report."
210,A,Domain A: Creating AV Solutions,Needs Analysis & Stakeholders,"In enterprise stakeholder needs scenario #35, an AV designer encounters conflicting priorities between the facilities department (prioritizing low maintenance and energy savings) and executive users (prioritizing instant-on readiness). What is the AVIXA-approved resolution process?",Ignore facilities and specify high-draw instant-on systems.,"Document the conflicting requirements, evaluate automation options (such as occupancy sensors with warm-standby modes that achieve fast wake-up while meeting energy targets), and present trade-offs in the Program Report.",Tell the executives they must wait 10 minutes for systems to boot.,Allow the two departments to settle the dispute in court.,B,"AVIXA methodology requires resolving conflicting needs through objective engineering analysis, identifying technical compromises (like low-power warm-standby with presence detection), and documenting options in the Program Report."
211,A,Domain A: Creating AV Solutions,Needs Analysis & Stakeholders,"In enterprise stakeholder needs scenario #36, an AV designer encounters conflicting priorities between the facilities department (prioritizing low maintenance and energy savings) and executive users (prioritizing instant-on readiness). What is the AVIXA-approved resolution process?",Ignore facilities and specify high-draw instant-on systems.,"Document the conflicting requirements, evaluate automation options (such as occupancy sensors with warm-standby modes that achieve fast wake-up while meeting energy targets), and present trade-offs in the Program Report.",Tell the executives they must wait 10 minutes for systems to boot.,Allow the two departments to settle the dispute in court.,B,"AVIXA methodology requires resolving conflicting needs through objective engineering analysis, identifying technical compromises (like low-power warm-standby with presence detection), and documenting options in the Program Report."
212,A,Domain A: Creating AV Solutions,Needs Analysis & Stakeholders,"In enterprise stakeholder needs scenario #37, an AV designer encounters conflicting priorities between the facilities department (prioritizing low maintenance and energy savings) and executive users (prioritizing instant-on readiness). What is the AVIXA-approved resolution process?",Ignore facilities and specify high-draw instant-on systems.,"Document the conflicting requirements, evaluate automation options (such as occupancy sensors with warm-standby modes that achieve fast wake-up while meeting energy targets), and present trade-offs in the Program Report.",Tell the executives they must wait 10 minutes for systems to boot.,Allow the two departments to settle the dispute in court.,B,"AVIXA methodology requires resolving conflicting needs through objective engineering analysis, identifying technical compromises (like low-power warm-standby with presence detection), and documenting options in the Program Report."
213,A,Domain A: Creating AV Solutions,Needs Analysis & Stakeholders,"In enterprise stakeholder needs scenario #38, an AV designer encounters conflicting priorities between the facilities department (prioritizing low maintenance and energy savings) and executive users (prioritizing instant-on readiness). What is the AVIXA-approved resolution process?",Ignore facilities and specify high-draw instant-on systems.,"Document the conflicting requirements, evaluate automation options (such as occupancy sensors with warm-standby modes that achieve fast wake-up while meeting energy targets), and present trade-offs in the Program Report.",Tell the executives they must wait 10 minutes for systems to boot.,Allow the two departments to settle the dispute in court.,B,"AVIXA methodology requires resolving conflicting needs through objective engineering analysis, identifying technical compromises (like low-power warm-standby with presence detection), and documenting options in the Program Report."
214,A,Domain A: Creating AV Solutions,Needs Analysis & Stakeholders,"In enterprise stakeholder needs scenario #39, an AV designer encounters conflicting priorities between the facilities department (prioritizing low maintenance and energy savings) and executive users (prioritizing instant-on readiness). What is the AVIXA-approved resolution process?",Ignore facilities and specify high-draw instant-on systems.,"Document the conflicting requirements, evaluate automation options (such as occupancy sensors with warm-standby modes that achieve fast wake-up while meeting energy targets), and present trade-offs in the Program Report.",Tell the executives they must wait 10 minutes for systems to boot.,Allow the two departments to settle the dispute in court.,B,"AVIXA methodology requires resolving conflicting needs through objective engineering analysis, identifying technical compromises (like low-power warm-standby with presence detection), and documenting options in the Program Report."
215,A,Domain A: Creating AV Solutions,Needs Analysis & Stakeholders,"In enterprise stakeholder needs scenario #40, an AV designer encounters conflicting priorities between the facilities department (prioritizing low maintenance and energy savings) and executive users (prioritizing instant-on readiness). What is the AVIXA-approved resolution process?",Ignore facilities and specify high-draw instant-on systems.,"Document the conflicting requirements, evaluate automation options (such as occupancy sensors with warm-standby modes that achieve fast wake-up while meeting energy targets), and present trade-offs in the Program Report.",Tell the executives they must wait 10 minutes for systems to boot.,Allow the two departments to settle the dispute in court.,B,"AVIXA methodology requires resolving conflicting needs through objective engineering analysis, identifying technical compromises (like low-power warm-standby with presence detection), and documenting options in the Program Report."
216,A,Domain A: Creating AV Solutions,Needs Analysis & Stakeholders,"In enterprise stakeholder needs scenario #41, an AV designer encounters conflicting priorities between the facilities department (prioritizing low maintenance and energy savings) and executive users (prioritizing instant-on readiness). What is the AVIXA-approved resolution process?",Ignore facilities and specify high-draw instant-on systems.,"Document the conflicting requirements, evaluate automation options (such as occupancy sensors with warm-standby modes that achieve fast wake-up while meeting energy targets), and present trade-offs in the Program Report.",Tell the executives they must wait 10 minutes for systems to boot.,Allow the two departments to settle the dispute in court.,B,"AVIXA methodology requires resolving conflicting needs through objective engineering analysis, identifying technical compromises (like low-power warm-standby with presence detection), and documenting options in the Program Report."
217,A,Domain A: Creating AV Solutions,Needs Analysis & Stakeholders,"In enterprise stakeholder needs scenario #42, an AV designer encounters conflicting priorities between the facilities department (prioritizing low maintenance and energy savings) and executive users (prioritizing instant-on readiness). What is the AVIXA-approved resolution process?",Ignore facilities and specify high-draw instant-on systems.,"Document the conflicting requirements, evaluate automation options (such as occupancy sensors with warm-standby modes that achieve fast wake-up while meeting energy targets), and present trade-offs in the Program Report.",Tell the executives they must wait 10 minutes for systems to boot.,Allow the two departments to settle the dispute in court.,B,"AVIXA methodology requires resolving conflicting needs through objective engineering analysis, identifying technical compromises (like low-power warm-standby with presence detection), and documenting options in the Program Report."
218,A,Domain A: Creating AV Solutions,Needs Analysis & Stakeholders,"In enterprise stakeholder needs scenario #43, an AV designer encounters conflicting priorities between the facilities department (prioritizing low maintenance and energy savings) and executive users (prioritizing instant-on readiness). What is the AVIXA-approved resolution process?",Ignore facilities and specify high-draw instant-on systems.,"Document the conflicting requirements, evaluate automation options (such as occupancy sensors with warm-standby modes that achieve fast wake-up while meeting energy targets), and present trade-offs in the Program Report.",Tell the executives they must wait 10 minutes for systems to boot.,Allow the two departments to settle the dispute in court.,B,"AVIXA methodology requires resolving conflicting needs through objective engineering analysis, identifying technical compromises (like low-power warm-standby with presence detection), and documenting options in the Program Report."
219,A,Domain A: Creating AV Solutions,Needs Analysis & Stakeholders,"In enterprise stakeholder needs scenario #44, an AV designer encounters conflicting priorities between the facilities department (prioritizing low maintenance and energy savings) and executive users (prioritizing instant-on readiness). What is the AVIXA-approved resolution process?",Ignore facilities and specify high-draw instant-on systems.,"Document the conflicting requirements, evaluate automation options (such as occupancy sensors with warm-standby modes that achieve fast wake-up while meeting energy targets), and present trade-offs in the Program Report.",Tell the executives they must wait 10 minutes for systems to boot.,Allow the two departments to settle the dispute in court.,B,"AVIXA methodology requires resolving conflicting needs through objective engineering analysis, identifying technical compromises (like low-power warm-standby with presence detection), and documenting options in the Program Report."
220,A,Domain A: Creating AV Solutions,Needs Analysis & Stakeholders,"In enterprise stakeholder needs scenario #45, an AV designer encounters conflicting priorities between the facilities department (prioritizing low maintenance and energy savings) and executive users (prioritizing instant-on readiness). What is the AVIXA-approved resolution process?",Ignore facilities and specify high-draw instant-on systems.,"Document the conflicting requirements, evaluate automation options (such as occupancy sensors with warm-standby modes that achieve fast wake-up while meeting energy targets), and present trade-offs in the Program Report.",Tell the executives they must wait 10 minutes for systems to boot.,Allow the two departments to settle the dispute in court.,B,"AVIXA methodology requires resolving conflicting needs through objective engineering analysis, identifying technical compromises (like low-power warm-standby with presence detection), and documenting options in the Program Report."
221,A,Domain A: Creating AV Solutions,Needs Analysis & Stakeholders,"In enterprise stakeholder needs scenario #46, an AV designer encounters conflicting priorities between the facilities department (prioritizing low maintenance and energy savings) and executive users (prioritizing instant-on readiness). What is the AVIXA-approved resolution process?",Ignore facilities and specify high-draw instant-on systems.,"Document the conflicting requirements, evaluate automation options (such as occupancy sensors with warm-standby modes that achieve fast wake-up while meeting energy targets), and present trade-offs in the Program Report.",Tell the executives they must wait 10 minutes for systems to boot.,Allow the two departments to settle the dispute in court.,B,"AVIXA methodology requires resolving conflicting needs through objective engineering analysis, identifying technical compromises (like low-power warm-standby with presence detection), and documenting options in the Program Report."
222,A,Domain A: Creating AV Solutions,Needs Analysis & Stakeholders,"In enterprise stakeholder needs scenario #47, an AV designer encounters conflicting priorities between the facilities department (prioritizing low maintenance and energy savings) and executive users (prioritizing instant-on readiness). What is the AVIXA-approved resolution process?",Ignore facilities and specify high-draw instant-on systems.,"Document the conflicting requirements, evaluate automation options (such as occupancy sensors with warm-standby modes that achieve fast wake-up while meeting energy targets), and present trade-offs in the Program Report.",Tell the executives they must wait 10 minutes for systems to boot.,Allow the two departments to settle the dispute in court.,B,"AVIXA methodology requires resolving conflicting needs through objective engineering analysis, identifying technical compromises (like low-power warm-standby with presence detection), and documenting options in the Program Report."
223,A,Domain A: Creating AV Solutions,Needs Analysis & Stakeholders,"In enterprise stakeholder needs scenario #48, an AV designer encounters conflicting priorities between the facilities department (prioritizing low maintenance and energy savings) and executive users (prioritizing instant-on readiness). What is the AVIXA-approved resolution process?",Ignore facilities and specify high-draw instant-on systems.,"Document the conflicting requirements, evaluate automation options (such as occupancy sensors with warm-standby modes that achieve fast wake-up while meeting energy targets), and present trade-offs in the Program Report.",Tell the executives they must wait 10 minutes for systems to boot.,Allow the two departments to settle the dispute in court.,B,"AVIXA methodology requires resolving conflicting needs through objective engineering analysis, identifying technical compromises (like low-power warm-standby with presence detection), and documenting options in the Program Report."
224,A,Domain A: Creating AV Solutions,Needs Analysis & Stakeholders,"In enterprise stakeholder needs scenario #49, an AV designer encounters conflicting priorities between the facilities department (prioritizing low maintenance and energy savings) and executive users (prioritizing instant-on readiness). What is the AVIXA-approved resolution process?",Ignore facilities and specify high-draw instant-on systems.,"Document the conflicting requirements, evaluate automation options (such as occupancy sensors with warm-standby modes that achieve fast wake-up while meeting energy targets), and present trade-offs in the Program Report.",Tell the executives they must wait 10 minutes for systems to boot.,Allow the two departments to settle the dispute in court.,B,"AVIXA methodology requires resolving conflicting needs through objective engineering analysis, identifying technical compromises (like low-power warm-standby with presence detection), and documenting options in the Program Report."
225,A,Domain A: Creating AV Solutions,Needs Analysis & Stakeholders,"In enterprise stakeholder needs scenario #50, an AV designer encounters conflicting priorities between the facilities department (prioritizing low maintenance and energy savings) and executive users (prioritizing instant-on readiness). What is the AVIXA-approved resolution process?",Ignore facilities and specify high-draw instant-on systems.,"Document the conflicting requirements, evaluate automation options (such as occupancy sensors with warm-standby modes that achieve fast wake-up while meeting energy targets), and present trade-offs in the Program Report.",Tell the executives they must wait 10 minutes for systems to boot.,Allow the two departments to settle the dispute in court.,B,"AVIXA methodology requires resolving conflicting needs through objective engineering analysis, identifying technical compromises (like low-power warm-standby with presence detection), and documenting options in the Program Report."
226,A,Domain A: Creating AV Solutions,Architectural Phases & Specifications,"In standard CSI MasterFormat specifications, which section specifically contains the general requirements for submittals, product substitutions, warranties, and project closeout across all trades?",Division 00 (Procurement and Contracting Requirements).,Division 01 (General Requirements).,Division 26 (Electrical).,Division 27 (Communications).,B,"CSI Division 01 (General Requirements) applies across all project divisions, establishing standard procedures for submittals, substitutions, payment applications, and contract closeout."
227,A,Domain A: Creating AV Solutions,Architectural Phases & Specifications,"During the Design Development (DD) phase of a new university science building, what level of detail is expected from the AV engineering drawings?",Rough conceptual bubble diagrams only.,"Coordinated floor plans showing device locations, preliminary conduit sizing, rack room layouts, acoustic criteria, and updated budget estimates reflecting refined system architecture.",Final as-built drawings after installation is finished.,The contractor's monthly billing application.,B,"Design Development advances Schematic Design: establishing definite system types, coordinated spatial requirements, conduit pathway routes, and structural/electrical loads for architectural coordination."
228,A,Domain A: Creating AV Solutions,Architectural Phases & Specifications,What is an 'Addendum' issued during the bidding phase of an AV project?,An extra amplifier added to an equipment rack.,"A formal written document issued by the design consultant to all prospective bidders to clarify, correct, or amend the contract documents prior to bid closing.",A penalty fine issued to late contractors.,The final commissioning sign-off sheet.,B,"Addenda formally modify bidding specifications and drawings during the tender period, ensuring all bidding integrators quote based on identical revised requirements."
229,A,Domain A: Creating AV Solutions,Architectural Phases & Specifications,"An AV contractor bidding on a project notices that the architectural drawings show an in-wall floor box, but the electrical drawings omit conduit to that location. How must the contractor handle this discrepancy during bidding?",Ignore it and bill for a change order after winning the job.,Submit a Pre-Bid Request for Information (RFI) or Bid Clarification inquiry to the architect prior to the deadline so an official Addendum can be issued to all bidders.,Tell the electrical contractor to figure it out later.,Bid on a wireless system instead.,B,Discrepancies discovered during bidding must be raised via formal pre-bid RFIs. Exploiting known drawing omissions for post-award change orders violates professional contracting standards.
230,A,Domain A: Creating AV Solutions,Architectural Phases & Specifications,"What is 'Value Engineering' (VE) in commercial construction, and when is it typically conducted?",Using broken equipment to save money.,"A systematic, multi-disciplinary review—often conducted after initial bids exceed budget—identifying alternative equipment models, simplified wiring, or phased deployments that reduce cost while preserving functional requirements.",Removing all warranty coverage from the contract.,Billing the client extra fees for engineering.,B,Value Engineering (VE) is a structured cost-reduction process that seeks lower-cost equipment or installation alternatives without sacrificing the owner's core operational capabilities.
231,A,Domain A: Creating AV Solutions,Architectural Phases & Specifications,What is the difference between 'Performance Specifications' and 'Prescriptive Specifications' in AV contract documents?,Performance specifications dictate analog equipment; prescriptive specifications dictate digital equipment.,"Performance specifications define required operational results, standards, and metrics (e.g. 50:1 contrast, 15 dB headroom) allowing contractor flexibility; prescriptive specifications dictate exact manufacturer model numbers, wire types, and installation methods.",Prescriptive specifications are illegal in commercial contracting.,Performance specifications only apply to audio amplifiers.,B,"Performance specs specify the 'what' (end performance criteria); prescriptive specs specify the 'how' (exact brands, models, and fabrication techniques)."
232,A,Domain A: Creating AV Solutions,Architectural Phases & Specifications,"In CSI Section 27 41 00, what type of document must the contractor submit under 'Part 1: General - Quality Assurance'?",The contractor's corporate tax return.,"Installer qualifications, including proof that the lead technician holds an active AVIXA CTS or CTS-I certification, and evidence of factory authorization from major specified manufacturers.",The personal driver's licenses of the installation crew.,Receipts for tools purchased at a hardware store.,B,"Quality Assurance specifications require evidence of contractor competence: certified personnel (CTS/CTS-I), factory authorizations, and proven commercial project experience."
233,A,Domain A: Creating AV Solutions,Architectural Phases & Specifications,What is a 'Certificate of Substantial Completion' (e.g. AIA Document G704)?,A document certifying that the contractor has pulled 50% of the cables.,"A formal legal document signed by the architect, contractor, and owner certifying that the AV installation is sufficiently complete and functional so the owner can occupy and utilize the space for its intended use.",A receipt for final payment.,An AVIXA certificate awarded to the project manager.,B,"Substantial Completion marks the milestone where the facility is fully operational, transferring insurance responsibility, starting warranty periods, and releasing retainage."
234,A,Domain A: Creating AV Solutions,Architectural Phases & Specifications,What is 'Retainage' (or Withholding) in an AV commercial contract?,Retaining the client's equipment in a secure warehouse.,"A percentage of each progress billing (typically 5% to 10%) withheld by the owner until all punch list items, closeout documents (as-builts, O&M manuals), and training are completed and approved.",A fee paid to the city building department.,Money kept by the contractor to buy tools.,B,Retainage ensures contractors remain financially motivated to complete punch list deficiencies and closeout administrative obligations before final account settlement.
235,A,Domain A: Creating AV Solutions,Architectural Phases & Specifications,What is the legal purpose of a 'Final Unconditional Lien Waiver' signed by an AV integrator upon receiving final payment?,It waives the client's right to use the equipment.,"It certifies that all equipment vendors, subcontractors, and laborers have been paid in full, legally releasing the owner's property from any future mechanics' liens.",It cancels all manufacturer warranties.,It allows the contractor to re-enter the facility without permission.,B,"Lien waivers protect property owners from claims by unpaid third-party suppliers or subcontractors, clearing the property title upon final payment."
236,A,Domain A: Creating AV Solutions,Architectural Phases & Specifications,"In contract administration scenario #11, during construction document review, an AV engineer must coordinate the demarcation table between Division 26 (Electrical) and Division 27 (AV). What is standard commercial practice for high-voltage power?",Division 27 (AV contractor) provides all in-wall high-voltage branch circuits and circuit breakers.,"Division 26 (Electrical contractor) provides and terminates all 120V/20A branch circuits, junction boxes, and isolated ground receptacles based on Division 27 coordination drawings.",Division 27 connects displays to existing lighting circuits.,High-voltage AC power is not permitted in AV spaces.,B,"Electrical contractors (Div 26) have sole legal jurisdiction over building electrical service, installing conduit, panelboards, branch circuits, and receptacles per AV engineering drawings."
237,A,Domain A: Creating AV Solutions,Architectural Phases & Specifications,"In contract administration scenario #12, during construction document review, an AV engineer must coordinate the demarcation table between Division 26 (Electrical) and Division 27 (AV). What is standard commercial practice for high-voltage power?",Division 27 (AV contractor) provides all in-wall high-voltage branch circuits and circuit breakers.,"Division 26 (Electrical contractor) provides and terminates all 120V/20A branch circuits, junction boxes, and isolated ground receptacles based on Division 27 coordination drawings.",Division 27 connects displays to existing lighting circuits.,High-voltage AC power is not permitted in AV spaces.,B,"Electrical contractors (Div 26) have sole legal jurisdiction over building electrical service, installing conduit, panelboards, branch circuits, and receptacles per AV engineering drawings."
238,A,Domain A: Creating AV Solutions,Architectural Phases & Specifications,"In contract administration scenario #13, during construction document review, an AV engineer must coordinate the demarcation table between Division 26 (Electrical) and Division 27 (AV). What is standard commercial practice for high-voltage power?",Division 27 (AV contractor) provides all in-wall high-voltage branch circuits and circuit breakers.,"Division 26 (Electrical contractor) provides and terminates all 120V/20A branch circuits, junction boxes, and isolated ground receptacles based on Division 27 coordination drawings.",Division 27 connects displays to existing lighting circuits.,High-voltage AC power is not permitted in AV spaces.,B,"Electrical contractors (Div 26) have sole legal jurisdiction over building electrical service, installing conduit, panelboards, branch circuits, and receptacles per AV engineering drawings."
239,A,Domain A: Creating AV Solutions,Architectural Phases & Specifications,"In contract administration scenario #14, during construction document review, an AV engineer must coordinate the demarcation table between Division 26 (Electrical) and Division 27 (AV). What is standard commercial practice for high-voltage power?",Division 27 (AV contractor) provides all in-wall high-voltage branch circuits and circuit breakers.,"Division 26 (Electrical contractor) provides and terminates all 120V/20A branch circuits, junction boxes, and isolated ground receptacles based on Division 27 coordination drawings.",Division 27 connects displays to existing lighting circuits.,High-voltage AC power is not permitted in AV spaces.,B,"Electrical contractors (Div 26) have sole legal jurisdiction over building electrical service, installing conduit, panelboards, branch circuits, and receptacles per AV engineering drawings."
240,A,Domain A: Creating AV Solutions,Architectural Phases & Specifications,"In contract administration scenario #15, during construction document review, an AV engineer must coordinate the demarcation table between Division 26 (Electrical) and Division 27 (AV). What is standard commercial practice for high-voltage power?",Division 27 (AV contractor) provides all in-wall high-voltage branch circuits and circuit breakers.,"Division 26 (Electrical contractor) provides and terminates all 120V/20A branch circuits, junction boxes, and isolated ground receptacles based on Division 27 coordination drawings.",Division 27 connects displays to existing lighting circuits.,High-voltage AC power is not permitted in AV spaces.,B,"Electrical contractors (Div 26) have sole legal jurisdiction over building electrical service, installing conduit, panelboards, branch circuits, and receptacles per AV engineering drawings."
241,A,Domain A: Creating AV Solutions,Architectural Phases & Specifications,"In contract administration scenario #16, during construction document review, an AV engineer must coordinate the demarcation table between Division 26 (Electrical) and Division 27 (AV). What is standard commercial practice for high-voltage power?",Division 27 (AV contractor) provides all in-wall high-voltage branch circuits and circuit breakers.,"Division 26 (Electrical contractor) provides and terminates all 120V/20A branch circuits, junction boxes, and isolated ground receptacles based on Division 27 coordination drawings.",Division 27 connects displays to existing lighting circuits.,High-voltage AC power is not permitted in AV spaces.,B,"Electrical contractors (Div 26) have sole legal jurisdiction over building electrical service, installing conduit, panelboards, branch circuits, and receptacles per AV engineering drawings."
242,A,Domain A: Creating AV Solutions,Architectural Phases & Specifications,"In contract administration scenario #17, during construction document review, an AV engineer must coordinate the demarcation table between Division 26 (Electrical) and Division 27 (AV). What is standard commercial practice for high-voltage power?",Division 27 (AV contractor) provides all in-wall high-voltage branch circuits and circuit breakers.,"Division 26 (Electrical contractor) provides and terminates all 120V/20A branch circuits, junction boxes, and isolated ground receptacles based on Division 27 coordination drawings.",Division 27 connects displays to existing lighting circuits.,High-voltage AC power is not permitted in AV spaces.,B,"Electrical contractors (Div 26) have sole legal jurisdiction over building electrical service, installing conduit, panelboards, branch circuits, and receptacles per AV engineering drawings."
243,A,Domain A: Creating AV Solutions,Architectural Phases & Specifications,"In contract administration scenario #18, during construction document review, an AV engineer must coordinate the demarcation table between Division 26 (Electrical) and Division 27 (AV). What is standard commercial practice for high-voltage power?",Division 27 (AV contractor) provides all in-wall high-voltage branch circuits and circuit breakers.,"Division 26 (Electrical contractor) provides and terminates all 120V/20A branch circuits, junction boxes, and isolated ground receptacles based on Division 27 coordination drawings.",Division 27 connects displays to existing lighting circuits.,High-voltage AC power is not permitted in AV spaces.,B,"Electrical contractors (Div 26) have sole legal jurisdiction over building electrical service, installing conduit, panelboards, branch circuits, and receptacles per AV engineering drawings."
244,A,Domain A: Creating AV Solutions,Architectural Phases & Specifications,"In contract administration scenario #19, during construction document review, an AV engineer must coordinate the demarcation table between Division 26 (Electrical) and Division 27 (AV). What is standard commercial practice for high-voltage power?",Division 27 (AV contractor) provides all in-wall high-voltage branch circuits and circuit breakers.,"Division 26 (Electrical contractor) provides and terminates all 120V/20A branch circuits, junction boxes, and isolated ground receptacles based on Division 27 coordination drawings.",Division 27 connects displays to existing lighting circuits.,High-voltage AC power is not permitted in AV spaces.,B,"Electrical contractors (Div 26) have sole legal jurisdiction over building electrical service, installing conduit, panelboards, branch circuits, and receptacles per AV engineering drawings."
245,A,Domain A: Creating AV Solutions,Architectural Phases & Specifications,"In contract administration scenario #20, during construction document review, an AV engineer must coordinate the demarcation table between Division 26 (Electrical) and Division 27 (AV). What is standard commercial practice for high-voltage power?",Division 27 (AV contractor) provides all in-wall high-voltage branch circuits and circuit breakers.,"Division 26 (Electrical contractor) provides and terminates all 120V/20A branch circuits, junction boxes, and isolated ground receptacles based on Division 27 coordination drawings.",Division 27 connects displays to existing lighting circuits.,High-voltage AC power is not permitted in AV spaces.,B,"Electrical contractors (Div 26) have sole legal jurisdiction over building electrical service, installing conduit, panelboards, branch circuits, and receptacles per AV engineering drawings."
246,A,Domain A: Creating AV Solutions,Architectural Phases & Specifications,"In contract administration scenario #21, during construction document review, an AV engineer must coordinate the demarcation table between Division 26 (Electrical) and Division 27 (AV). What is standard commercial practice for high-voltage power?",Division 27 (AV contractor) provides all in-wall high-voltage branch circuits and circuit breakers.,"Division 26 (Electrical contractor) provides and terminates all 120V/20A branch circuits, junction boxes, and isolated ground receptacles based on Division 27 coordination drawings.",Division 27 connects displays to existing lighting circuits.,High-voltage AC power is not permitted in AV spaces.,B,"Electrical contractors (Div 26) have sole legal jurisdiction over building electrical service, installing conduit, panelboards, branch circuits, and receptacles per AV engineering drawings."
247,A,Domain A: Creating AV Solutions,Architectural Phases & Specifications,"In contract administration scenario #22, during construction document review, an AV engineer must coordinate the demarcation table between Division 26 (Electrical) and Division 27 (AV). What is standard commercial practice for high-voltage power?",Division 27 (AV contractor) provides all in-wall high-voltage branch circuits and circuit breakers.,"Division 26 (Electrical contractor) provides and terminates all 120V/20A branch circuits, junction boxes, and isolated ground receptacles based on Division 27 coordination drawings.",Division 27 connects displays to existing lighting circuits.,High-voltage AC power is not permitted in AV spaces.,B,"Electrical contractors (Div 26) have sole legal jurisdiction over building electrical service, installing conduit, panelboards, branch circuits, and receptacles per AV engineering drawings."
248,A,Domain A: Creating AV Solutions,Architectural Phases & Specifications,"In contract administration scenario #23, during construction document review, an AV engineer must coordinate the demarcation table between Division 26 (Electrical) and Division 27 (AV). What is standard commercial practice for high-voltage power?",Division 27 (AV contractor) provides all in-wall high-voltage branch circuits and circuit breakers.,"Division 26 (Electrical contractor) provides and terminates all 120V/20A branch circuits, junction boxes, and isolated ground receptacles based on Division 27 coordination drawings.",Division 27 connects displays to existing lighting circuits.,High-voltage AC power is not permitted in AV spaces.,B,"Electrical contractors (Div 26) have sole legal jurisdiction over building electrical service, installing conduit, panelboards, branch circuits, and receptacles per AV engineering drawings."
249,A,Domain A: Creating AV Solutions,Architectural Phases & Specifications,"In contract administration scenario #24, during construction document review, an AV engineer must coordinate the demarcation table between Division 26 (Electrical) and Division 27 (AV). What is standard commercial practice for high-voltage power?",Division 27 (AV contractor) provides all in-wall high-voltage branch circuits and circuit breakers.,"Division 26 (Electrical contractor) provides and terminates all 120V/20A branch circuits, junction boxes, and isolated ground receptacles based on Division 27 coordination drawings.",Division 27 connects displays to existing lighting circuits.,High-voltage AC power is not permitted in AV spaces.,B,"Electrical contractors (Div 26) have sole legal jurisdiction over building electrical service, installing conduit, panelboards, branch circuits, and receptacles per AV engineering drawings."
250,A,Domain A: Creating AV Solutions,Architectural Phases & Specifications,"In contract administration scenario #25, during construction document review, an AV engineer must coordinate the demarcation table between Division 26 (Electrical) and Division 27 (AV). What is standard commercial practice for high-voltage power?",Division 27 (AV contractor) provides all in-wall high-voltage branch circuits and circuit breakers.,"Division 26 (Electrical contractor) provides and terminates all 120V/20A branch circuits, junction boxes, and isolated ground receptacles based on Division 27 coordination drawings.",Division 27 connects displays to existing lighting circuits.,High-voltage AC power is not permitted in AV spaces.,B,"Electrical contractors (Div 26) have sole legal jurisdiction over building electrical service, installing conduit, panelboards, branch circuits, and receptacles per AV engineering drawings."
251,A,Domain A: Creating AV Solutions,Architectural Phases & Specifications,"In contract administration scenario #26, during construction document review, an AV engineer must coordinate the demarcation table between Division 26 (Electrical) and Division 27 (AV). What is standard commercial practice for high-voltage power?",Division 27 (AV contractor) provides all in-wall high-voltage branch circuits and circuit breakers.,"Division 26 (Electrical contractor) provides and terminates all 120V/20A branch circuits, junction boxes, and isolated ground receptacles based on Division 27 coordination drawings.",Division 27 connects displays to existing lighting circuits.,High-voltage AC power is not permitted in AV spaces.,B,"Electrical contractors (Div 26) have sole legal jurisdiction over building electrical service, installing conduit, panelboards, branch circuits, and receptacles per AV engineering drawings."
252,A,Domain A: Creating AV Solutions,Architectural Phases & Specifications,"In contract administration scenario #27, during construction document review, an AV engineer must coordinate the demarcation table between Division 26 (Electrical) and Division 27 (AV). What is standard commercial practice for high-voltage power?",Division 27 (AV contractor) provides all in-wall high-voltage branch circuits and circuit breakers.,"Division 26 (Electrical contractor) provides and terminates all 120V/20A branch circuits, junction boxes, and isolated ground receptacles based on Division 27 coordination drawings.",Division 27 connects displays to existing lighting circuits.,High-voltage AC power is not permitted in AV spaces.,B,"Electrical contractors (Div 26) have sole legal jurisdiction over building electrical service, installing conduit, panelboards, branch circuits, and receptacles per AV engineering drawings."
253,A,Domain A: Creating AV Solutions,Architectural Phases & Specifications,"In contract administration scenario #28, during construction document review, an AV engineer must coordinate the demarcation table between Division 26 (Electrical) and Division 27 (AV). What is standard commercial practice for high-voltage power?",Division 27 (AV contractor) provides all in-wall high-voltage branch circuits and circuit breakers.,"Division 26 (Electrical contractor) provides and terminates all 120V/20A branch circuits, junction boxes, and isolated ground receptacles based on Division 27 coordination drawings.",Division 27 connects displays to existing lighting circuits.,High-voltage AC power is not permitted in AV spaces.,B,"Electrical contractors (Div 26) have sole legal jurisdiction over building electrical service, installing conduit, panelboards, branch circuits, and receptacles per AV engineering drawings."
254,A,Domain A: Creating AV Solutions,Architectural Phases & Specifications,"In contract administration scenario #29, during construction document review, an AV engineer must coordinate the demarcation table between Division 26 (Electrical) and Division 27 (AV). What is standard commercial practice for high-voltage power?",Division 27 (AV contractor) provides all in-wall high-voltage branch circuits and circuit breakers.,"Division 26 (Electrical contractor) provides and terminates all 120V/20A branch circuits, junction boxes, and isolated ground receptacles based on Division 27 coordination drawings.",Division 27 connects displays to existing lighting circuits.,High-voltage AC power is not permitted in AV spaces.,B,"Electrical contractors (Div 26) have sole legal jurisdiction over building electrical service, installing conduit, panelboards, branch circuits, and receptacles per AV engineering drawings."
255,A,Domain A: Creating AV Solutions,Architectural Phases & Specifications,"In contract administration scenario #30, during construction document review, an AV engineer must coordinate the demarcation table between Division 26 (Electrical) and Division 27 (AV). What is standard commercial practice for high-voltage power?",Division 27 (AV contractor) provides all in-wall high-voltage branch circuits and circuit breakers.,"Division 26 (Electrical contractor) provides and terminates all 120V/20A branch circuits, junction boxes, and isolated ground receptacles based on Division 27 coordination drawings.",Division 27 connects displays to existing lighting circuits.,High-voltage AC power is not permitted in AV spaces.,B,"Electrical contractors (Div 26) have sole legal jurisdiction over building electrical service, installing conduit, panelboards, branch circuits, and receptacles per AV engineering drawings."
256,A,Domain A: Creating AV Solutions,Architectural Phases & Specifications,"In contract administration scenario #31, during construction document review, an AV engineer must coordinate the demarcation table between Division 26 (Electrical) and Division 27 (AV). What is standard commercial practice for high-voltage power?",Division 27 (AV contractor) provides all in-wall high-voltage branch circuits and circuit breakers.,"Division 26 (Electrical contractor) provides and terminates all 120V/20A branch circuits, junction boxes, and isolated ground receptacles based on Division 27 coordination drawings.",Division 27 connects displays to existing lighting circuits.,High-voltage AC power is not permitted in AV spaces.,B,"Electrical contractors (Div 26) have sole legal jurisdiction over building electrical service, installing conduit, panelboards, branch circuits, and receptacles per AV engineering drawings."
257,A,Domain A: Creating AV Solutions,Architectural Phases & Specifications,"In contract administration scenario #32, during construction document review, an AV engineer must coordinate the demarcation table between Division 26 (Electrical) and Division 27 (AV). What is standard commercial practice for high-voltage power?",Division 27 (AV contractor) provides all in-wall high-voltage branch circuits and circuit breakers.,"Division 26 (Electrical contractor) provides and terminates all 120V/20A branch circuits, junction boxes, and isolated ground receptacles based on Division 27 coordination drawings.",Division 27 connects displays to existing lighting circuits.,High-voltage AC power is not permitted in AV spaces.,B,"Electrical contractors (Div 26) have sole legal jurisdiction over building electrical service, installing conduit, panelboards, branch circuits, and receptacles per AV engineering drawings."
258,A,Domain A: Creating AV Solutions,Architectural Phases & Specifications,"In contract administration scenario #33, during construction document review, an AV engineer must coordinate the demarcation table between Division 26 (Electrical) and Division 27 (AV). What is standard commercial practice for high-voltage power?",Division 27 (AV contractor) provides all in-wall high-voltage branch circuits and circuit breakers.,"Division 26 (Electrical contractor) provides and terminates all 120V/20A branch circuits, junction boxes, and isolated ground receptacles based on Division 27 coordination drawings.",Division 27 connects displays to existing lighting circuits.,High-voltage AC power is not permitted in AV spaces.,B,"Electrical contractors (Div 26) have sole legal jurisdiction over building electrical service, installing conduit, panelboards, branch circuits, and receptacles per AV engineering drawings."
259,A,Domain A: Creating AV Solutions,Architectural Phases & Specifications,"In contract administration scenario #34, during construction document review, an AV engineer must coordinate the demarcation table between Division 26 (Electrical) and Division 27 (AV). What is standard commercial practice for high-voltage power?",Division 27 (AV contractor) provides all in-wall high-voltage branch circuits and circuit breakers.,"Division 26 (Electrical contractor) provides and terminates all 120V/20A branch circuits, junction boxes, and isolated ground receptacles based on Division 27 coordination drawings.",Division 27 connects displays to existing lighting circuits.,High-voltage AC power is not permitted in AV spaces.,B,"Electrical contractors (Div 26) have sole legal jurisdiction over building electrical service, installing conduit, panelboards, branch circuits, and receptacles per AV engineering drawings."
260,A,Domain A: Creating AV Solutions,Architectural Phases & Specifications,"In contract administration scenario #35, during construction document review, an AV engineer must coordinate the demarcation table between Division 26 (Electrical) and Division 27 (AV). What is standard commercial practice for high-voltage power?",Division 27 (AV contractor) provides all in-wall high-voltage branch circuits and circuit breakers.,"Division 26 (Electrical contractor) provides and terminates all 120V/20A branch circuits, junction boxes, and isolated ground receptacles based on Division 27 coordination drawings.",Division 27 connects displays to existing lighting circuits.,High-voltage AC power is not permitted in AV spaces.,B,"Electrical contractors (Div 26) have sole legal jurisdiction over building electrical service, installing conduit, panelboards, branch circuits, and receptacles per AV engineering drawings."
261,A,Domain A: Creating AV Solutions,Architectural Phases & Specifications,"In contract administration scenario #36, during construction document review, an AV engineer must coordinate the demarcation table between Division 26 (Electrical) and Division 27 (AV). What is standard commercial practice for high-voltage power?",Division 27 (AV contractor) provides all in-wall high-voltage branch circuits and circuit breakers.,"Division 26 (Electrical contractor) provides and terminates all 120V/20A branch circuits, junction boxes, and isolated ground receptacles based on Division 27 coordination drawings.",Division 27 connects displays to existing lighting circuits.,High-voltage AC power is not permitted in AV spaces.,B,"Electrical contractors (Div 26) have sole legal jurisdiction over building electrical service, installing conduit, panelboards, branch circuits, and receptacles per AV engineering drawings."
262,A,Domain A: Creating AV Solutions,Architectural Phases & Specifications,"In contract administration scenario #37, during construction document review, an AV engineer must coordinate the demarcation table between Division 26 (Electrical) and Division 27 (AV). What is standard commercial practice for high-voltage power?",Division 27 (AV contractor) provides all in-wall high-voltage branch circuits and circuit breakers.,"Division 26 (Electrical contractor) provides and terminates all 120V/20A branch circuits, junction boxes, and isolated ground receptacles based on Division 27 coordination drawings.",Division 27 connects displays to existing lighting circuits.,High-voltage AC power is not permitted in AV spaces.,B,"Electrical contractors (Div 26) have sole legal jurisdiction over building electrical service, installing conduit, panelboards, branch circuits, and receptacles per AV engineering drawings."
263,A,Domain A: Creating AV Solutions,Architectural Phases & Specifications,"In contract administration scenario #38, during construction document review, an AV engineer must coordinate the demarcation table between Division 26 (Electrical) and Division 27 (AV). What is standard commercial practice for high-voltage power?",Division 27 (AV contractor) provides all in-wall high-voltage branch circuits and circuit breakers.,"Division 26 (Electrical contractor) provides and terminates all 120V/20A branch circuits, junction boxes, and isolated ground receptacles based on Division 27 coordination drawings.",Division 27 connects displays to existing lighting circuits.,High-voltage AC power is not permitted in AV spaces.,B,"Electrical contractors (Div 26) have sole legal jurisdiction over building electrical service, installing conduit, panelboards, branch circuits, and receptacles per AV engineering drawings."
264,A,Domain A: Creating AV Solutions,Architectural Phases & Specifications,"In contract administration scenario #39, during construction document review, an AV engineer must coordinate the demarcation table between Division 26 (Electrical) and Division 27 (AV). What is standard commercial practice for high-voltage power?",Division 27 (AV contractor) provides all in-wall high-voltage branch circuits and circuit breakers.,"Division 26 (Electrical contractor) provides and terminates all 120V/20A branch circuits, junction boxes, and isolated ground receptacles based on Division 27 coordination drawings.",Division 27 connects displays to existing lighting circuits.,High-voltage AC power is not permitted in AV spaces.,B,"Electrical contractors (Div 26) have sole legal jurisdiction over building electrical service, installing conduit, panelboards, branch circuits, and receptacles per AV engineering drawings."
265,A,Domain A: Creating AV Solutions,Architectural Phases & Specifications,"In contract administration scenario #40, during construction document review, an AV engineer must coordinate the demarcation table between Division 26 (Electrical) and Division 27 (AV). What is standard commercial practice for high-voltage power?",Division 27 (AV contractor) provides all in-wall high-voltage branch circuits and circuit breakers.,"Division 26 (Electrical contractor) provides and terminates all 120V/20A branch circuits, junction boxes, and isolated ground receptacles based on Division 27 coordination drawings.",Division 27 connects displays to existing lighting circuits.,High-voltage AC power is not permitted in AV spaces.,B,"Electrical contractors (Div 26) have sole legal jurisdiction over building electrical service, installing conduit, panelboards, branch circuits, and receptacles per AV engineering drawings."
266,A,Domain A: Creating AV Solutions,Architectural Phases & Specifications,"In contract administration scenario #41, during construction document review, an AV engineer must coordinate the demarcation table between Division 26 (Electrical) and Division 27 (AV). What is standard commercial practice for high-voltage power?",Division 27 (AV contractor) provides all in-wall high-voltage branch circuits and circuit breakers.,"Division 26 (Electrical contractor) provides and terminates all 120V/20A branch circuits, junction boxes, and isolated ground receptacles based on Division 27 coordination drawings.",Division 27 connects displays to existing lighting circuits.,High-voltage AC power is not permitted in AV spaces.,B,"Electrical contractors (Div 26) have sole legal jurisdiction over building electrical service, installing conduit, panelboards, branch circuits, and receptacles per AV engineering drawings."
267,A,Domain A: Creating AV Solutions,Architectural Phases & Specifications,"In contract administration scenario #42, during construction document review, an AV engineer must coordinate the demarcation table between Division 26 (Electrical) and Division 27 (AV). What is standard commercial practice for high-voltage power?",Division 27 (AV contractor) provides all in-wall high-voltage branch circuits and circuit breakers.,"Division 26 (Electrical contractor) provides and terminates all 120V/20A branch circuits, junction boxes, and isolated ground receptacles based on Division 27 coordination drawings.",Division 27 connects displays to existing lighting circuits.,High-voltage AC power is not permitted in AV spaces.,B,"Electrical contractors (Div 26) have sole legal jurisdiction over building electrical service, installing conduit, panelboards, branch circuits, and receptacles per AV engineering drawings."
268,A,Domain A: Creating AV Solutions,Architectural Phases & Specifications,"In contract administration scenario #43, during construction document review, an AV engineer must coordinate the demarcation table between Division 26 (Electrical) and Division 27 (AV). What is standard commercial practice for high-voltage power?",Division 27 (AV contractor) provides all in-wall high-voltage branch circuits and circuit breakers.,"Division 26 (Electrical contractor) provides and terminates all 120V/20A branch circuits, junction boxes, and isolated ground receptacles based on Division 27 coordination drawings.",Division 27 connects displays to existing lighting circuits.,High-voltage AC power is not permitted in AV spaces.,B,"Electrical contractors (Div 26) have sole legal jurisdiction over building electrical service, installing conduit, panelboards, branch circuits, and receptacles per AV engineering drawings."
269,A,Domain A: Creating AV Solutions,Architectural Phases & Specifications,"In contract administration scenario #44, during construction document review, an AV engineer must coordinate the demarcation table between Division 26 (Electrical) and Division 27 (AV). What is standard commercial practice for high-voltage power?",Division 27 (AV contractor) provides all in-wall high-voltage branch circuits and circuit breakers.,"Division 26 (Electrical contractor) provides and terminates all 120V/20A branch circuits, junction boxes, and isolated ground receptacles based on Division 27 coordination drawings.",Division 27 connects displays to existing lighting circuits.,High-voltage AC power is not permitted in AV spaces.,B,"Electrical contractors (Div 26) have sole legal jurisdiction over building electrical service, installing conduit, panelboards, branch circuits, and receptacles per AV engineering drawings."
270,A,Domain A: Creating AV Solutions,Architectural Phases & Specifications,"In contract administration scenario #45, during construction document review, an AV engineer must coordinate the demarcation table between Division 26 (Electrical) and Division 27 (AV). What is standard commercial practice for high-voltage power?",Division 27 (AV contractor) provides all in-wall high-voltage branch circuits and circuit breakers.,"Division 26 (Electrical contractor) provides and terminates all 120V/20A branch circuits, junction boxes, and isolated ground receptacles based on Division 27 coordination drawings.",Division 27 connects displays to existing lighting circuits.,High-voltage AC power is not permitted in AV spaces.,B,"Electrical contractors (Div 26) have sole legal jurisdiction over building electrical service, installing conduit, panelboards, branch circuits, and receptacles per AV engineering drawings."
271,A,Domain A: Creating AV Solutions,Architectural Phases & Specifications,"In contract administration scenario #46, during construction document review, an AV engineer must coordinate the demarcation table between Division 26 (Electrical) and Division 27 (AV). What is standard commercial practice for high-voltage power?",Division 27 (AV contractor) provides all in-wall high-voltage branch circuits and circuit breakers.,"Division 26 (Electrical contractor) provides and terminates all 120V/20A branch circuits, junction boxes, and isolated ground receptacles based on Division 27 coordination drawings.",Division 27 connects displays to existing lighting circuits.,High-voltage AC power is not permitted in AV spaces.,B,"Electrical contractors (Div 26) have sole legal jurisdiction over building electrical service, installing conduit, panelboards, branch circuits, and receptacles per AV engineering drawings."
272,A,Domain A: Creating AV Solutions,Architectural Phases & Specifications,"In contract administration scenario #47, during construction document review, an AV engineer must coordinate the demarcation table between Division 26 (Electrical) and Division 27 (AV). What is standard commercial practice for high-voltage power?",Division 27 (AV contractor) provides all in-wall high-voltage branch circuits and circuit breakers.,"Division 26 (Electrical contractor) provides and terminates all 120V/20A branch circuits, junction boxes, and isolated ground receptacles based on Division 27 coordination drawings.",Division 27 connects displays to existing lighting circuits.,High-voltage AC power is not permitted in AV spaces.,B,"Electrical contractors (Div 26) have sole legal jurisdiction over building electrical service, installing conduit, panelboards, branch circuits, and receptacles per AV engineering drawings."
273,A,Domain A: Creating AV Solutions,Architectural Phases & Specifications,"In contract administration scenario #48, during construction document review, an AV engineer must coordinate the demarcation table between Division 26 (Electrical) and Division 27 (AV). What is standard commercial practice for high-voltage power?",Division 27 (AV contractor) provides all in-wall high-voltage branch circuits and circuit breakers.,"Division 26 (Electrical contractor) provides and terminates all 120V/20A branch circuits, junction boxes, and isolated ground receptacles based on Division 27 coordination drawings.",Division 27 connects displays to existing lighting circuits.,High-voltage AC power is not permitted in AV spaces.,B,"Electrical contractors (Div 26) have sole legal jurisdiction over building electrical service, installing conduit, panelboards, branch circuits, and receptacles per AV engineering drawings."
274,A,Domain A: Creating AV Solutions,Architectural Phases & Specifications,"In contract administration scenario #49, during construction document review, an AV engineer must coordinate the demarcation table between Division 26 (Electrical) and Division 27 (AV). What is standard commercial practice for high-voltage power?",Division 27 (AV contractor) provides all in-wall high-voltage branch circuits and circuit breakers.,"Division 26 (Electrical contractor) provides and terminates all 120V/20A branch circuits, junction boxes, and isolated ground receptacles based on Division 27 coordination drawings.",Division 27 connects displays to existing lighting circuits.,High-voltage AC power is not permitted in AV spaces.,B,"Electrical contractors (Div 26) have sole legal jurisdiction over building electrical service, installing conduit, panelboards, branch circuits, and receptacles per AV engineering drawings."
275,A,Domain A: Creating AV Solutions,Architectural Phases & Specifications,"In contract administration scenario #50, during construction document review, an AV engineer must coordinate the demarcation table between Division 26 (Electrical) and Division 27 (AV). What is standard commercial practice for high-voltage power?",Division 27 (AV contractor) provides all in-wall high-voltage branch circuits and circuit breakers.,"Division 26 (Electrical contractor) provides and terminates all 120V/20A branch circuits, junction boxes, and isolated ground receptacles based on Division 27 coordination drawings.",Division 27 connects displays to existing lighting circuits.,High-voltage AC power is not permitted in AV spaces.,B,"Electrical contractors (Div 26) have sole legal jurisdiction over building electrical service, installing conduit, panelboards, branch circuits, and receptacles per AV engineering drawings."
276,A,Domain A: Creating AV Solutions,Trade Coordination & Demarcation,"An AV integrator is installing a multi-display video wall in an executive lobby. During site inspection, the lead installer discovers that the drywall wall has no structural wood blocking or plywood reinforcement behind the metal studs. What is the correct professional procedure?",Use heavy-duty toggle bolts directly through the drywall and hang the video wall.,"Halt mounting work, submit an immediate coordination notice/RFI to the General Contractor, and require certified structural backing to be installed before mounting the displays.",Use construction adhesive to glue the mounts to the drywall.,Tell the client to place the displays on the floor.,B,Video wall assemblies impose high static and dynamic shear loads on wall studs. Mounting to unreinforced drywall or bare metal studs without solid backing violates structural safety standards and risks collapse.
277,A,Domain A: Creating AV Solutions,Trade Coordination & Demarcation,"During pre-install coordination, the HVAC contractor submits shop drawings showing a 24-inch supply air duct running directly across the primary ceiling projector throw path. How should the AV Project Manager resolve this clash?",Cut a hole through the HVAC duct on site.,"Submit an RFI to the architect and mechanical engineer documenting the geometric optical clash, proposing either rerouting the duct or adjusting the projector mount location and lens throw ratio.",Mount the projector behind the duct and project through a mirror.,Tell the client that projection is impossible.,B,"Physical spatial clashes must be coordinated through the design team via an RFI, allowing mechanical engineers to jog the duct or AV engineers to adjust lens optics before fabrication."
278,A,Domain A: Creating AV Solutions,Trade Coordination & Demarcation,Who is responsible for verifying that floor core penetrations for table AV boxes do not sever embedded electrical conduits or structural tension cables in a post-tensioned concrete slab?,The AV apprentice with a hammer drill.,"The General Contractor, utilizing certified Ground Penetrating Radar (GPR) / X-ray scanning and obtaining sign-off from the licensed Structural Engineer.",The furniture vendor.,The display manufacturer.,B,Severing post-tension structural cables causes structural slab failure. Certified concrete scanning (GPR) and structural engineer approval are legally mandatory prior to coring.
279,A,Domain A: Creating AV Solutions,Trade Coordination & Demarcation,"During a site survey, an AV designer discovers that the equipment room has an ambient temperature of 88°F (31°C) with no dedicated air supply or exhaust. The planned AV rack consumes 3,500 Watts of continuous power. What must the designer coordinate with the mechanical engineer?",Ask for a desk fan to be plugged into the rack.,"Calculate the total heat dissipation ($3,500\text{ W} \times 3.412 = 11,942\text{ BTU/hr}$) and submit an RFI requesting dedicated HVAC cooling (approximately 1 ton of cooling capacity) to maintain the room at 68°F to 72°F.",Tell the client to turn off equipment at night.,Paint the rack white to reflect heat.,B,"3,500 Watts dissipates approximately 12,000 BTU/hr (1 ton of refrigeration = 12,000 BTU/hr). Without dedicated cooling, rack closets overheat rapidly, leading to component failure."
280,A,Domain A: Creating AV Solutions,Trade Coordination & Demarcation,"In an auditorium construction project, who is legally and contractually responsible for providing and stamping the structural design for overhead speaker rigging hardware and unistrut trapezes?",The AV installer using off-the-shelf hardware store eye-bolts.,A licensed Professional Structural Engineer (PE / SE) in collaboration with a certified theatrical rigging contractor.,The audio mixing console sales representative.,The building cleaning staff.,B,"Overhead rigging of heavy speaker clusters involves life-safety liability. All structural attachments, trapezes, and bridle angles must be designed and stamped by a licensed structural engineer."
281,A,Domain A: Creating AV Solutions,Trade Coordination & Demarcation,"In site trade coordination scenario #6, during ceiling rough-in, an AV installer observes that the electrical contractor has run high-voltage 277V lighting circuits directly touching low-voltage AV signal cables for 30 feet. What is the required resolution?",Wrap the cables in electrical tape.,Notify the General Contractor and Electrical Contractor that National Electrical Code and BICSI standards require a minimum physical separation of 6 to 12 inches (or separate grounded metallic raceways) between low-voltage signal lines and high-voltage power.,Cut the lighting wires.,Ignore it because digital signals are immune to AC hum.,B,"Running high-voltage lighting lines parallel and adjacent to signal lines induces severe electromagnetic interference (60Hz hum, buzz, and digital jitter). Physical separation or metal conduit shielding is required."
282,A,Domain A: Creating AV Solutions,Trade Coordination & Demarcation,"In site trade coordination scenario #7, during ceiling rough-in, an AV installer observes that the electrical contractor has run high-voltage 277V lighting circuits directly touching low-voltage AV signal cables for 30 feet. What is the required resolution?",Wrap the cables in electrical tape.,Notify the General Contractor and Electrical Contractor that National Electrical Code and BICSI standards require a minimum physical separation of 6 to 12 inches (or separate grounded metallic raceways) between low-voltage signal lines and high-voltage power.,Cut the lighting wires.,Ignore it because digital signals are immune to AC hum.,B,"Running high-voltage lighting lines parallel and adjacent to signal lines induces severe electromagnetic interference (60Hz hum, buzz, and digital jitter). Physical separation or metal conduit shielding is required."
283,A,Domain A: Creating AV Solutions,Trade Coordination & Demarcation,"In site trade coordination scenario #8, during ceiling rough-in, an AV installer observes that the electrical contractor has run high-voltage 277V lighting circuits directly touching low-voltage AV signal cables for 30 feet. What is the required resolution?",Wrap the cables in electrical tape.,Notify the General Contractor and Electrical Contractor that National Electrical Code and BICSI standards require a minimum physical separation of 6 to 12 inches (or separate grounded metallic raceways) between low-voltage signal lines and high-voltage power.,Cut the lighting wires.,Ignore it because digital signals are immune to AC hum.,B,"Running high-voltage lighting lines parallel and adjacent to signal lines induces severe electromagnetic interference (60Hz hum, buzz, and digital jitter). Physical separation or metal conduit shielding is required."
284,A,Domain A: Creating AV Solutions,Trade Coordination & Demarcation,"In site trade coordination scenario #9, during ceiling rough-in, an AV installer observes that the electrical contractor has run high-voltage 277V lighting circuits directly touching low-voltage AV signal cables for 30 feet. What is the required resolution?",Wrap the cables in electrical tape.,Notify the General Contractor and Electrical Contractor that National Electrical Code and BICSI standards require a minimum physical separation of 6 to 12 inches (or separate grounded metallic raceways) between low-voltage signal lines and high-voltage power.,Cut the lighting wires.,Ignore it because digital signals are immune to AC hum.,B,"Running high-voltage lighting lines parallel and adjacent to signal lines induces severe electromagnetic interference (60Hz hum, buzz, and digital jitter). Physical separation or metal conduit shielding is required."
285,A,Domain A: Creating AV Solutions,Trade Coordination & Demarcation,"In site trade coordination scenario #10, during ceiling rough-in, an AV installer observes that the electrical contractor has run high-voltage 277V lighting circuits directly touching low-voltage AV signal cables for 30 feet. What is the required resolution?",Wrap the cables in electrical tape.,Notify the General Contractor and Electrical Contractor that National Electrical Code and BICSI standards require a minimum physical separation of 6 to 12 inches (or separate grounded metallic raceways) between low-voltage signal lines and high-voltage power.,Cut the lighting wires.,Ignore it because digital signals are immune to AC hum.,B,"Running high-voltage lighting lines parallel and adjacent to signal lines induces severe electromagnetic interference (60Hz hum, buzz, and digital jitter). Physical separation or metal conduit shielding is required."
286,A,Domain A: Creating AV Solutions,Trade Coordination & Demarcation,"In site trade coordination scenario #11, during ceiling rough-in, an AV installer observes that the electrical contractor has run high-voltage 277V lighting circuits directly touching low-voltage AV signal cables for 30 feet. What is the required resolution?",Wrap the cables in electrical tape.,Notify the General Contractor and Electrical Contractor that National Electrical Code and BICSI standards require a minimum physical separation of 6 to 12 inches (or separate grounded metallic raceways) between low-voltage signal lines and high-voltage power.,Cut the lighting wires.,Ignore it because digital signals are immune to AC hum.,B,"Running high-voltage lighting lines parallel and adjacent to signal lines induces severe electromagnetic interference (60Hz hum, buzz, and digital jitter). Physical separation or metal conduit shielding is required."
287,A,Domain A: Creating AV Solutions,Trade Coordination & Demarcation,"In site trade coordination scenario #12, during ceiling rough-in, an AV installer observes that the electrical contractor has run high-voltage 277V lighting circuits directly touching low-voltage AV signal cables for 30 feet. What is the required resolution?",Wrap the cables in electrical tape.,Notify the General Contractor and Electrical Contractor that National Electrical Code and BICSI standards require a minimum physical separation of 6 to 12 inches (or separate grounded metallic raceways) between low-voltage signal lines and high-voltage power.,Cut the lighting wires.,Ignore it because digital signals are immune to AC hum.,B,"Running high-voltage lighting lines parallel and adjacent to signal lines induces severe electromagnetic interference (60Hz hum, buzz, and digital jitter). Physical separation or metal conduit shielding is required."
288,A,Domain A: Creating AV Solutions,Trade Coordination & Demarcation,"In site trade coordination scenario #13, during ceiling rough-in, an AV installer observes that the electrical contractor has run high-voltage 277V lighting circuits directly touching low-voltage AV signal cables for 30 feet. What is the required resolution?",Wrap the cables in electrical tape.,Notify the General Contractor and Electrical Contractor that National Electrical Code and BICSI standards require a minimum physical separation of 6 to 12 inches (or separate grounded metallic raceways) between low-voltage signal lines and high-voltage power.,Cut the lighting wires.,Ignore it because digital signals are immune to AC hum.,B,"Running high-voltage lighting lines parallel and adjacent to signal lines induces severe electromagnetic interference (60Hz hum, buzz, and digital jitter). Physical separation or metal conduit shielding is required."
289,A,Domain A: Creating AV Solutions,Trade Coordination & Demarcation,"In site trade coordination scenario #14, during ceiling rough-in, an AV installer observes that the electrical contractor has run high-voltage 277V lighting circuits directly touching low-voltage AV signal cables for 30 feet. What is the required resolution?",Wrap the cables in electrical tape.,Notify the General Contractor and Electrical Contractor that National Electrical Code and BICSI standards require a minimum physical separation of 6 to 12 inches (or separate grounded metallic raceways) between low-voltage signal lines and high-voltage power.,Cut the lighting wires.,Ignore it because digital signals are immune to AC hum.,B,"Running high-voltage lighting lines parallel and adjacent to signal lines induces severe electromagnetic interference (60Hz hum, buzz, and digital jitter). Physical separation or metal conduit shielding is required."
290,A,Domain A: Creating AV Solutions,Trade Coordination & Demarcation,"In site trade coordination scenario #15, during ceiling rough-in, an AV installer observes that the electrical contractor has run high-voltage 277V lighting circuits directly touching low-voltage AV signal cables for 30 feet. What is the required resolution?",Wrap the cables in electrical tape.,Notify the General Contractor and Electrical Contractor that National Electrical Code and BICSI standards require a minimum physical separation of 6 to 12 inches (or separate grounded metallic raceways) between low-voltage signal lines and high-voltage power.,Cut the lighting wires.,Ignore it because digital signals are immune to AC hum.,B,"Running high-voltage lighting lines parallel and adjacent to signal lines induces severe electromagnetic interference (60Hz hum, buzz, and digital jitter). Physical separation or metal conduit shielding is required."
291,A,Domain A: Creating AV Solutions,Trade Coordination & Demarcation,"In site trade coordination scenario #16, during ceiling rough-in, an AV installer observes that the electrical contractor has run high-voltage 277V lighting circuits directly touching low-voltage AV signal cables for 30 feet. What is the required resolution?",Wrap the cables in electrical tape.,Notify the General Contractor and Electrical Contractor that National Electrical Code and BICSI standards require a minimum physical separation of 6 to 12 inches (or separate grounded metallic raceways) between low-voltage signal lines and high-voltage power.,Cut the lighting wires.,Ignore it because digital signals are immune to AC hum.,B,"Running high-voltage lighting lines parallel and adjacent to signal lines induces severe electromagnetic interference (60Hz hum, buzz, and digital jitter). Physical separation or metal conduit shielding is required."
292,A,Domain A: Creating AV Solutions,Trade Coordination & Demarcation,"In site trade coordination scenario #17, during ceiling rough-in, an AV installer observes that the electrical contractor has run high-voltage 277V lighting circuits directly touching low-voltage AV signal cables for 30 feet. What is the required resolution?",Wrap the cables in electrical tape.,Notify the General Contractor and Electrical Contractor that National Electrical Code and BICSI standards require a minimum physical separation of 6 to 12 inches (or separate grounded metallic raceways) between low-voltage signal lines and high-voltage power.,Cut the lighting wires.,Ignore it because digital signals are immune to AC hum.,B,"Running high-voltage lighting lines parallel and adjacent to signal lines induces severe electromagnetic interference (60Hz hum, buzz, and digital jitter). Physical separation or metal conduit shielding is required."
293,A,Domain A: Creating AV Solutions,Trade Coordination & Demarcation,"In site trade coordination scenario #18, during ceiling rough-in, an AV installer observes that the electrical contractor has run high-voltage 277V lighting circuits directly touching low-voltage AV signal cables for 30 feet. What is the required resolution?",Wrap the cables in electrical tape.,Notify the General Contractor and Electrical Contractor that National Electrical Code and BICSI standards require a minimum physical separation of 6 to 12 inches (or separate grounded metallic raceways) between low-voltage signal lines and high-voltage power.,Cut the lighting wires.,Ignore it because digital signals are immune to AC hum.,B,"Running high-voltage lighting lines parallel and adjacent to signal lines induces severe electromagnetic interference (60Hz hum, buzz, and digital jitter). Physical separation or metal conduit shielding is required."
294,A,Domain A: Creating AV Solutions,Trade Coordination & Demarcation,"In site trade coordination scenario #19, during ceiling rough-in, an AV installer observes that the electrical contractor has run high-voltage 277V lighting circuits directly touching low-voltage AV signal cables for 30 feet. What is the required resolution?",Wrap the cables in electrical tape.,Notify the General Contractor and Electrical Contractor that National Electrical Code and BICSI standards require a minimum physical separation of 6 to 12 inches (or separate grounded metallic raceways) between low-voltage signal lines and high-voltage power.,Cut the lighting wires.,Ignore it because digital signals are immune to AC hum.,B,"Running high-voltage lighting lines parallel and adjacent to signal lines induces severe electromagnetic interference (60Hz hum, buzz, and digital jitter). Physical separation or metal conduit shielding is required."
295,A,Domain A: Creating AV Solutions,Trade Coordination & Demarcation,"In site trade coordination scenario #20, during ceiling rough-in, an AV installer observes that the electrical contractor has run high-voltage 277V lighting circuits directly touching low-voltage AV signal cables for 30 feet. What is the required resolution?",Wrap the cables in electrical tape.,Notify the General Contractor and Electrical Contractor that National Electrical Code and BICSI standards require a minimum physical separation of 6 to 12 inches (or separate grounded metallic raceways) between low-voltage signal lines and high-voltage power.,Cut the lighting wires.,Ignore it because digital signals are immune to AC hum.,B,"Running high-voltage lighting lines parallel and adjacent to signal lines induces severe electromagnetic interference (60Hz hum, buzz, and digital jitter). Physical separation or metal conduit shielding is required."
296,A,Domain A: Creating AV Solutions,Trade Coordination & Demarcation,"In site trade coordination scenario #21, during ceiling rough-in, an AV installer observes that the electrical contractor has run high-voltage 277V lighting circuits directly touching low-voltage AV signal cables for 30 feet. What is the required resolution?",Wrap the cables in electrical tape.,Notify the General Contractor and Electrical Contractor that National Electrical Code and BICSI standards require a minimum physical separation of 6 to 12 inches (or separate grounded metallic raceways) between low-voltage signal lines and high-voltage power.,Cut the lighting wires.,Ignore it because digital signals are immune to AC hum.,B,"Running high-voltage lighting lines parallel and adjacent to signal lines induces severe electromagnetic interference (60Hz hum, buzz, and digital jitter). Physical separation or metal conduit shielding is required."
297,A,Domain A: Creating AV Solutions,Trade Coordination & Demarcation,"In site trade coordination scenario #22, during ceiling rough-in, an AV installer observes that the electrical contractor has run high-voltage 277V lighting circuits directly touching low-voltage AV signal cables for 30 feet. What is the required resolution?",Wrap the cables in electrical tape.,Notify the General Contractor and Electrical Contractor that National Electrical Code and BICSI standards require a minimum physical separation of 6 to 12 inches (or separate grounded metallic raceways) between low-voltage signal lines and high-voltage power.,Cut the lighting wires.,Ignore it because digital signals are immune to AC hum.,B,"Running high-voltage lighting lines parallel and adjacent to signal lines induces severe electromagnetic interference (60Hz hum, buzz, and digital jitter). Physical separation or metal conduit shielding is required."
298,A,Domain A: Creating AV Solutions,Trade Coordination & Demarcation,"In site trade coordination scenario #23, during ceiling rough-in, an AV installer observes that the electrical contractor has run high-voltage 277V lighting circuits directly touching low-voltage AV signal cables for 30 feet. What is the required resolution?",Wrap the cables in electrical tape.,Notify the General Contractor and Electrical Contractor that National Electrical Code and BICSI standards require a minimum physical separation of 6 to 12 inches (or separate grounded metallic raceways) between low-voltage signal lines and high-voltage power.,Cut the lighting wires.,Ignore it because digital signals are immune to AC hum.,B,"Running high-voltage lighting lines parallel and adjacent to signal lines induces severe electromagnetic interference (60Hz hum, buzz, and digital jitter). Physical separation or metal conduit shielding is required."
299,A,Domain A: Creating AV Solutions,Trade Coordination & Demarcation,"In site trade coordination scenario #24, during ceiling rough-in, an AV installer observes that the electrical contractor has run high-voltage 277V lighting circuits directly touching low-voltage AV signal cables for 30 feet. What is the required resolution?",Wrap the cables in electrical tape.,Notify the General Contractor and Electrical Contractor that National Electrical Code and BICSI standards require a minimum physical separation of 6 to 12 inches (or separate grounded metallic raceways) between low-voltage signal lines and high-voltage power.,Cut the lighting wires.,Ignore it because digital signals are immune to AC hum.,B,"Running high-voltage lighting lines parallel and adjacent to signal lines induces severe electromagnetic interference (60Hz hum, buzz, and digital jitter). Physical separation or metal conduit shielding is required."
300,A,Domain A: Creating AV Solutions,Trade Coordination & Demarcation,"In site trade coordination scenario #25, during ceiling rough-in, an AV installer observes that the electrical contractor has run high-voltage 277V lighting circuits directly touching low-voltage AV signal cables for 30 feet. What is the required resolution?",Wrap the cables in electrical tape.,Notify the General Contractor and Electrical Contractor that National Electrical Code and BICSI standards require a minimum physical separation of 6 to 12 inches (or separate grounded metallic raceways) between low-voltage signal lines and high-voltage power.,Cut the lighting wires.,Ignore it because digital signals are immune to AC hum.,B,"Running high-voltage lighting lines parallel and adjacent to signal lines induces severe electromagnetic interference (60Hz hum, buzz, and digital jitter). Physical separation or metal conduit shielding is required."
301,A,Domain A: Creating AV Solutions,Trade Coordination & Demarcation,"In site trade coordination scenario #26, during ceiling rough-in, an AV installer observes that the electrical contractor has run high-voltage 277V lighting circuits directly touching low-voltage AV signal cables for 30 feet. What is the required resolution?",Wrap the cables in electrical tape.,Notify the General Contractor and Electrical Contractor that National Electrical Code and BICSI standards require a minimum physical separation of 6 to 12 inches (or separate grounded metallic raceways) between low-voltage signal lines and high-voltage power.,Cut the lighting wires.,Ignore it because digital signals are immune to AC hum.,B,"Running high-voltage lighting lines parallel and adjacent to signal lines induces severe electromagnetic interference (60Hz hum, buzz, and digital jitter). Physical separation or metal conduit shielding is required."
302,A,Domain A: Creating AV Solutions,Trade Coordination & Demarcation,"In site trade coordination scenario #27, during ceiling rough-in, an AV installer observes that the electrical contractor has run high-voltage 277V lighting circuits directly touching low-voltage AV signal cables for 30 feet. What is the required resolution?",Wrap the cables in electrical tape.,Notify the General Contractor and Electrical Contractor that National Electrical Code and BICSI standards require a minimum physical separation of 6 to 12 inches (or separate grounded metallic raceways) between low-voltage signal lines and high-voltage power.,Cut the lighting wires.,Ignore it because digital signals are immune to AC hum.,B,"Running high-voltage lighting lines parallel and adjacent to signal lines induces severe electromagnetic interference (60Hz hum, buzz, and digital jitter). Physical separation or metal conduit shielding is required."
303,A,Domain A: Creating AV Solutions,Trade Coordination & Demarcation,"In site trade coordination scenario #28, during ceiling rough-in, an AV installer observes that the electrical contractor has run high-voltage 277V lighting circuits directly touching low-voltage AV signal cables for 30 feet. What is the required resolution?",Wrap the cables in electrical tape.,Notify the General Contractor and Electrical Contractor that National Electrical Code and BICSI standards require a minimum physical separation of 6 to 12 inches (or separate grounded metallic raceways) between low-voltage signal lines and high-voltage power.,Cut the lighting wires.,Ignore it because digital signals are immune to AC hum.,B,"Running high-voltage lighting lines parallel and adjacent to signal lines induces severe electromagnetic interference (60Hz hum, buzz, and digital jitter). Physical separation or metal conduit shielding is required."
304,A,Domain A: Creating AV Solutions,Trade Coordination & Demarcation,"In site trade coordination scenario #29, during ceiling rough-in, an AV installer observes that the electrical contractor has run high-voltage 277V lighting circuits directly touching low-voltage AV signal cables for 30 feet. What is the required resolution?",Wrap the cables in electrical tape.,Notify the General Contractor and Electrical Contractor that National Electrical Code and BICSI standards require a minimum physical separation of 6 to 12 inches (or separate grounded metallic raceways) between low-voltage signal lines and high-voltage power.,Cut the lighting wires.,Ignore it because digital signals are immune to AC hum.,B,"Running high-voltage lighting lines parallel and adjacent to signal lines induces severe electromagnetic interference (60Hz hum, buzz, and digital jitter). Physical separation or metal conduit shielding is required."
305,A,Domain A: Creating AV Solutions,Trade Coordination & Demarcation,"In site trade coordination scenario #30, during ceiling rough-in, an AV installer observes that the electrical contractor has run high-voltage 277V lighting circuits directly touching low-voltage AV signal cables for 30 feet. What is the required resolution?",Wrap the cables in electrical tape.,Notify the General Contractor and Electrical Contractor that National Electrical Code and BICSI standards require a minimum physical separation of 6 to 12 inches (or separate grounded metallic raceways) between low-voltage signal lines and high-voltage power.,Cut the lighting wires.,Ignore it because digital signals are immune to AC hum.,B,"Running high-voltage lighting lines parallel and adjacent to signal lines induces severe electromagnetic interference (60Hz hum, buzz, and digital jitter). Physical separation or metal conduit shielding is required."
306,A,Domain A: Creating AV Solutions,Trade Coordination & Demarcation,"In site trade coordination scenario #31, during ceiling rough-in, an AV installer observes that the electrical contractor has run high-voltage 277V lighting circuits directly touching low-voltage AV signal cables for 30 feet. What is the required resolution?",Wrap the cables in electrical tape.,Notify the General Contractor and Electrical Contractor that National Electrical Code and BICSI standards require a minimum physical separation of 6 to 12 inches (or separate grounded metallic raceways) between low-voltage signal lines and high-voltage power.,Cut the lighting wires.,Ignore it because digital signals are immune to AC hum.,B,"Running high-voltage lighting lines parallel and adjacent to signal lines induces severe electromagnetic interference (60Hz hum, buzz, and digital jitter). Physical separation or metal conduit shielding is required."
307,A,Domain A: Creating AV Solutions,Trade Coordination & Demarcation,"In site trade coordination scenario #32, during ceiling rough-in, an AV installer observes that the electrical contractor has run high-voltage 277V lighting circuits directly touching low-voltage AV signal cables for 30 feet. What is the required resolution?",Wrap the cables in electrical tape.,Notify the General Contractor and Electrical Contractor that National Electrical Code and BICSI standards require a minimum physical separation of 6 to 12 inches (or separate grounded metallic raceways) between low-voltage signal lines and high-voltage power.,Cut the lighting wires.,Ignore it because digital signals are immune to AC hum.,B,"Running high-voltage lighting lines parallel and adjacent to signal lines induces severe electromagnetic interference (60Hz hum, buzz, and digital jitter). Physical separation or metal conduit shielding is required."
308,A,Domain A: Creating AV Solutions,Trade Coordination & Demarcation,"In site trade coordination scenario #33, during ceiling rough-in, an AV installer observes that the electrical contractor has run high-voltage 277V lighting circuits directly touching low-voltage AV signal cables for 30 feet. What is the required resolution?",Wrap the cables in electrical tape.,Notify the General Contractor and Electrical Contractor that National Electrical Code and BICSI standards require a minimum physical separation of 6 to 12 inches (or separate grounded metallic raceways) between low-voltage signal lines and high-voltage power.,Cut the lighting wires.,Ignore it because digital signals are immune to AC hum.,B,"Running high-voltage lighting lines parallel and adjacent to signal lines induces severe electromagnetic interference (60Hz hum, buzz, and digital jitter). Physical separation or metal conduit shielding is required."
309,A,Domain A: Creating AV Solutions,Trade Coordination & Demarcation,"In site trade coordination scenario #34, during ceiling rough-in, an AV installer observes that the electrical contractor has run high-voltage 277V lighting circuits directly touching low-voltage AV signal cables for 30 feet. What is the required resolution?",Wrap the cables in electrical tape.,Notify the General Contractor and Electrical Contractor that National Electrical Code and BICSI standards require a minimum physical separation of 6 to 12 inches (or separate grounded metallic raceways) between low-voltage signal lines and high-voltage power.,Cut the lighting wires.,Ignore it because digital signals are immune to AC hum.,B,"Running high-voltage lighting lines parallel and adjacent to signal lines induces severe electromagnetic interference (60Hz hum, buzz, and digital jitter). Physical separation or metal conduit shielding is required."
310,A,Domain A: Creating AV Solutions,Trade Coordination & Demarcation,"In site trade coordination scenario #35, during ceiling rough-in, an AV installer observes that the electrical contractor has run high-voltage 277V lighting circuits directly touching low-voltage AV signal cables for 30 feet. What is the required resolution?",Wrap the cables in electrical tape.,Notify the General Contractor and Electrical Contractor that National Electrical Code and BICSI standards require a minimum physical separation of 6 to 12 inches (or separate grounded metallic raceways) between low-voltage signal lines and high-voltage power.,Cut the lighting wires.,Ignore it because digital signals are immune to AC hum.,B,"Running high-voltage lighting lines parallel and adjacent to signal lines induces severe electromagnetic interference (60Hz hum, buzz, and digital jitter). Physical separation or metal conduit shielding is required."
311,A,Domain A: Creating AV Solutions,Trade Coordination & Demarcation,"In site trade coordination scenario #36, during ceiling rough-in, an AV installer observes that the electrical contractor has run high-voltage 277V lighting circuits directly touching low-voltage AV signal cables for 30 feet. What is the required resolution?",Wrap the cables in electrical tape.,Notify the General Contractor and Electrical Contractor that National Electrical Code and BICSI standards require a minimum physical separation of 6 to 12 inches (or separate grounded metallic raceways) between low-voltage signal lines and high-voltage power.,Cut the lighting wires.,Ignore it because digital signals are immune to AC hum.,B,"Running high-voltage lighting lines parallel and adjacent to signal lines induces severe electromagnetic interference (60Hz hum, buzz, and digital jitter). Physical separation or metal conduit shielding is required."
312,A,Domain A: Creating AV Solutions,Trade Coordination & Demarcation,"In site trade coordination scenario #37, during ceiling rough-in, an AV installer observes that the electrical contractor has run high-voltage 277V lighting circuits directly touching low-voltage AV signal cables for 30 feet. What is the required resolution?",Wrap the cables in electrical tape.,Notify the General Contractor and Electrical Contractor that National Electrical Code and BICSI standards require a minimum physical separation of 6 to 12 inches (or separate grounded metallic raceways) between low-voltage signal lines and high-voltage power.,Cut the lighting wires.,Ignore it because digital signals are immune to AC hum.,B,"Running high-voltage lighting lines parallel and adjacent to signal lines induces severe electromagnetic interference (60Hz hum, buzz, and digital jitter). Physical separation or metal conduit shielding is required."
313,A,Domain A: Creating AV Solutions,Trade Coordination & Demarcation,"In site trade coordination scenario #38, during ceiling rough-in, an AV installer observes that the electrical contractor has run high-voltage 277V lighting circuits directly touching low-voltage AV signal cables for 30 feet. What is the required resolution?",Wrap the cables in electrical tape.,Notify the General Contractor and Electrical Contractor that National Electrical Code and BICSI standards require a minimum physical separation of 6 to 12 inches (or separate grounded metallic raceways) between low-voltage signal lines and high-voltage power.,Cut the lighting wires.,Ignore it because digital signals are immune to AC hum.,B,"Running high-voltage lighting lines parallel and adjacent to signal lines induces severe electromagnetic interference (60Hz hum, buzz, and digital jitter). Physical separation or metal conduit shielding is required."
314,A,Domain A: Creating AV Solutions,Trade Coordination & Demarcation,"In site trade coordination scenario #39, during ceiling rough-in, an AV installer observes that the electrical contractor has run high-voltage 277V lighting circuits directly touching low-voltage AV signal cables for 30 feet. What is the required resolution?",Wrap the cables in electrical tape.,Notify the General Contractor and Electrical Contractor that National Electrical Code and BICSI standards require a minimum physical separation of 6 to 12 inches (or separate grounded metallic raceways) between low-voltage signal lines and high-voltage power.,Cut the lighting wires.,Ignore it because digital signals are immune to AC hum.,B,"Running high-voltage lighting lines parallel and adjacent to signal lines induces severe electromagnetic interference (60Hz hum, buzz, and digital jitter). Physical separation or metal conduit shielding is required."
315,A,Domain A: Creating AV Solutions,Trade Coordination & Demarcation,"In site trade coordination scenario #40, during ceiling rough-in, an AV installer observes that the electrical contractor has run high-voltage 277V lighting circuits directly touching low-voltage AV signal cables for 30 feet. What is the required resolution?",Wrap the cables in electrical tape.,Notify the General Contractor and Electrical Contractor that National Electrical Code and BICSI standards require a minimum physical separation of 6 to 12 inches (or separate grounded metallic raceways) between low-voltage signal lines and high-voltage power.,Cut the lighting wires.,Ignore it because digital signals are immune to AC hum.,B,"Running high-voltage lighting lines parallel and adjacent to signal lines induces severe electromagnetic interference (60Hz hum, buzz, and digital jitter). Physical separation or metal conduit shielding is required."
316,A,Domain A: Creating AV Solutions,Applied Calculations & Standards,"Under ANSI/AVIXA V202.01 (DISCAS), a classroom display is used for Basic Decision Making (BDM). The farthest student is seated 30 feet (360 inches) from the screen. If the content uses standard 3% element height (%EH), what is the required image height?",30 inches.,60 inches (5.0 feet).,90 inches.,120 inches.,B,"DISCAS BDM formula: $\text{Distance} = \text{Image Height} \times (\%\text{EH} \times 200) / 100 = H \times 6$. Therefore, $H = 360 / 6 = 60 \text{ inches}$ (5 feet)."
317,A,Domain A: Creating AV Solutions,Applied Calculations & Standards,"Under ANSI/AVIXA V202.01 (DISCAS), an engineering review console requires Analytical Decision Making (ADM) for full-resolution 4K UHD content (2160 vertical pixels). The closest viewer is seated 6 feet (72 inches) away. What formula determines whether individual pixels can be resolved?",The Inverse Square Law.,"The DISCAS ADM visual acuity formula based on the limit of human vision (1 arcminute of arc, constant = 3438): $\text{Min Height} = (\text{Distance} \times \text{Vertical Pixels}) / 3438$.",Ohm's Law ($V = I \times R$).,The Sabine Reverberation Formula.,B,"ADM visual acuity modeling ensures pixels are large enough to be resolved by the human eye at a given viewing distance, using the acuity factor 3438."
318,A,Domain A: Creating AV Solutions,Applied Calculations & Standards,An AV designer calculates projector throw distance for a screen that is 144 inches wide. The projector specification lists a throw ratio of 1.4:1 to 2.1:1. What is the allowable throw distance range?,100 to 150 inches.,201.6 inches to 302.4 inches (approx 16.8 ft to 25.2 ft).,350 to 500 inches.,72 to 144 inches.,B,$\text{Throw Distance} = \text{Screen Width} \times \text{Throw Ratio}$. Min: $144 \times 1.4 = 201.6 \text{ inches}$. Max: $144 \times 2.1 = 302.4 \text{ inches}$.
319,A,Domain A: Creating AV Solutions,Applied Calculations & Standards,A sound reinforcement loudspeaker produces 92 dB SPL at 2 meters in a free field. What will the SPL be at a listener seated 16 meters away?,86 dB SPL,74 dB SPL,68 dB SPL,50 dB SPL,B,Inverse Square Law: doubling distance from 2m to 4m drops 6 dB (86 dB); 4m to 8m drops 6 dB (80 dB); 8m to 16m drops 6 dB (74 dB SPL). Total drop is 18 dB ($20\log_{10}(16/2) = 18.06\text{ dB}$).
320,A,Domain A: Creating AV Solutions,Applied Calculations & Standards,An audio amplifier outputs 50 Watts to a speaker cluster. The client wants to increase sound output by +9 dB. What amplifier power rating is required?,100 Watts,200 Watts,400 Watts,800 Watts,C,Every +3 dB requires doubling power: +3 dB = 100W; +6 dB = 200W; +9 dB = 400 Watts ($8\times$ original power: $10\log_{10}(400/50) = 10\log_{10}(8) = +9.03\text{ dB}$).
321,A,Domain A: Creating AV Solutions,Applied Calculations & Standards,"In applied AV electrical calculation scenario #6, an engineer calculates rack airflow cooling requirements for 2,400 Watts of heat with an allowable temperature rise ($\Delta T$) of 16°F. What is the required airflow in CFM?",150 CFM,474 CFM,"1,200 CFM","3,840 CFM",B,"$CFM = (Watts \times 3.16) / \Delta T(^{\circ}\text{F}) = (2,400 \times 3.16) / 16 = 7,584 / 16 = 474 \text{ CFM}$."
322,A,Domain A: Creating AV Solutions,Applied Calculations & Standards,"In applied AV electrical calculation scenario #7, an engineer calculates rack airflow cooling requirements for 2,400 Watts of heat with an allowable temperature rise ($\Delta T$) of 16°F. What is the required airflow in CFM?",150 CFM,474 CFM,"1,200 CFM","3,840 CFM",B,"$CFM = (Watts \times 3.16) / \Delta T(^{\circ}\text{F}) = (2,400 \times 3.16) / 16 = 7,584 / 16 = 474 \text{ CFM}$."
323,A,Domain A: Creating AV Solutions,Applied Calculations & Standards,"In applied AV electrical calculation scenario #8, an engineer calculates rack airflow cooling requirements for 2,400 Watts of heat with an allowable temperature rise ($\Delta T$) of 16°F. What is the required airflow in CFM?",150 CFM,474 CFM,"1,200 CFM","3,840 CFM",B,"$CFM = (Watts \times 3.16) / \Delta T(^{\circ}\text{F}) = (2,400 \times 3.16) / 16 = 7,584 / 16 = 474 \text{ CFM}$."
324,A,Domain A: Creating AV Solutions,Applied Calculations & Standards,"In applied AV electrical calculation scenario #9, an engineer calculates rack airflow cooling requirements for 2,400 Watts of heat with an allowable temperature rise ($\Delta T$) of 16°F. What is the required airflow in CFM?",150 CFM,474 CFM,"1,200 CFM","3,840 CFM",B,"$CFM = (Watts \times 3.16) / \Delta T(^{\circ}\text{F}) = (2,400 \times 3.16) / 16 = 7,584 / 16 = 474 \text{ CFM}$."
325,A,Domain A: Creating AV Solutions,Applied Calculations & Standards,"In applied AV electrical calculation scenario #10, an engineer calculates rack airflow cooling requirements for 2,400 Watts of heat with an allowable temperature rise ($\Delta T$) of 16°F. What is the required airflow in CFM?",150 CFM,474 CFM,"1,200 CFM","3,840 CFM",B,"$CFM = (Watts \times 3.16) / \Delta T(^{\circ}\text{F}) = (2,400 \times 3.16) / 16 = 7,584 / 16 = 474 \text{ CFM}$."
326,A,Domain A: Creating AV Solutions,Applied Calculations & Standards,"In applied AV electrical calculation scenario #11, an engineer calculates rack airflow cooling requirements for 2,400 Watts of heat with an allowable temperature rise ($\Delta T$) of 16°F. What is the required airflow in CFM?",150 CFM,474 CFM,"1,200 CFM","3,840 CFM",B,"$CFM = (Watts \times 3.16) / \Delta T(^{\circ}\text{F}) = (2,400 \times 3.16) / 16 = 7,584 / 16 = 474 \text{ CFM}$."
327,A,Domain A: Creating AV Solutions,Applied Calculations & Standards,"In applied AV electrical calculation scenario #12, an engineer calculates rack airflow cooling requirements for 2,400 Watts of heat with an allowable temperature rise ($\Delta T$) of 16°F. What is the required airflow in CFM?",150 CFM,474 CFM,"1,200 CFM","3,840 CFM",B,"$CFM = (Watts \times 3.16) / \Delta T(^{\circ}\text{F}) = (2,400 \times 3.16) / 16 = 7,584 / 16 = 474 \text{ CFM}$."
328,A,Domain A: Creating AV Solutions,Applied Calculations & Standards,"In applied AV electrical calculation scenario #13, an engineer calculates rack airflow cooling requirements for 2,400 Watts of heat with an allowable temperature rise ($\Delta T$) of 16°F. What is the required airflow in CFM?",150 CFM,474 CFM,"1,200 CFM","3,840 CFM",B,"$CFM = (Watts \times 3.16) / \Delta T(^{\circ}\text{F}) = (2,400 \times 3.16) / 16 = 7,584 / 16 = 474 \text{ CFM}$."
329,A,Domain A: Creating AV Solutions,Applied Calculations & Standards,"In applied AV electrical calculation scenario #14, an engineer calculates rack airflow cooling requirements for 2,400 Watts of heat with an allowable temperature rise ($\Delta T$) of 16°F. What is the required airflow in CFM?",150 CFM,474 CFM,"1,200 CFM","3,840 CFM",B,"$CFM = (Watts \times 3.16) / \Delta T(^{\circ}\text{F}) = (2,400 \times 3.16) / 16 = 7,584 / 16 = 474 \text{ CFM}$."
330,A,Domain A: Creating AV Solutions,Applied Calculations & Standards,"In applied AV electrical calculation scenario #15, an engineer calculates rack airflow cooling requirements for 2,400 Watts of heat with an allowable temperature rise ($\Delta T$) of 16°F. What is the required airflow in CFM?",150 CFM,474 CFM,"1,200 CFM","3,840 CFM",B,"$CFM = (Watts \times 3.16) / \Delta T(^{\circ}\text{F}) = (2,400 \times 3.16) / 16 = 7,584 / 16 = 474 \text{ CFM}$."
331,A,Domain A: Creating AV Solutions,Applied Calculations & Standards,"In applied AV electrical calculation scenario #16, an engineer calculates rack airflow cooling requirements for 2,400 Watts of heat with an allowable temperature rise ($\Delta T$) of 16°F. What is the required airflow in CFM?",150 CFM,474 CFM,"1,200 CFM","3,840 CFM",B,"$CFM = (Watts \times 3.16) / \Delta T(^{\circ}\text{F}) = (2,400 \times 3.16) / 16 = 7,584 / 16 = 474 \text{ CFM}$."
332,A,Domain A: Creating AV Solutions,Applied Calculations & Standards,"In applied AV electrical calculation scenario #17, an engineer calculates rack airflow cooling requirements for 2,400 Watts of heat with an allowable temperature rise ($\Delta T$) of 16°F. What is the required airflow in CFM?",150 CFM,474 CFM,"1,200 CFM","3,840 CFM",B,"$CFM = (Watts \times 3.16) / \Delta T(^{\circ}\text{F}) = (2,400 \times 3.16) / 16 = 7,584 / 16 = 474 \text{ CFM}$."
333,A,Domain A: Creating AV Solutions,Applied Calculations & Standards,"In applied AV electrical calculation scenario #18, an engineer calculates rack airflow cooling requirements for 2,400 Watts of heat with an allowable temperature rise ($\Delta T$) of 16°F. What is the required airflow in CFM?",150 CFM,474 CFM,"1,200 CFM","3,840 CFM",B,"$CFM = (Watts \times 3.16) / \Delta T(^{\circ}\text{F}) = (2,400 \times 3.16) / 16 = 7,584 / 16 = 474 \text{ CFM}$."
334,A,Domain A: Creating AV Solutions,Applied Calculations & Standards,"In applied AV electrical calculation scenario #19, an engineer calculates rack airflow cooling requirements for 2,400 Watts of heat with an allowable temperature rise ($\Delta T$) of 16°F. What is the required airflow in CFM?",150 CFM,474 CFM,"1,200 CFM","3,840 CFM",B,"$CFM = (Watts \times 3.16) / \Delta T(^{\circ}\text{F}) = (2,400 \times 3.16) / 16 = 7,584 / 16 = 474 \text{ CFM}$."
335,A,Domain A: Creating AV Solutions,Applied Calculations & Standards,"In applied AV electrical calculation scenario #20, an engineer calculates rack airflow cooling requirements for 2,400 Watts of heat with an allowable temperature rise ($\Delta T$) of 16°F. What is the required airflow in CFM?",150 CFM,474 CFM,"1,200 CFM","3,840 CFM",B,"$CFM = (Watts \times 3.16) / \Delta T(^{\circ}\text{F}) = (2,400 \times 3.16) / 16 = 7,584 / 16 = 474 \text{ CFM}$."
336,A,Domain A: Creating AV Solutions,Applied Calculations & Standards,"In applied AV electrical calculation scenario #21, an engineer calculates rack airflow cooling requirements for 2,400 Watts of heat with an allowable temperature rise ($\Delta T$) of 16°F. What is the required airflow in CFM?",150 CFM,474 CFM,"1,200 CFM","3,840 CFM",B,"$CFM = (Watts \times 3.16) / \Delta T(^{\circ}\text{F}) = (2,400 \times 3.16) / 16 = 7,584 / 16 = 474 \text{ CFM}$."
337,A,Domain A: Creating AV Solutions,Applied Calculations & Standards,"In applied AV electrical calculation scenario #22, an engineer calculates rack airflow cooling requirements for 2,400 Watts of heat with an allowable temperature rise ($\Delta T$) of 16°F. What is the required airflow in CFM?",150 CFM,474 CFM,"1,200 CFM","3,840 CFM",B,"$CFM = (Watts \times 3.16) / \Delta T(^{\circ}\text{F}) = (2,400 \times 3.16) / 16 = 7,584 / 16 = 474 \text{ CFM}$."
338,A,Domain A: Creating AV Solutions,Applied Calculations & Standards,"In applied AV electrical calculation scenario #23, an engineer calculates rack airflow cooling requirements for 2,400 Watts of heat with an allowable temperature rise ($\Delta T$) of 16°F. What is the required airflow in CFM?",150 CFM,474 CFM,"1,200 CFM","3,840 CFM",B,"$CFM = (Watts \times 3.16) / \Delta T(^{\circ}\text{F}) = (2,400 \times 3.16) / 16 = 7,584 / 16 = 474 \text{ CFM}$."
339,A,Domain A: Creating AV Solutions,Applied Calculations & Standards,"In applied AV electrical calculation scenario #24, an engineer calculates rack airflow cooling requirements for 2,400 Watts of heat with an allowable temperature rise ($\Delta T$) of 16°F. What is the required airflow in CFM?",150 CFM,474 CFM,"1,200 CFM","3,840 CFM",B,"$CFM = (Watts \times 3.16) / \Delta T(^{\circ}\text{F}) = (2,400 \times 3.16) / 16 = 7,584 / 16 = 474 \text{ CFM}$."
340,A,Domain A: Creating AV Solutions,Applied Calculations & Standards,"In applied AV electrical calculation scenario #25, an engineer calculates rack airflow cooling requirements for 2,400 Watts of heat with an allowable temperature rise ($\Delta T$) of 16°F. What is the required airflow in CFM?",150 CFM,474 CFM,"1,200 CFM","3,840 CFM",B,"$CFM = (Watts \times 3.16) / \Delta T(^{\circ}\text{F}) = (2,400 \times 3.16) / 16 = 7,584 / 16 = 474 \text{ CFM}$."
341,A,Domain A: Creating AV Solutions,Applied Calculations & Standards,"In applied AV electrical calculation scenario #26, an engineer calculates rack airflow cooling requirements for 2,400 Watts of heat with an allowable temperature rise ($\Delta T$) of 16°F. What is the required airflow in CFM?",150 CFM,474 CFM,"1,200 CFM","3,840 CFM",B,"$CFM = (Watts \times 3.16) / \Delta T(^{\circ}\text{F}) = (2,400 \times 3.16) / 16 = 7,584 / 16 = 474 \text{ CFM}$."
342,A,Domain A: Creating AV Solutions,Applied Calculations & Standards,"In applied AV electrical calculation scenario #27, an engineer calculates rack airflow cooling requirements for 2,400 Watts of heat with an allowable temperature rise ($\Delta T$) of 16°F. What is the required airflow in CFM?",150 CFM,474 CFM,"1,200 CFM","3,840 CFM",B,"$CFM = (Watts \times 3.16) / \Delta T(^{\circ}\text{F}) = (2,400 \times 3.16) / 16 = 7,584 / 16 = 474 \text{ CFM}$."
343,A,Domain A: Creating AV Solutions,Applied Calculations & Standards,"In applied AV electrical calculation scenario #28, an engineer calculates rack airflow cooling requirements for 2,400 Watts of heat with an allowable temperature rise ($\Delta T$) of 16°F. What is the required airflow in CFM?",150 CFM,474 CFM,"1,200 CFM","3,840 CFM",B,"$CFM = (Watts \times 3.16) / \Delta T(^{\circ}\text{F}) = (2,400 \times 3.16) / 16 = 7,584 / 16 = 474 \text{ CFM}$."
344,A,Domain A: Creating AV Solutions,Applied Calculations & Standards,"In applied AV electrical calculation scenario #29, an engineer calculates rack airflow cooling requirements for 2,400 Watts of heat with an allowable temperature rise ($\Delta T$) of 16°F. What is the required airflow in CFM?",150 CFM,474 CFM,"1,200 CFM","3,840 CFM",B,"$CFM = (Watts \times 3.16) / \Delta T(^{\circ}\text{F}) = (2,400 \times 3.16) / 16 = 7,584 / 16 = 474 \text{ CFM}$."
345,A,Domain A: Creating AV Solutions,Applied Calculations & Standards,"In applied AV electrical calculation scenario #30, an engineer calculates rack airflow cooling requirements for 2,400 Watts of heat with an allowable temperature rise ($\Delta T$) of 16°F. What is the required airflow in CFM?",150 CFM,474 CFM,"1,200 CFM","3,840 CFM",B,"$CFM = (Watts \times 3.16) / \Delta T(^{\circ}\text{F}) = (2,400 \times 3.16) / 16 = 7,584 / 16 = 474 \text{ CFM}$."
346,A,Domain A: Creating AV Solutions,Applied Calculations & Standards,"In applied AV electrical calculation scenario #31, an engineer calculates rack airflow cooling requirements for 2,400 Watts of heat with an allowable temperature rise ($\Delta T$) of 16°F. What is the required airflow in CFM?",150 CFM,474 CFM,"1,200 CFM","3,840 CFM",B,"$CFM = (Watts \times 3.16) / \Delta T(^{\circ}\text{F}) = (2,400 \times 3.16) / 16 = 7,584 / 16 = 474 \text{ CFM}$."
347,A,Domain A: Creating AV Solutions,Applied Calculations & Standards,"In applied AV electrical calculation scenario #32, an engineer calculates rack airflow cooling requirements for 2,400 Watts of heat with an allowable temperature rise ($\Delta T$) of 16°F. What is the required airflow in CFM?",150 CFM,474 CFM,"1,200 CFM","3,840 CFM",B,"$CFM = (Watts \times 3.16) / \Delta T(^{\circ}\text{F}) = (2,400 \times 3.16) / 16 = 7,584 / 16 = 474 \text{ CFM}$."
348,A,Domain A: Creating AV Solutions,Applied Calculations & Standards,"In applied AV electrical calculation scenario #33, an engineer calculates rack airflow cooling requirements for 2,400 Watts of heat with an allowable temperature rise ($\Delta T$) of 16°F. What is the required airflow in CFM?",150 CFM,474 CFM,"1,200 CFM","3,840 CFM",B,"$CFM = (Watts \times 3.16) / \Delta T(^{\circ}\text{F}) = (2,400 \times 3.16) / 16 = 7,584 / 16 = 474 \text{ CFM}$."
349,A,Domain A: Creating AV Solutions,Applied Calculations & Standards,"In applied AV electrical calculation scenario #34, an engineer calculates rack airflow cooling requirements for 2,400 Watts of heat with an allowable temperature rise ($\Delta T$) of 16°F. What is the required airflow in CFM?",150 CFM,474 CFM,"1,200 CFM","3,840 CFM",B,"$CFM = (Watts \times 3.16) / \Delta T(^{\circ}\text{F}) = (2,400 \times 3.16) / 16 = 7,584 / 16 = 474 \text{ CFM}$."
350,A,Domain A: Creating AV Solutions,Applied Calculations & Standards,"In applied AV electrical calculation scenario #35, an engineer calculates rack airflow cooling requirements for 2,400 Watts of heat with an allowable temperature rise ($\Delta T$) of 16°F. What is the required airflow in CFM?",150 CFM,474 CFM,"1,200 CFM","3,840 CFM",B,"$CFM = (Watts \times 3.16) / \Delta T(^{\circ}\text{F}) = (2,400 \times 3.16) / 16 = 7,584 / 16 = 474 \text{ CFM}$."
351,B,Domain B: Implementing AV Solutions,Trade Coordination & Execution,An AV installation crew arrives on site to install an interactive flat panel on a drywall partition. The crew discovers that the electrical contractor has placed a 120V quad receptacle 4 inches outside the perimeter of the display's specified mounting plate. What should the AV lead technician do FIRST?,Cut the electrical box out of the wall and move it inside the plate perimeter.,"Verify the coordination drawings, submit an RFI / Discrepancy Notice to the General Contractor, and request that the Electrical Contractor relocate the box to the coordinated elevation.",Tell the client that the display cannot be installed anywhere in the room.,Mount the display crooked so it covers the misplaced outlet.,B,AV technicians must not perform electrical contractor work. Discrepancies between approved coordination drawings and field rough-ins must be flagged through the GC/Architect via an RFI so the certified trade corrects it.
352,B,Domain B: Implementing AV Solutions,Trade Coordination & Execution,"Prior to fabricating equipment racks or pulling specialized cables for a multi-million-dollar project, what deliverable must the AV integrator submit to the consulting engineer for formal review and stamped approval?",The final commissioning closeout binder.,"Shop drawings, cable schedules, and product data submittals.",The final progress billing invoice.,Manufacturer warranty registration certificates.,B,"Submittals (shop drawings, rack elevations, wiring one-lines, cut sheets) allow the consulting engineer to verify that equipment and wiring methodologies satisfy contract specifications before procurement and build."
353,B,Domain B: Implementing AV Solutions,Trade Coordination & Execution,"During the cable rough-in phase, an AV installer notes that the specified conduit run from the rack room to the podium has four 90-degree bends without a pull box. According to commercial cabling standards, what is the problem with this installation?",Conduit bends reverse the polarity of audio signals.,Standards mandate no more than two 90-degree bends (180 degrees total) between pull boxes or pull points to prevent excessive cable pulling tension and jacket shredding.,Four 90-degree bends violate local plumbing codes.,It increases the latency of Cat6 network packets.,B,TIA-569 and NEC standards dictate a maximum of two 90-degree bends (180° total) between pull points. Exceeding this creates severe friction that stretches copper conductors and exceeds pulling tension limits.
354,B,Domain B: Implementing AV Solutions,Trade Coordination & Execution,An AV contractor's warehouse mistakenly delivers CMP (Plenum) rated Category 6 cable to a job site where the specification calls for CMR (Riser) rated cable in vertical shafts. Can the contractor install the CMP cable according to the NEC?,"No, plenum cable is strictly prohibited in vertical riser shafts.","Yes, the NEC cable substitution hierarchy permits higher-rated cables (CMP) to substitute for lower-rated cables (CMR or CM), provided the project specification does not explicitly prohibit substitutions.",Only if the CMP cable is stripped of its outer jacket.,Only if painted black with fire-retardant paint.,B,"Under NEC 800.154, CMP has superior fire-resistance and low-smoke properties compared to CMR. CMP is legally allowed as a substitute for CMR (CMP > CMR > CM/CMG > CMX)."
355,B,Domain B: Implementing AV Solutions,Trade Coordination & Execution,"During site rough-in, the site superintendent informs the AV lead installer that the ceiling will be closed with drywall in two days, three weeks ahead of schedule. The AV conduits have not yet been installed by the electrical contractor. What should the AV Project Manager do FIRST?",Rush onto the site at night and zip-tie bare cables to sprinkler pipes before the drywall is hung.,Issue an urgent written schedule conflict notification / RFI to the General Contractor stating that conduit installation and cable pulling must precede drywall closure per milestone dependencies.,Wait until the drywall is hung and then smash holes in the ceiling.,Cancel the AV contract immediately.,B,Milestone dependency conflicts must be formally elevated to the General Contractor in writing immediately. Tying cables to sprinkler pipes violates NFPA/NEC life-safety codes.
356,B,Domain B: Implementing AV Solutions,Trade Coordination & Execution,Who is responsible for verifying that floor core penetrations through an elevated concrete slab do not compromise structural integrity or sever electrical conduits embedded in the slab?,The AV apprentice operating a rented core drill.,"The General Contractor, utilizing certified Ground Penetrating Radar (GPR) / X-ray scanning and obtaining sign-off from the project's licensed Structural Engineer.",The furniture sales representative.,The audio mixing console manufacturer.,B,Core drilling through post-tensioned or reinforced concrete slabs presents extreme structural and life-safety hazards. Scanning and structural engineer review are mandatory prior to drilling.
357,B,Domain B: Implementing AV Solutions,Trade Coordination & Execution,"An AV project specification requires all signal cables to be labeled at both ends with machine-printed, wrap-around thermal labels. An installer uses a permanent marker directly on the cable jacket to save time. What should the AV quality control inspector do?",Approve the handwriting if it is legible.,"Reject the installation and mandate that machine-printed, self-laminating labels matching the approved cable schedule be applied per specifications.",Cover the handwritten text with clear scotch tape.,Paint over the cables.,B,"Handwritten labels fade, smudge, and violate commercial specification Section 27 41 00. Standardized machine-printed labels matching drawings are required for acceptance."
358,B,Domain B: Implementing AV Solutions,Trade Coordination & Execution,"During installation of a custom boardroom table, the client asks the AV lead installer to cut four 4-inch holes in the high-gloss mahogany table to install touchpanel pop-up boxes. How should the installer handle this?",Use a cordless hole-saw immediately to please the client.,Decline to cut the millwork and explain that table cutouts must be performed by the millwork contractor using approved template drawings to preserve warranty and finish quality.,Tell the client to use a hammer and chisel.,Drill the holes from underneath the table blindly.,B,Cutting custom architectural millwork carries massive liability. Standard demarcation requires the millwork contractor to cut openings based on verified AV templates.
359,B,Domain B: Implementing AV Solutions,Trade Coordination & Execution,What is the primary danger of using nylon plastic zip-ties cinched tightly with pliers to bundle high-performance Category 6A network and AV-over-IP cables?,Plastic zip-ties increase the electrical resistance of the building ground.,"Overtightening crushes cable jackets and alters internal twisted-pair geometry, causing severe Return Loss and Near-End Crosstalk (NEXT) failures at 10-Gigabit frequencies.",Zip-ties violate the Americans with Disabilities Act.,Zip-ties attract electromagnetic lightning strikes.,B,"Crushing UTP/STP cable bundles deforms pair twisting, creating impedance discontinuities and failing high-speed 10GbE Alien Crosstalk (ANEXT) certification."
360,B,Domain B: Implementing AV Solutions,Trade Coordination & Execution,What fastening material is recommended by BICSI and TIA standards for dressing and securing Category 6/6A and fiber optic cable bundles?,Twisted metal baling wire.,Adjustable hook-and-loop (Velcro) straps applied loosely enough that individual cables can slide through the bundle.,Industrial high-tensile zip-ties cinched with pliers.,Duct tape.,B,"Hook-and-loop (Velcro) distributes pressure broadly without crushing twisted pairs, and allows easy cable additions/removals without cutting tools that risk nicking jackets."
361,B,Domain B: Implementing AV Solutions,Trade Coordination & Execution,"When pulling an 8-cable Category 6A bundle through a long conduit pathway with two 90-degree bends, what maximum pulling tension must the crew avoid exceeding?",5 lbs (22 N).,25 lbs (110 N) total continuous tension per 4-pair cable.,100 lbs (445 N) per cable.,500 lbs (2220 N).,B,"TIA-568 standards limit pulling tension to 25 lbs (110 N) per 4-pair cable. Exceeding 25 lbs permanently stretches copper conductors, elongates pair twist rates, and degrades signal integrity."
362,B,Domain B: Implementing AV Solutions,Trade Coordination & Execution,An AV installer is pulling cables across a commercial drop ceiling and notices that the specified J-hooks are full. The installer considers zip-tying the new cables to the ceiling grid tie-wires and fire sprinkler pipes. Why is this strictly prohibited?,It will make the cables too cold.,"National Electrical Code (NEC Article 300.11) and NFPA fire codes strictly prohibit supporting telecommunications cables from ceiling grid wires, plumbing, or fire sprinkler pipes; dedicated independent support hardware is legally required.",Sprinkler pipes absorb the video signals.,Ceiling grid wires conduct 120V AC current.,B,"NEC 300.11 and NFPA mandate that communication cables have independent dedicated supports (e.g. dedicated threaded rods, J-hooks) anchored directly to the building structure."
363,B,Domain B: Implementing AV Solutions,Trade Coordination & Execution,What is the minimum bend radius required for Category 6 unshielded twisted pair (UTP) cable during installation under tension?,1 times the outer diameter.,"At least 4 times the cable outer diameter under rest, and 8 times outer diameter under pulling tension.",20 times the outer diameter.,A sharp 90-degree creased bend.,B,"TIA-568 specifies a minimum bend radius of 4x cable outer diameter at rest, and 8x outer diameter while under installation tension to avoid pair separation."
364,B,Domain B: Implementing AV Solutions,Trade Coordination & Execution,"For indoor tight-buffered fiber optic cable under installation pulling tension, what is the standard minimum bend radius requirement?",2 times the outer diameter.,20 times the cable outer diameter under pulling tension (and 10 times outer diameter once at rest).,50 times the outer diameter.,Zero bend allowed; fiber must only run in perfectly straight lines.,B,Fiber optic glass cores undergo micro-cracking and macro-bending light loss if bent sharply; standards mandate a 20x OD bend radius under tension and 10x OD at rest.
365,B,Domain B: Implementing AV Solutions,Trade Coordination & Execution,What is an 'Optical Fiber Microscope' used for prior to mating any fiber optic connector into an AV transceiver?,To measure the optical wavelength in nanometers.,"To inspect the ceramic ferrule and microscopic glass core (9 µm or 50 µm) for dust, microscopic scratches, oil, or debris, ensuring cleanliness before connection.",To measure the physical length of the fiber cable.,To strip the outer buffer jacket.,B,Microscopic dust (1-5 microns) completely blocks light on a 9 µm single-mode core and permanently embeds into ceramic ferrules under mating spring pressure.
366,B,Domain B: Implementing AV Solutions,Trade Coordination & Execution,What tool is required to terminate Category 6 conductors into a standard 110-type IDC (Insulation Displacement Contact) patch panel jack?,Standard flathead screwdriver.,Calibrated 110 impact punch-down tool with cutting blade.,Soldering iron with 60/40 rosin-core solder.,Wire stripper pliers.,B,Impact punch-down tools drive the insulated copper wire into the IDC V-notch (slicing the insulation for gas-tight contact) and shear the excess wire in one step.
367,B,Domain B: Implementing AV Solutions,Trade Coordination & Execution,"In structured cabling, what is the difference between T568A and T568B termination pinouts?",T568A is analog; T568B is digital.,"T568A terminates Pin 1/2 as Green and Pin 3/6 as Orange; T568B swaps those pairs, terminating Pin 1/2 as Orange and Pin 3/6 as Green.",T568A can only carry 10 Mbps; T568B carries 10 Gbps.,T568A uses 6 pins; T568B uses 8 pins.,B,"T568A and T568B swap Pair 2 (Orange) and Pair 3 (Green). Either is compliant, but both ends of a horizontal permanent link must match the same standard."
368,B,Domain B: Implementing AV Solutions,Trade Coordination & Execution,What is the maximum permanent link distance for a Category 6 / 6A horizontal cable run from an equipment rack patch panel to a wall outlet jack under ANSI/TIA-568?,50 meters (164 feet).,"90 meters (295 feet), plus up to 10 meters of total patch cords (100 meters total channel).",150 meters (492 feet).,300 meters (984 feet).,B,ANSI/TIA-568 establishes a 90m solid-core horizontal permanent link plus 10m total stranded patch cords = 100m total channel limit for certified Ethernet.
369,B,Domain B: Implementing AV Solutions,Trade Coordination & Execution,An AV technician tests a freshly pulled Category 6A cable with a certification tester. The tester reports that Pin 4 and Pin 5 show an 'Open' condition at 45 meters. What does this mean?,The cable has a short circuit to ground.,The blue pair (pins 4 and 5) has a physical conductor break or disconnected termination at approximately 45 meters from the tester.,The cable has too many twists.,The network switch has an incorrect IP address.,B,'Open' indicates infinite resistance (a severed wire or unseated IDC contact pin); the TDR calculates the exact distance (45m) to the break.
370,B,Domain B: Implementing AV Solutions,Trade Coordination & Execution,"What is a 'Split Pair' wiring fault in network cable termination, and why is it notoriously difficult to catch with simple continuity light testers?",The cable is split into two separate cables.,"Continuity tests show pin 1 connects to 1 and pin 2 connects to 2, but the conductors belong to different twisted pairs, destroying common-mode electromagnetic cancellation and causing massive crosstalk at high frequencies.",The cable is missing its outer jacket.,The RJ45 connector is plugged in upside down.,B,"Split pairs maintain DC pin-to-pin continuity but break twisted-pair geometry. Simple continuity lights pass, but high-frequency data completely fails from crosstalk."
371,B,Domain B: Implementing AV Solutions,Trade Coordination & Execution,"When installing equipment inside a standard 19-inch equipment rack, where should the heaviest equipment (e.g. multi-channel power amplifiers, large UPS units) be mounted?",At the very top of the rack for easy access.,In the bottom 1/3 of the rack to maintain a low center of gravity and prevent tipping hazard during servicing.,Mounted vertically on the front door.,Hung loosely behind the cable bundle.,B,"Placing heavy loads at the bottom lowers the center of gravity, preventing rack tip-overs during rolling or earthquakes, and protects technicians during maintenance."
372,B,Domain B: Implementing AV Solutions,Trade Coordination & Execution,What is the vertical height of a single standard Rack Unit (1 RU / 1 U) in commercial equipment racks?,1.0 inch.,1.75 inches (44.45 mm).,2.5 inches.,3.5 inches.,B,"Standard EIA-310 19-inch rack units measure exactly 1.75 inches (44.45 mm) in vertical height, with standardized 3-hole mounting spacing."
373,B,Domain B: Implementing AV Solutions,Trade Coordination & Execution,"Why must signal cabling (mic, video, network) and AC power cords be routed along opposite sides of an equipment rack vertical management structure?",Because building inspectors dislike mixed colors.,"To physically separate high-voltage AC electromagnetic fields from sensitive low-voltage analog and digital signal lines, preventing 60 Hz hum, buzz, and packet jitter.",To balance the physical weight of the rack.,To keep the power cords cool.,B,Separating AC power cords from signal cables along opposite vertical rack rails minimizes electromagnetic inductive coupling into delicate audio and digital video streams.
374,B,Domain B: Implementing AV Solutions,Trade Coordination & Execution,What is the function of a 'Rack Lacing Bar' (horizontal or vertical d-ring)?,To lock the rack door securely.,"To provide mechanical support and strain relief for incoming cable bundles, preventing cable weight from pulling directly on rear equipment connectors and solder joints.",To ground the equipment rack to earth.,To act as an antenna for wireless microphones.,B,"Lacing bars support cable weight with Velcro ties, eliminating physical mechanical strain on fragile HDMI, RJ45, and Phoenix block terminal connections."
375,B,Domain B: Implementing AV Solutions,Trade Coordination & Execution,What airflow pattern is standard for modern enterprise IT and commercial AV rack-mount equipment?,"Bottom intake, top exhaust.","Front cool-air intake, rear warm-air exhaust.","Rear intake, front exhaust.","Top intake, bottom exhaust.",B,Standard EIA-310 enterprise rack architecture enforces front-to-back cooling: drawing cool ambient air from the front aisle and exhausting heated air out the rear.
376,B,Domain B: Implementing AV Solutions,Trade Coordination & Execution,"What serial communication protocol uses balanced differential pairs to communicate bidirectionally with up to 32 multi-drop devices over distances up to 4,000 feet (1,200 meters)?",RS-232,RS-485,USB 2.0,I2C,B,"RS-485 uses balanced differential signaling to transmit serial control across long multi-drop bus lines (up to 32 transceivers over 4,000 feet) with high noise immunity."
377,B,Domain B: Implementing AV Solutions,Trade Coordination & Execution,What is the standard maximum transmission distance recommended for unbalanced RS-232 serial control at 9600 baud without line drivers?,10 feet (3 meters).,50 feet (15 meters).,500 feet (150 meters).,"4,000 feet (1,200 meters).",B,"EIA/TIA-232 (RS-232) is an unbalanced point-to-point standard, generally restricted to 50 feet (15m) at standard baud rates due to capacitive signal degradation."
378,B,Domain B: Implementing AV Solutions,Trade Coordination & Execution,"On a standard DB9 female connector wired for RS-232, which pin is universally designated as Signal Ground?",Pin 1,Pin 5,Pin 7,Pin 9,B,"On a standard 9-pin D-sub (DB9) connector: Pin 5 is Signal Ground, Pin 2 is Receive/Transmit, Pin 3 is Transmit/Receive."
379,B,Domain B: Implementing AV Solutions,Trade Coordination & Execution,"When connecting a central control processor (DTE) directly to a presentation switcher (also configured as DTE) via RS-232, what type of serial cable is required?",A straight-through pin-to-pin cable.,A Null Modem Cable (which crosses the Transmit Pin 3 and Receive Pin 2 lines between the two devices).,A USB-C charging cable.,A Cat5e patch cord.,B,Connecting two DTE devices requires a Null Modem cable that crosses Transmit to Receive so that device A's talker connects to device B's listener.
380,B,Domain B: Implementing AV Solutions,Trade Coordination & Execution,"What serial communication parameters are represented by the notation '19200, 8-N-1'?","19200 Volts, 8 Amps, No ground, 1 phase.","19200 baud rate (bits/sec), 8 data bits, No parity check bit, and 1 stop bit.","19200 ms delay, 8 channels, Normal mode, 1 user.","19200 kHz frequency, 8-bit audio, Noise gate, 1 speaker.",B,"Asynchronous serial framing notation defines symbol speed (baud), character length (8 data bits), error parity (No parity), and frame demarcation (1 stop bit)."
381,B,Domain B: Implementing AV Solutions,Trade Coordination & Execution,"What is a 'Dry Contact Closure' relay in an AV control system, and what does it switch?",A switch that has been cleaned with alcohol.,"An unpowered mechanical or solid-state relay contact that opens or closes an external circuit without providing any internal voltage of its own, used to trigger motorized screens or shades.",A 120V AC wall circuit breaker.,An optical infrared emitter.,B,"Dry contact closures provide isolated continuity switching (open/closed) without applying voltage, safely triggering external low-voltage screen controllers."
382,B,Domain B: Implementing AV Solutions,Trade Coordination & Execution,Why is bidirectional RS-232 or IP control preferred over one-way Infrared (IR) control in automated corporate meeting rooms?,IR uses too much electrical power.,"Bidirectional RS-232 and IP control provide true device status feedback (confirming power state, current input, lamp hours, volume level), preventing system state desynchronization.",IR requires optical fiber cables.,RS-232 is wireless.,B,"One-way IR lacks feedback: if a projector misses a pulse, the control system thinks it is ON when it is OFF. Bidirectional control provides real-time state confirmation."
383,B,Domain B: Implementing AV Solutions,Trade Coordination & Execution,What is the maximum cable distance for passive USB 2.0 connections without active line extenders?,1 meter (3.3 feet).,5 meters (16.4 feet).,15 meters (50 feet).,100 meters (328 feet).,B,USB 2.0 specifications establish a 5-meter (16.4 ft) maximum passive cable length due to propagation round-trip timing and signal attenuation limits.
384,B,Domain B: Implementing AV Solutions,Trade Coordination & Execution,What technology extends USB 2.0/3.0 camera and microphone peripherals from a conference table to an equipment rack 50 meters away over Category 6A cabling?,Standard USB-A to USB-B passive patch cords.,Active USB over HDBaseT / USB over IP Extenders.,Analog audio patch bays.,HDMI matrix switchers.,B,Exceeding 5 meters for USB requires active point-to-point Cat6 extenders or USB-over-IP transceivers to bridge peripheral data across rooms reliably.
385,B,Domain B: Implementing AV Solutions,Trade Coordination & Execution,What does 'Hot Plug Detect' (HPD) pin on an HDMI connector (Pin 19) signal to a video source device?,It powers the display panel backlight.,It signals the video source that a destination display is physically connected and ready to negotiate EDID data and HDCP encryption.,It carries 120V AC electrical power.,It synchronizes the room's Wi-Fi clock.,B,"When a sink device is ready, it pulls the HPD pin to +5V, triggering the graphics card to initiate the EDID handshake and HDCP authentication."
386,B,Domain B: Implementing AV Solutions,Cable Infrastructure & Codes,"Under National Electrical Code (NEC) Chapter 9, Table 1, what is the maximum allowable percentage of conduit cross-sectional area that may be filled when installing three or more cables?",25%,31%,40%,53%,C,"NEC Chapter 9 Table 1 specifies: 1 cable = 53% fill, 2 cables = 31% fill, 3 or more cables = 40% fill maximum to allow heat dissipation and ease of pulling."
387,B,Domain B: Implementing AV Solutions,Cable Infrastructure & Codes,Why does the NEC restrict conduit fill to a lower percentage for exactly two cables (31%) than for three or more cables (40%)?,Because two cables produce more radio frequency interference.,"Two cables of equal size pulled through conduit tend to twist around each other and jam in an elliptical shape, causing severe friction unless lower fill is maintained.",Two cables draw twice the AC voltage of one cable.,Two cables are not permitted in commercial buildings.,B,Two round cables side-by-side create a wide oval that jams tightly against conduit walls around bends. 31% fill prevents mechanical wedging.
388,B,Domain B: Implementing AV Solutions,Cable Infrastructure & Codes,An AV installer is pulling cables through a drop-ceiling space that is used by the HVAC system to circulate return air back to the air handler. What minimum cable jacket rating is mandated by building fire codes?,CM (General Purpose Communications).,CMR (Communications Riser).,CMP (Communications Plenum).,Unrated speaker zip-cord.,C,Environmental return air plenums require CMP (Plenum-rated) cables. CMP utilizes fluoropolymer (Teflon/FEP) insulation that resists flame spread and produces low smoke toxicity.
389,B,Domain B: Implementing AV Solutions,Cable Infrastructure & Codes,Can CMP (Plenum-rated) cable be legally substituted for CMR (Riser-rated) cable in a vertical cable riser running between floors in a commercial building?,"No, plenum cable can only be installed in ceilings.","Yes, the NEC cable substitution hierarchy allows higher-rated cables (CMP) to replace lower-rated cables (CMR, CM, CMX).",Only if the cable is installed inside rigid steel conduit.,Only with written permission from the local fire chief.,B,"Under NEC 800.154, CMP has superior fire-resistance and low-smoke properties and may legally substitute for CMR or CM, provided project specifications do not forbid substitutions."
390,B,Domain B: Implementing AV Solutions,Cable Infrastructure & Codes,What is the maximum allowable conduit fill percentage under NEC when pulling a single cable through an empty conduit?,31%,40%,53%,80%,C,A single cable cannot jam against another cable and is allowed up to 53% fill of the conduit's internal cross-sectional area.
391,B,Domain B: Implementing AV Solutions,Cable Infrastructure & Codes,"What is the standard characteristic impedance required for coaxial cables and BNC connectors used to transmit professional digital video (3G-SDI, 12G-SDI)?",50 Ohms,75 Ohms,110 Ohms,600 Ohms,B,"Professional video (SDI, composite, component) uses 75-ohm coaxial cable and 75-ohm BNC connectors to prevent signal reflections and return loss."
392,B,Domain B: Implementing AV Solutions,Cable Infrastructure & Codes,What type of cable has a characteristic impedance of 110 Ohms and is used to transmit balanced digital audio signals between processors?,RG-6 Coax,AES/EBU (AES3) digital audio cable,Cat5e UTP,Standard speaker wire,B,AES3 / AES/EBU balanced digital audio requires 110-ohm shielded twisted-pair cable with XLR connectors to prevent high-frequency jitter and reflections.
393,B,Domain B: Implementing AV Solutions,Cable Infrastructure & Codes,"When stripping the outer PVC jacket of a Category 6A cable, an installer accidentally nicks the copper insulation of the orange pair. What should the installer do?",Wrap electrical tape around the nicked wire and continue terminating.,"Cut off the damaged section, re-strip the jacket carefully without nicking internal insulation, and re-terminate the cable.",Leave it alone because small nicks do not affect network performance.,Paint over the nick with fingernail polish.,B,"Nicked copper conductors create mechanical stress concentration points where wires snap under vibration, and cause dielectric breakdown that fails NEXT tests."
394,B,Domain B: Implementing AV Solutions,Cable Infrastructure & Codes,"When terminating Category 6 or 6A unshielded twisted-pair (UTP) cable to an RJ45 modular plug or punch-down jack, what is the maximum allowable untwist of the wire pairs at the termination point?",No untwist limit; pairs can be untwisted up to 3 inches.,Pairs should not be untwisted more than 0.5 inches (12.7 mm) to maintain crosstalk cancellation at high frequencies.,Pairs must be stripped of all copper.,Pairs must be twisted together into one solid wire.,B,ANSI/TIA-568 limits pair untwisting to a maximum of 0.5 inches (13 mm). Excessive untwisting destroys differential magnetic cancellation and causes Near-End Crosstalk (NEXT) failure.
395,B,Domain B: Implementing AV Solutions,Cable Infrastructure & Codes,"What test instrument is used to verify that a permanent link Category 6A cable installation meets ANSI/TIA-568 standards for 10-Gigabit Ethernet transmission (measuring NEXT, Return Loss, and Attenuation)?",A basic 8-LED continuity light box.,A calibrated Level IIIe/2G Structured Cabling Certification Tester (e.g. Fluke DSX CableAnalyzer).,An optical power meter.,An analog inductive tone wand.,B,Certifying 10GbE copper links requires high-frequency swept-frequency certification testers measuring parameters up to 500 MHz against ISO/TIA pass/fail standards.
396,B,Domain B: Implementing AV Solutions,Cable Infrastructure & Codes,What does 'Return Loss' indicate when testing a Category 6A cable run?,The amount of money returned to the customer.,"The measurement of reflected signal power caused by impedance mismatches, kinks, or damaged pair geometry along the cable link.",The speed of network packets in miles per hour.,The resistance of the wall outlet ground.,B,"Return loss measures the ratio of reflected signal energy to incident energy; high return loss indicates kinks, bad crimps, or crushed pairs reflecting energy back to the transmitter."
397,B,Domain B: Implementing AV Solutions,Cable Infrastructure & Codes,What type of Category 6A cable is recommended for high-bandwidth AV-over-IP or HDBaseT runs in environments with high electromagnetic interference (EMI) from motors or elevators?,Unshielded U/UTP Cat5e.,Shielded Category 6A (F/UTP or U/FTP) with grounded metallic connectors and drain wire bonding.,Flat satin telephone wire.,Unshielded speaker wire.,B,"Shielded Cat6A (foil-screened F/UTP or STP) isolates high-speed video packets from external EMI bursts generated by lighting ballasts, motors, and elevator machinery."
398,B,Domain B: Implementing AV Solutions,Cable Infrastructure & Codes,What is a 'Service Loop' left at the rear of an equipment rack and at in-wall field boxes during cable rough-in?,A complete 360-degree loop in the conduit to slow down signals.,"An intentional slack of 10 to 15 feet of cable at the rack and 1 to 2 feet at field boxes to allow equipment slide-out, re-termination, and maintenance without re-pulling cables.",A ground loop between two audio components.,A software loop in the control processor.,B,"Service loops provide the essential slack required for technicians to slide racks forward, perform re-terminations, or replace damaged connectors without pulling new cable."
399,B,Domain B: Implementing AV Solutions,Cable Infrastructure & Codes,"In a multi-story commercial building, what firestopping requirement must be satisfied after pulling cables through a fire-rated floor or wall penetration?",Stuffing the hole with crumpled newspaper.,"Sealing the penetration with certified, UL-listed intumescent firestop sealant, pillows, or composite sheets to restore the fire-resistance rating of the assembly.",Leaving the penetration open for ventilation.,Covering the hole with duct tape.,B,Building codes legally mandate restoring the full fire-rating of breached fire walls/floors using certified intumescent firestopping that expands under heat to block smoke and flames.
400,B,Domain B: Implementing AV Solutions,Cable Infrastructure & Codes,What is an 'Intumescent' firestop material?,A material that conducts electricity.,"A specialized substance that expands significantly in volume when exposed to high heat or flame, filling voids left by melting plastic cables to seal against smoke and fire spread.",A type of optical glass.,A lubricant used to pull cables through conduit.,B,"Intumescent materials expand up to 25 times their volume under fire temperatures, choking off cable openings and preventing toxic smoke from penetrating adjacent compartments."
401,B,Domain B: Implementing AV Solutions,Cable Infrastructure & Codes,"During cable installation scenario #16, an AV installer encounters a cable pulling challenge where long conduits with high friction risk exceeding pull tension limits. What is the approved standard solution?",Use an electric winch tied to a truck bumper to force the cables through.,Apply UL-listed wire pulling lubricant specifically formulated for communication cable jackets to reduce pulling friction.,Cut the cables into shorter lengths and splice them with wire nuts inside the conduit.,Strip the outer PVC jacket off the cables before pulling.,B,"Approved water-based pulling lubricants reduce coefficient of friction by up to 70%, preventing jacket tearing and conductor stretching during difficult conduit pulls."
402,B,Domain B: Implementing AV Solutions,Cable Infrastructure & Codes,"During cable installation scenario #17, an AV installer encounters a cable pulling challenge where long conduits with high friction risk exceeding pull tension limits. What is the approved standard solution?",Use an electric winch tied to a truck bumper to force the cables through.,Apply UL-listed wire pulling lubricant specifically formulated for communication cable jackets to reduce pulling friction.,Cut the cables into shorter lengths and splice them with wire nuts inside the conduit.,Strip the outer PVC jacket off the cables before pulling.,B,"Approved water-based pulling lubricants reduce coefficient of friction by up to 70%, preventing jacket tearing and conductor stretching during difficult conduit pulls."
403,B,Domain B: Implementing AV Solutions,Cable Infrastructure & Codes,"During cable installation scenario #18, an AV installer encounters a cable pulling challenge where long conduits with high friction risk exceeding pull tension limits. What is the approved standard solution?",Use an electric winch tied to a truck bumper to force the cables through.,Apply UL-listed wire pulling lubricant specifically formulated for communication cable jackets to reduce pulling friction.,Cut the cables into shorter lengths and splice them with wire nuts inside the conduit.,Strip the outer PVC jacket off the cables before pulling.,B,"Approved water-based pulling lubricants reduce coefficient of friction by up to 70%, preventing jacket tearing and conductor stretching during difficult conduit pulls."
404,B,Domain B: Implementing AV Solutions,Cable Infrastructure & Codes,"During cable installation scenario #19, an AV installer encounters a cable pulling challenge where long conduits with high friction risk exceeding pull tension limits. What is the approved standard solution?",Use an electric winch tied to a truck bumper to force the cables through.,Apply UL-listed wire pulling lubricant specifically formulated for communication cable jackets to reduce pulling friction.,Cut the cables into shorter lengths and splice them with wire nuts inside the conduit.,Strip the outer PVC jacket off the cables before pulling.,B,"Approved water-based pulling lubricants reduce coefficient of friction by up to 70%, preventing jacket tearing and conductor stretching during difficult conduit pulls."
405,B,Domain B: Implementing AV Solutions,Cable Infrastructure & Codes,"During cable installation scenario #20, an AV installer encounters a cable pulling challenge where long conduits with high friction risk exceeding pull tension limits. What is the approved standard solution?",Use an electric winch tied to a truck bumper to force the cables through.,Apply UL-listed wire pulling lubricant specifically formulated for communication cable jackets to reduce pulling friction.,Cut the cables into shorter lengths and splice them with wire nuts inside the conduit.,Strip the outer PVC jacket off the cables before pulling.,B,"Approved water-based pulling lubricants reduce coefficient of friction by up to 70%, preventing jacket tearing and conductor stretching during difficult conduit pulls."
406,B,Domain B: Implementing AV Solutions,Cable Infrastructure & Codes,"During cable installation scenario #21, an AV installer encounters a cable pulling challenge where long conduits with high friction risk exceeding pull tension limits. What is the approved standard solution?",Use an electric winch tied to a truck bumper to force the cables through.,Apply UL-listed wire pulling lubricant specifically formulated for communication cable jackets to reduce pulling friction.,Cut the cables into shorter lengths and splice them with wire nuts inside the conduit.,Strip the outer PVC jacket off the cables before pulling.,B,"Approved water-based pulling lubricants reduce coefficient of friction by up to 70%, preventing jacket tearing and conductor stretching during difficult conduit pulls."
407,B,Domain B: Implementing AV Solutions,Cable Infrastructure & Codes,"During cable installation scenario #22, an AV installer encounters a cable pulling challenge where long conduits with high friction risk exceeding pull tension limits. What is the approved standard solution?",Use an electric winch tied to a truck bumper to force the cables through.,Apply UL-listed wire pulling lubricant specifically formulated for communication cable jackets to reduce pulling friction.,Cut the cables into shorter lengths and splice them with wire nuts inside the conduit.,Strip the outer PVC jacket off the cables before pulling.,B,"Approved water-based pulling lubricants reduce coefficient of friction by up to 70%, preventing jacket tearing and conductor stretching during difficult conduit pulls."
408,B,Domain B: Implementing AV Solutions,Cable Infrastructure & Codes,"During cable installation scenario #23, an AV installer encounters a cable pulling challenge where long conduits with high friction risk exceeding pull tension limits. What is the approved standard solution?",Use an electric winch tied to a truck bumper to force the cables through.,Apply UL-listed wire pulling lubricant specifically formulated for communication cable jackets to reduce pulling friction.,Cut the cables into shorter lengths and splice them with wire nuts inside the conduit.,Strip the outer PVC jacket off the cables before pulling.,B,"Approved water-based pulling lubricants reduce coefficient of friction by up to 70%, preventing jacket tearing and conductor stretching during difficult conduit pulls."
409,B,Domain B: Implementing AV Solutions,Cable Infrastructure & Codes,"During cable installation scenario #24, an AV installer encounters a cable pulling challenge where long conduits with high friction risk exceeding pull tension limits. What is the approved standard solution?",Use an electric winch tied to a truck bumper to force the cables through.,Apply UL-listed wire pulling lubricant specifically formulated for communication cable jackets to reduce pulling friction.,Cut the cables into shorter lengths and splice them with wire nuts inside the conduit.,Strip the outer PVC jacket off the cables before pulling.,B,"Approved water-based pulling lubricants reduce coefficient of friction by up to 70%, preventing jacket tearing and conductor stretching during difficult conduit pulls."
410,B,Domain B: Implementing AV Solutions,Cable Infrastructure & Codes,"During cable installation scenario #25, an AV installer encounters a cable pulling challenge where long conduits with high friction risk exceeding pull tension limits. What is the approved standard solution?",Use an electric winch tied to a truck bumper to force the cables through.,Apply UL-listed wire pulling lubricant specifically formulated for communication cable jackets to reduce pulling friction.,Cut the cables into shorter lengths and splice them with wire nuts inside the conduit.,Strip the outer PVC jacket off the cables before pulling.,B,"Approved water-based pulling lubricants reduce coefficient of friction by up to 70%, preventing jacket tearing and conductor stretching during difficult conduit pulls."
411,B,Domain B: Implementing AV Solutions,Cable Infrastructure & Codes,"During cable installation scenario #26, an AV installer encounters a cable pulling challenge where long conduits with high friction risk exceeding pull tension limits. What is the approved standard solution?",Use an electric winch tied to a truck bumper to force the cables through.,Apply UL-listed wire pulling lubricant specifically formulated for communication cable jackets to reduce pulling friction.,Cut the cables into shorter lengths and splice them with wire nuts inside the conduit.,Strip the outer PVC jacket off the cables before pulling.,B,"Approved water-based pulling lubricants reduce coefficient of friction by up to 70%, preventing jacket tearing and conductor stretching during difficult conduit pulls."
412,B,Domain B: Implementing AV Solutions,Cable Infrastructure & Codes,"During cable installation scenario #27, an AV installer encounters a cable pulling challenge where long conduits with high friction risk exceeding pull tension limits. What is the approved standard solution?",Use an electric winch tied to a truck bumper to force the cables through.,Apply UL-listed wire pulling lubricant specifically formulated for communication cable jackets to reduce pulling friction.,Cut the cables into shorter lengths and splice them with wire nuts inside the conduit.,Strip the outer PVC jacket off the cables before pulling.,B,"Approved water-based pulling lubricants reduce coefficient of friction by up to 70%, preventing jacket tearing and conductor stretching during difficult conduit pulls."
413,B,Domain B: Implementing AV Solutions,Cable Infrastructure & Codes,"During cable installation scenario #28, an AV installer encounters a cable pulling challenge where long conduits with high friction risk exceeding pull tension limits. What is the approved standard solution?",Use an electric winch tied to a truck bumper to force the cables through.,Apply UL-listed wire pulling lubricant specifically formulated for communication cable jackets to reduce pulling friction.,Cut the cables into shorter lengths and splice them with wire nuts inside the conduit.,Strip the outer PVC jacket off the cables before pulling.,B,"Approved water-based pulling lubricants reduce coefficient of friction by up to 70%, preventing jacket tearing and conductor stretching during difficult conduit pulls."
414,B,Domain B: Implementing AV Solutions,Cable Infrastructure & Codes,"During cable installation scenario #29, an AV installer encounters a cable pulling challenge where long conduits with high friction risk exceeding pull tension limits. What is the approved standard solution?",Use an electric winch tied to a truck bumper to force the cables through.,Apply UL-listed wire pulling lubricant specifically formulated for communication cable jackets to reduce pulling friction.,Cut the cables into shorter lengths and splice them with wire nuts inside the conduit.,Strip the outer PVC jacket off the cables before pulling.,B,"Approved water-based pulling lubricants reduce coefficient of friction by up to 70%, preventing jacket tearing and conductor stretching during difficult conduit pulls."
415,B,Domain B: Implementing AV Solutions,Cable Infrastructure & Codes,"During cable installation scenario #30, an AV installer encounters a cable pulling challenge where long conduits with high friction risk exceeding pull tension limits. What is the approved standard solution?",Use an electric winch tied to a truck bumper to force the cables through.,Apply UL-listed wire pulling lubricant specifically formulated for communication cable jackets to reduce pulling friction.,Cut the cables into shorter lengths and splice them with wire nuts inside the conduit.,Strip the outer PVC jacket off the cables before pulling.,B,"Approved water-based pulling lubricants reduce coefficient of friction by up to 70%, preventing jacket tearing and conductor stretching during difficult conduit pulls."
416,B,Domain B: Implementing AV Solutions,Cable Infrastructure & Codes,"During cable installation scenario #31, an AV installer encounters a cable pulling challenge where long conduits with high friction risk exceeding pull tension limits. What is the approved standard solution?",Use an electric winch tied to a truck bumper to force the cables through.,Apply UL-listed wire pulling lubricant specifically formulated for communication cable jackets to reduce pulling friction.,Cut the cables into shorter lengths and splice them with wire nuts inside the conduit.,Strip the outer PVC jacket off the cables before pulling.,B,"Approved water-based pulling lubricants reduce coefficient of friction by up to 70%, preventing jacket tearing and conductor stretching during difficult conduit pulls."
417,B,Domain B: Implementing AV Solutions,Cable Infrastructure & Codes,"During cable installation scenario #32, an AV installer encounters a cable pulling challenge where long conduits with high friction risk exceeding pull tension limits. What is the approved standard solution?",Use an electric winch tied to a truck bumper to force the cables through.,Apply UL-listed wire pulling lubricant specifically formulated for communication cable jackets to reduce pulling friction.,Cut the cables into shorter lengths and splice them with wire nuts inside the conduit.,Strip the outer PVC jacket off the cables before pulling.,B,"Approved water-based pulling lubricants reduce coefficient of friction by up to 70%, preventing jacket tearing and conductor stretching during difficult conduit pulls."
418,B,Domain B: Implementing AV Solutions,Cable Infrastructure & Codes,"During cable installation scenario #33, an AV installer encounters a cable pulling challenge where long conduits with high friction risk exceeding pull tension limits. What is the approved standard solution?",Use an electric winch tied to a truck bumper to force the cables through.,Apply UL-listed wire pulling lubricant specifically formulated for communication cable jackets to reduce pulling friction.,Cut the cables into shorter lengths and splice them with wire nuts inside the conduit.,Strip the outer PVC jacket off the cables before pulling.,B,"Approved water-based pulling lubricants reduce coefficient of friction by up to 70%, preventing jacket tearing and conductor stretching during difficult conduit pulls."
419,B,Domain B: Implementing AV Solutions,Cable Infrastructure & Codes,"During cable installation scenario #34, an AV installer encounters a cable pulling challenge where long conduits with high friction risk exceeding pull tension limits. What is the approved standard solution?",Use an electric winch tied to a truck bumper to force the cables through.,Apply UL-listed wire pulling lubricant specifically formulated for communication cable jackets to reduce pulling friction.,Cut the cables into shorter lengths and splice them with wire nuts inside the conduit.,Strip the outer PVC jacket off the cables before pulling.,B,"Approved water-based pulling lubricants reduce coefficient of friction by up to 70%, preventing jacket tearing and conductor stretching during difficult conduit pulls."
420,B,Domain B: Implementing AV Solutions,Cable Infrastructure & Codes,"During cable installation scenario #35, an AV installer encounters a cable pulling challenge where long conduits with high friction risk exceeding pull tension limits. What is the approved standard solution?",Use an electric winch tied to a truck bumper to force the cables through.,Apply UL-listed wire pulling lubricant specifically formulated for communication cable jackets to reduce pulling friction.,Cut the cables into shorter lengths and splice them with wire nuts inside the conduit.,Strip the outer PVC jacket off the cables before pulling.,B,"Approved water-based pulling lubricants reduce coefficient of friction by up to 70%, preventing jacket tearing and conductor stretching during difficult conduit pulls."
421,B,Domain B: Implementing AV Solutions,Audio Implementation & Hardware,Why does a professional balanced audio connection achieve superior immunity to electromagnetic interference (EMI) compared to an unbalanced connection?,It carries twice the voltage of an unbalanced line.,"It transmits identical in-phase signals on two wires and uses a differential receiver that subtracts the cold from the hot, canceling common-mode noise via CMRR.",It operates at 70V AC line voltage.,It uses gold-plated pins that repel magnetic fields.,B,Common-Mode Rejection Ratio (CMRR) in differential receivers cancels noise picked up equally by both signal conductors: $(S+N) - (-S+N) = 2S$.
422,B,Domain B: Implementing AV Solutions,Audio Implementation & Hardware,What is the standard pinout for a professional 3-pin XLR audio connector under AES standards?,"Pin 1: Hot (+), Pin 2: Cold (-), Pin 3: Shield","Pin 1: Shield (Chassis Ground), Pin 2: Hot (+ / In-phase), Pin 3: Cold (- / Inverted)","Pin 1: Cold (-), Pin 2: Shield, Pin 3: Hot (+)","Pin 1: Left, Pin 2: Right, Pin 3: Ground",B,"Universal standard: Pin 1 = Shield/Ground, Pin 2 = Positive/Hot, Pin 3 = Negative/Cold. (Mnemonic: 1=Ground, 2=Hot, 3=Cold)."
423,B,Domain B: Implementing AV Solutions,Audio Implementation & Hardware,How is standard +48V Phantom Power physically delivered through a balanced 3-pin XLR cable to power condenser microphones?,"+48V DC is placed on Pin 2 only, using Pin 3 as ground.",+48V DC is delivered equally on Pin 2 and Pin 3 through matched 6.81 kΩ resistors relative to Pin 1 Shield ground.,+48V AC is superimposed on the outer chassis shell.,-48V DC is placed on Pin 1.,B,"IEC 61938 phantom power supplies identical +48V DC to pins 2 and 3 relative to pin 1. Because both signal pins are at the same potential, 0V DC flows through dynamic mic coils."
424,B,Domain B: Implementing AV Solutions,Audio Implementation & Hardware,What happens if an unbalanced microphone (or unbalanced cable with Pin 3 tied to Pin 1) is connected to a channel with +48V Phantom Power engaged?,The microphone will play at twice normal volume.,"Pin 3 short-circuits the +48V DC rail to ground, potentially burning out the phantom resistor, damaging sensitive ribbon microphone elements, or inducing severe 60Hz hum.",The mixer's master fuse will immediately blow.,The microphone converts into an optical receiver.,B,"Tying cold (pin 3) to ground (pin 1) places 48V across the transducer, risking destruction of delicate ribbon microphones and unbalancing the input stage."
425,B,Domain B: Implementing AV Solutions,Audio Implementation & Hardware,"What is 'Gain Staging' in an audio signal chain, and what is its primary objective?",Arranging amplifiers symmetrically in the rack.,Adjusting input and output level controls at every stage of the signal chain to maximize Signal-to-Noise Ratio (SNR) while preserving adequate headroom before clipping.,Turning all volume knobs to maximum to ensure audibility.,Muting speakers when nobody is speaking.,B,Proper gain staging keeps audio well above the thermal noise floor while maintaining 12-20 dB of headroom below clipping on dynamic peaks.
426,B,Domain B: Implementing AV Solutions,Audio Implementation & Hardware,"In a conferencing digital signal processor (DSP), what is the 'AEC Reference' signal?",A test tone used to tune room equalizers.,"The exact audio signal being sent to the in-room loudspeakers (far-end speech and program audio), which the AEC algorithm subtracts from room microphone signals.",The master network clock signal from the video matrix.,The voltage from the wall outlet.,B,The AEC Reference tells the cancellation algorithm what sounds are being broadcast into the physical room so it can remove them from the microphone return path.
427,B,Domain B: Implementing AV Solutions,Audio Implementation & Hardware,"If the AEC Reference in a conferencing DSP is accidentally unassigned or routed to the wrong channel, what symptom will far-end participants experience?",They will hear no sound at all.,They will hear their own voices echoed back with a distracting transmission delay whenever they speak.,The local microphones will produce 60 Hz hum.,The video displays will lose sync.,B,"Without a valid AEC reference, the DSP cannot calculate the acoustic transfer function, causing remote talkers to hear their own echo returning through local room mics."
428,B,Domain B: Implementing AV Solutions,Audio Implementation & Hardware,What is the difference between a Parametric Equalizer (PEQ) and a Graphic Equalizer (GEQ)?,A PEQ only works on digital signals; a GEQ is analog.,"A PEQ allows independent continuous adjustment of Center Frequency, Bandwidth (Q), and Boost/Cut gain; a GEQ has fixed frequencies and fixed bandwidths with slider gain controls.",A GEQ has higher sound quality than a PEQ.,A PEQ is only used for subwoofers.,B,"Parametric EQs offer surgical control over center frequency, Q (filter sharpness), and amplitude, ideal for notching out room resonances and feedback modes."
429,B,Domain B: Implementing AV Solutions,Audio Implementation & Hardware,What is the primary benefit of an Automatic Mic Mixer (AMM) like the Dugan Speech Automixer in multi-microphone conference rooms?,It increases the volume of background air conditioning.,"It dynamically redistributes system gain across active talkers while maintaining total system gain equivalent to one open microphone ($NOM=1$), eliminating feedback and hollow room noise.",It records audio directly to a USB stick.,It translates speech into text.,B,"Dugan automixers preserve system gain ($NOM=1$), attenuating inactive microphones by up to 14 dB to eliminate comb filtering and background noise buildup."
430,B,Domain B: Implementing AV Solutions,Audio Implementation & Hardware,"What is 'Proximity Effect' in directional (cardioid, supercardioid) microphones?",A loss of high frequencies when moving away from the mic.,An exaggerated boost in low-frequency bass response that occurs when a sound source is positioned very close to the microphone capsule.,A high-frequency feedback squeal.,The microphone turning omnidirectional at high volume.,B,"Pressure-gradient capsules experience bass boost as sources move within inches of the diaphragm, requiring high-pass filtering (low-cut) on speech channels."
431,B,Domain B: Implementing AV Solutions,Audio Implementation & Hardware,"In professional audio installation scenario #11, an engineer is configuring audio levels and must match input impedance. What is the standard impedance bridging ratio between source and load?",1:1 matching impedance (e.g. 600 ohms to 600 ohms).,Load impedance should be at least 10 times greater than source impedance ($Z_{\text{load}} \ge 10 \times Z_{\text{source}}$) to maximize voltage transfer.,Source impedance must exceed load impedance by 100 times.,Impedance does not matter in audio circuits.,B,"Modern pro audio uses voltage bridging: source impedance is low (<100 ohms), destination input impedance is high (10k ohms+), transferring 99%+ of voltage without loading."
432,B,Domain B: Implementing AV Solutions,Audio Implementation & Hardware,"In professional audio installation scenario #12, an engineer is configuring audio levels and must match input impedance. What is the standard impedance bridging ratio between source and load?",1:1 matching impedance (e.g. 600 ohms to 600 ohms).,Load impedance should be at least 10 times greater than source impedance ($Z_{\text{load}} \ge 10 \times Z_{\text{source}}$) to maximize voltage transfer.,Source impedance must exceed load impedance by 100 times.,Impedance does not matter in audio circuits.,B,"Modern pro audio uses voltage bridging: source impedance is low (<100 ohms), destination input impedance is high (10k ohms+), transferring 99%+ of voltage without loading."
433,B,Domain B: Implementing AV Solutions,Audio Implementation & Hardware,"In professional audio installation scenario #13, an engineer is configuring audio levels and must match input impedance. What is the standard impedance bridging ratio between source and load?",1:1 matching impedance (e.g. 600 ohms to 600 ohms).,Load impedance should be at least 10 times greater than source impedance ($Z_{\text{load}} \ge 10 \times Z_{\text{source}}$) to maximize voltage transfer.,Source impedance must exceed load impedance by 100 times.,Impedance does not matter in audio circuits.,B,"Modern pro audio uses voltage bridging: source impedance is low (<100 ohms), destination input impedance is high (10k ohms+), transferring 99%+ of voltage without loading."
434,B,Domain B: Implementing AV Solutions,Audio Implementation & Hardware,"In professional audio installation scenario #14, an engineer is configuring audio levels and must match input impedance. What is the standard impedance bridging ratio between source and load?",1:1 matching impedance (e.g. 600 ohms to 600 ohms).,Load impedance should be at least 10 times greater than source impedance ($Z_{\text{load}} \ge 10 \times Z_{\text{source}}$) to maximize voltage transfer.,Source impedance must exceed load impedance by 100 times.,Impedance does not matter in audio circuits.,B,"Modern pro audio uses voltage bridging: source impedance is low (<100 ohms), destination input impedance is high (10k ohms+), transferring 99%+ of voltage without loading."
435,B,Domain B: Implementing AV Solutions,Audio Implementation & Hardware,"In professional audio installation scenario #15, an engineer is configuring audio levels and must match input impedance. What is the standard impedance bridging ratio between source and load?",1:1 matching impedance (e.g. 600 ohms to 600 ohms).,Load impedance should be at least 10 times greater than source impedance ($Z_{\text{load}} \ge 10 \times Z_{\text{source}}$) to maximize voltage transfer.,Source impedance must exceed load impedance by 100 times.,Impedance does not matter in audio circuits.,B,"Modern pro audio uses voltage bridging: source impedance is low (<100 ohms), destination input impedance is high (10k ohms+), transferring 99%+ of voltage without loading."
436,B,Domain B: Implementing AV Solutions,Audio Implementation & Hardware,"In professional audio installation scenario #16, an engineer is configuring audio levels and must match input impedance. What is the standard impedance bridging ratio between source and load?",1:1 matching impedance (e.g. 600 ohms to 600 ohms).,Load impedance should be at least 10 times greater than source impedance ($Z_{\text{load}} \ge 10 \times Z_{\text{source}}$) to maximize voltage transfer.,Source impedance must exceed load impedance by 100 times.,Impedance does not matter in audio circuits.,B,"Modern pro audio uses voltage bridging: source impedance is low (<100 ohms), destination input impedance is high (10k ohms+), transferring 99%+ of voltage without loading."
437,B,Domain B: Implementing AV Solutions,Audio Implementation & Hardware,"In professional audio installation scenario #17, an engineer is configuring audio levels and must match input impedance. What is the standard impedance bridging ratio between source and load?",1:1 matching impedance (e.g. 600 ohms to 600 ohms).,Load impedance should be at least 10 times greater than source impedance ($Z_{\text{load}} \ge 10 \times Z_{\text{source}}$) to maximize voltage transfer.,Source impedance must exceed load impedance by 100 times.,Impedance does not matter in audio circuits.,B,"Modern pro audio uses voltage bridging: source impedance is low (<100 ohms), destination input impedance is high (10k ohms+), transferring 99%+ of voltage without loading."
438,B,Domain B: Implementing AV Solutions,Audio Implementation & Hardware,"In professional audio installation scenario #18, an engineer is configuring audio levels and must match input impedance. What is the standard impedance bridging ratio between source and load?",1:1 matching impedance (e.g. 600 ohms to 600 ohms).,Load impedance should be at least 10 times greater than source impedance ($Z_{\text{load}} \ge 10 \times Z_{\text{source}}$) to maximize voltage transfer.,Source impedance must exceed load impedance by 100 times.,Impedance does not matter in audio circuits.,B,"Modern pro audio uses voltage bridging: source impedance is low (<100 ohms), destination input impedance is high (10k ohms+), transferring 99%+ of voltage without loading."
439,B,Domain B: Implementing AV Solutions,Audio Implementation & Hardware,"In professional audio installation scenario #19, an engineer is configuring audio levels and must match input impedance. What is the standard impedance bridging ratio between source and load?",1:1 matching impedance (e.g. 600 ohms to 600 ohms).,Load impedance should be at least 10 times greater than source impedance ($Z_{\text{load}} \ge 10 \times Z_{\text{source}}$) to maximize voltage transfer.,Source impedance must exceed load impedance by 100 times.,Impedance does not matter in audio circuits.,B,"Modern pro audio uses voltage bridging: source impedance is low (<100 ohms), destination input impedance is high (10k ohms+), transferring 99%+ of voltage without loading."
440,B,Domain B: Implementing AV Solutions,Audio Implementation & Hardware,"In professional audio installation scenario #20, an engineer is configuring audio levels and must match input impedance. What is the standard impedance bridging ratio between source and load?",1:1 matching impedance (e.g. 600 ohms to 600 ohms).,Load impedance should be at least 10 times greater than source impedance ($Z_{\text{load}} \ge 10 \times Z_{\text{source}}$) to maximize voltage transfer.,Source impedance must exceed load impedance by 100 times.,Impedance does not matter in audio circuits.,B,"Modern pro audio uses voltage bridging: source impedance is low (<100 ohms), destination input impedance is high (10k ohms+), transferring 99%+ of voltage without loading."
441,B,Domain B: Implementing AV Solutions,Audio Implementation & Hardware,"In professional audio installation scenario #21, an engineer is configuring audio levels and must match input impedance. What is the standard impedance bridging ratio between source and load?",1:1 matching impedance (e.g. 600 ohms to 600 ohms).,Load impedance should be at least 10 times greater than source impedance ($Z_{\text{load}} \ge 10 \times Z_{\text{source}}$) to maximize voltage transfer.,Source impedance must exceed load impedance by 100 times.,Impedance does not matter in audio circuits.,B,"Modern pro audio uses voltage bridging: source impedance is low (<100 ohms), destination input impedance is high (10k ohms+), transferring 99%+ of voltage without loading."
442,B,Domain B: Implementing AV Solutions,Audio Implementation & Hardware,"In professional audio installation scenario #22, an engineer is configuring audio levels and must match input impedance. What is the standard impedance bridging ratio between source and load?",1:1 matching impedance (e.g. 600 ohms to 600 ohms).,Load impedance should be at least 10 times greater than source impedance ($Z_{\text{load}} \ge 10 \times Z_{\text{source}}$) to maximize voltage transfer.,Source impedance must exceed load impedance by 100 times.,Impedance does not matter in audio circuits.,B,"Modern pro audio uses voltage bridging: source impedance is low (<100 ohms), destination input impedance is high (10k ohms+), transferring 99%+ of voltage without loading."
443,B,Domain B: Implementing AV Solutions,Audio Implementation & Hardware,"In professional audio installation scenario #23, an engineer is configuring audio levels and must match input impedance. What is the standard impedance bridging ratio between source and load?",1:1 matching impedance (e.g. 600 ohms to 600 ohms).,Load impedance should be at least 10 times greater than source impedance ($Z_{\text{load}} \ge 10 \times Z_{\text{source}}$) to maximize voltage transfer.,Source impedance must exceed load impedance by 100 times.,Impedance does not matter in audio circuits.,B,"Modern pro audio uses voltage bridging: source impedance is low (<100 ohms), destination input impedance is high (10k ohms+), transferring 99%+ of voltage without loading."
444,B,Domain B: Implementing AV Solutions,Audio Implementation & Hardware,"In professional audio installation scenario #24, an engineer is configuring audio levels and must match input impedance. What is the standard impedance bridging ratio between source and load?",1:1 matching impedance (e.g. 600 ohms to 600 ohms).,Load impedance should be at least 10 times greater than source impedance ($Z_{\text{load}} \ge 10 \times Z_{\text{source}}$) to maximize voltage transfer.,Source impedance must exceed load impedance by 100 times.,Impedance does not matter in audio circuits.,B,"Modern pro audio uses voltage bridging: source impedance is low (<100 ohms), destination input impedance is high (10k ohms+), transferring 99%+ of voltage without loading."
445,B,Domain B: Implementing AV Solutions,Audio Implementation & Hardware,"In professional audio installation scenario #25, an engineer is configuring audio levels and must match input impedance. What is the standard impedance bridging ratio between source and load?",1:1 matching impedance (e.g. 600 ohms to 600 ohms).,Load impedance should be at least 10 times greater than source impedance ($Z_{\text{load}} \ge 10 \times Z_{\text{source}}$) to maximize voltage transfer.,Source impedance must exceed load impedance by 100 times.,Impedance does not matter in audio circuits.,B,"Modern pro audio uses voltage bridging: source impedance is low (<100 ohms), destination input impedance is high (10k ohms+), transferring 99%+ of voltage without loading."
446,B,Domain B: Implementing AV Solutions,Audio Implementation & Hardware,"In professional audio installation scenario #26, an engineer is configuring audio levels and must match input impedance. What is the standard impedance bridging ratio between source and load?",1:1 matching impedance (e.g. 600 ohms to 600 ohms).,Load impedance should be at least 10 times greater than source impedance ($Z_{\text{load}} \ge 10 \times Z_{\text{source}}$) to maximize voltage transfer.,Source impedance must exceed load impedance by 100 times.,Impedance does not matter in audio circuits.,B,"Modern pro audio uses voltage bridging: source impedance is low (<100 ohms), destination input impedance is high (10k ohms+), transferring 99%+ of voltage without loading."
447,B,Domain B: Implementing AV Solutions,Audio Implementation & Hardware,"In professional audio installation scenario #27, an engineer is configuring audio levels and must match input impedance. What is the standard impedance bridging ratio between source and load?",1:1 matching impedance (e.g. 600 ohms to 600 ohms).,Load impedance should be at least 10 times greater than source impedance ($Z_{\text{load}} \ge 10 \times Z_{\text{source}}$) to maximize voltage transfer.,Source impedance must exceed load impedance by 100 times.,Impedance does not matter in audio circuits.,B,"Modern pro audio uses voltage bridging: source impedance is low (<100 ohms), destination input impedance is high (10k ohms+), transferring 99%+ of voltage without loading."
448,B,Domain B: Implementing AV Solutions,Audio Implementation & Hardware,"In professional audio installation scenario #28, an engineer is configuring audio levels and must match input impedance. What is the standard impedance bridging ratio between source and load?",1:1 matching impedance (e.g. 600 ohms to 600 ohms).,Load impedance should be at least 10 times greater than source impedance ($Z_{\text{load}} \ge 10 \times Z_{\text{source}}$) to maximize voltage transfer.,Source impedance must exceed load impedance by 100 times.,Impedance does not matter in audio circuits.,B,"Modern pro audio uses voltage bridging: source impedance is low (<100 ohms), destination input impedance is high (10k ohms+), transferring 99%+ of voltage without loading."
449,B,Domain B: Implementing AV Solutions,Audio Implementation & Hardware,"In professional audio installation scenario #29, an engineer is configuring audio levels and must match input impedance. What is the standard impedance bridging ratio between source and load?",1:1 matching impedance (e.g. 600 ohms to 600 ohms).,Load impedance should be at least 10 times greater than source impedance ($Z_{\text{load}} \ge 10 \times Z_{\text{source}}$) to maximize voltage transfer.,Source impedance must exceed load impedance by 100 times.,Impedance does not matter in audio circuits.,B,"Modern pro audio uses voltage bridging: source impedance is low (<100 ohms), destination input impedance is high (10k ohms+), transferring 99%+ of voltage without loading."
450,B,Domain B: Implementing AV Solutions,Audio Implementation & Hardware,"In professional audio installation scenario #30, an engineer is configuring audio levels and must match input impedance. What is the standard impedance bridging ratio between source and load?",1:1 matching impedance (e.g. 600 ohms to 600 ohms).,Load impedance should be at least 10 times greater than source impedance ($Z_{\text{load}} \ge 10 \times Z_{\text{source}}$) to maximize voltage transfer.,Source impedance must exceed load impedance by 100 times.,Impedance does not matter in audio circuits.,B,"Modern pro audio uses voltage bridging: source impedance is low (<100 ohms), destination input impedance is high (10k ohms+), transferring 99%+ of voltage without loading."
451,B,Domain B: Implementing AV Solutions,Video Implementation & Distribution,What is the primary operational function of Extended Display Identification Data (EDID) in a digital video system?,To encrypt video signals for copyright protection.,"To allow a display (sink) to communicate its native resolution, refresh rate, aspect ratio, and color/audio capabilities to connected video sources via $I^2C$ Display Data Channel (DDC).",To amplify HDMI signals over long cables.,To assign IP addresses to video encoders.,B,"EDID tables communicate supported timings (e.g. 3840x2160@60Hz, 8-bit RGB) from displays to sources, ensuring graphics cards output compatible formats."
452,B,Domain B: Implementing AV Solutions,Video Implementation & Distribution,What occurs when an HDCP-encrypted commercial Blu-ray player or streaming media player is routed through an HDMI splitter to a legacy display that does not support HDCP?,The display plays video in full resolution without audio.,"The display shows a black screen, static 'snow', or an 'HDCP Unauthorized' error message because the cryptographic handshake failed.",The splitter automatically strips the encryption.,The display explodes.,B,"HDCP is content encryption. If any destination sink or intermediate repeater in the signal path fails key authentication, protected video transmission is blocked."
453,B,Domain B: Implementing AV Solutions,Video Implementation & Distribution,What version of HDCP is required across all devices in a signal chain to display protected commercial 4K UHD video content?,HDCP 1.0,HDCP 1.4,HDCP 2.2 / 2.3,HDCP 4.0,C,HDCP 2.2 (and updated 2.3) is the mandatory encryption standard for commercial 4K UHD content; HDCP 1.4 is limited to 1080p.
454,B,Domain B: Implementing AV Solutions,Video Implementation & Distribution,What is the maximum uncompressed video bandwidth capacity of standard HDMI 2.0?,4.95 Gbps,10.2 Gbps,18.0 Gbps,48.0 Gbps,C,HDMI 2.0 supports up to 18.0 Gbps bandwidth (supporting 4K60 4:4:4 8-bit). HDMI 1.4 was 10.2 Gbps; HDMI 2.1 supports up to 48.0 Gbps.
455,B,Domain B: Implementing AV Solutions,Video Implementation & Distribution,"In Chroma Subsampling notation (e.g. 4:4:4 vs 4:2:0), what does '4:2:0' represent, and where is it commonly encountered?",Full uncompressed color resolution.,"Color resolution is halved horizontally and vertically, reducing video bandwidth by 50%; standard for consumer streaming video, Blu-ray, and HDMI 2.0 4K60 HDR.",4 audio channels and 2 video channels.,An obsolete analog video format.,B,"4:2:0 subsampling discards color detail while preserving brightness (luminance), reducing bandwidth from 18Gbps down to 9Gbps for 4K60 8-bit video."
456,B,Domain B: Implementing AV Solutions,Video Implementation & Distribution,What visual artifact is commonly seen when displaying fine computer text (like spreadsheets or code) over a video connection using 4:2:0 chroma subsampling?,The screen flickers once per minute.,"Color fringing, blurry character edges, and colored text characters blending illegibly into background colors.",Audio loses synchronization by 2 seconds.,Black bars appear on the sides of the display.,B,"Subsampling drops 75% of color samples. While imperceptible in natural video, fine single-pixel colored fonts on spreadsheets blur and fringe heavily against contrasting backgrounds."
457,B,Domain B: Implementing AV Solutions,Video Implementation & Distribution,"What core capabilities, known as '5Play', does standard HDBaseT technology deliver over a single Category 6A cable up to 100 meters?","Ultra-HD Video, Audio, 100BaseT Ethernet, USB/Control (RS-232/IR), and up to 100W Power over HDBaseT (PoH).","Analog VGA, Component Video, 120V AC Power, FM Radio, and Wi-Fi.","Composite Video, Optical Fiber, Dante Audio, 48V Phantom Power, and DMX Lighting.","DisplayPort, SDI, Telephone, Cable TV, and Bluetooth.",A,"HDBaseT 5Play converges uncompressed video, audio, 100Mbps Ethernet, bidirectional control (RS-232/IR/USB), and up to 100W DC power over a single 100m Cat6A cable."
458,B,Domain B: Implementing AV Solutions,Video Implementation & Distribution,What is the primary technical limitation of standard passive copper HDMI cables at lengths exceeding 5 to 7 meters (16 to 23 feet)?,The cable loses its fire rating.,"High-frequency attenuation and skin-effect losses cause bit errors, digital sparkles, or complete signal loss (cliff effect) at 18Gbps 4K data rates.",The cable begins outputting audio in mono.,HDCP encryption keys expire automatically.,B,High data rates (18 Gbps) experience severe signal loss and jitter over long copper conductors. Distances beyond 5-7m require active optical cables (AOC) or HDBaseT extenders.
459,B,Domain B: Implementing AV Solutions,Video Implementation & Distribution,What type of cable uses internal micro-optics inside the connector shell to transmit full 18Gbps/48Gbps HDMI signals up to 100 meters without external power supplies?,Active Optical Cable (AOC).,Plenum Cat5e UTP.,Standard RG-59 coaxial cable.,RS-422 twisted pair.,A,"AOCs convert electrical TMDS signals into laser pulses over internal glass fibers, powered directly by the +5V rail of the HDMI port."
460,B,Domain B: Implementing AV Solutions,Video Implementation & Distribution,What professional broadcast digital video standard uses 75-ohm coaxial cable with locking BNC connectors to carry uncompressed serial digital video up to 100 meters?,VGA,"SDI (Serial Digital Interface: HD-SDI, 3G-SDI, 12G-SDI).",DisplayPort,TOSLink Optical,B,"SDI is the robust broadcast standard using locking BNC connectors and 75-ohm coax, capable of running up to 100m uncompressed."
461,B,Domain B: Implementing AV Solutions,Video Implementation & Distribution,"In commercial video matrix routing scenario #11, an AV engineer configures EDID management on an 8x8 matrix switcher. What is the primary purpose of setting fixed EDID profiles on input ports?",To encrypt all video signals.,"To ensure connected source laptops always see a stable, supported resolution and timing table, preventing display disconnects, blinking, and desktop resizing during matrix switching.",To convert HDMI video into analog composite video.,To boost the AC voltage of the matrix switcher power supply.,B,"EDID management provides constant virtual display tables to sources, preventing operating systems from re-enumerating displays or resizing windows when outputs switch."
462,B,Domain B: Implementing AV Solutions,Video Implementation & Distribution,"In commercial video matrix routing scenario #12, an AV engineer configures EDID management on an 8x8 matrix switcher. What is the primary purpose of setting fixed EDID profiles on input ports?",To encrypt all video signals.,"To ensure connected source laptops always see a stable, supported resolution and timing table, preventing display disconnects, blinking, and desktop resizing during matrix switching.",To convert HDMI video into analog composite video.,To boost the AC voltage of the matrix switcher power supply.,B,"EDID management provides constant virtual display tables to sources, preventing operating systems from re-enumerating displays or resizing windows when outputs switch."
463,B,Domain B: Implementing AV Solutions,Video Implementation & Distribution,"In commercial video matrix routing scenario #13, an AV engineer configures EDID management on an 8x8 matrix switcher. What is the primary purpose of setting fixed EDID profiles on input ports?",To encrypt all video signals.,"To ensure connected source laptops always see a stable, supported resolution and timing table, preventing display disconnects, blinking, and desktop resizing during matrix switching.",To convert HDMI video into analog composite video.,To boost the AC voltage of the matrix switcher power supply.,B,"EDID management provides constant virtual display tables to sources, preventing operating systems from re-enumerating displays or resizing windows when outputs switch."
464,B,Domain B: Implementing AV Solutions,Video Implementation & Distribution,"In commercial video matrix routing scenario #14, an AV engineer configures EDID management on an 8x8 matrix switcher. What is the primary purpose of setting fixed EDID profiles on input ports?",To encrypt all video signals.,"To ensure connected source laptops always see a stable, supported resolution and timing table, preventing display disconnects, blinking, and desktop resizing during matrix switching.",To convert HDMI video into analog composite video.,To boost the AC voltage of the matrix switcher power supply.,B,"EDID management provides constant virtual display tables to sources, preventing operating systems from re-enumerating displays or resizing windows when outputs switch."
465,B,Domain B: Implementing AV Solutions,Video Implementation & Distribution,"In commercial video matrix routing scenario #15, an AV engineer configures EDID management on an 8x8 matrix switcher. What is the primary purpose of setting fixed EDID profiles on input ports?",To encrypt all video signals.,"To ensure connected source laptops always see a stable, supported resolution and timing table, preventing display disconnects, blinking, and desktop resizing during matrix switching.",To convert HDMI video into analog composite video.,To boost the AC voltage of the matrix switcher power supply.,B,"EDID management provides constant virtual display tables to sources, preventing operating systems from re-enumerating displays or resizing windows when outputs switch."
466,B,Domain B: Implementing AV Solutions,Video Implementation & Distribution,"In commercial video matrix routing scenario #16, an AV engineer configures EDID management on an 8x8 matrix switcher. What is the primary purpose of setting fixed EDID profiles on input ports?",To encrypt all video signals.,"To ensure connected source laptops always see a stable, supported resolution and timing table, preventing display disconnects, blinking, and desktop resizing during matrix switching.",To convert HDMI video into analog composite video.,To boost the AC voltage of the matrix switcher power supply.,B,"EDID management provides constant virtual display tables to sources, preventing operating systems from re-enumerating displays or resizing windows when outputs switch."
467,B,Domain B: Implementing AV Solutions,Video Implementation & Distribution,"In commercial video matrix routing scenario #17, an AV engineer configures EDID management on an 8x8 matrix switcher. What is the primary purpose of setting fixed EDID profiles on input ports?",To encrypt all video signals.,"To ensure connected source laptops always see a stable, supported resolution and timing table, preventing display disconnects, blinking, and desktop resizing during matrix switching.",To convert HDMI video into analog composite video.,To boost the AC voltage of the matrix switcher power supply.,B,"EDID management provides constant virtual display tables to sources, preventing operating systems from re-enumerating displays or resizing windows when outputs switch."
468,B,Domain B: Implementing AV Solutions,Video Implementation & Distribution,"In commercial video matrix routing scenario #18, an AV engineer configures EDID management on an 8x8 matrix switcher. What is the primary purpose of setting fixed EDID profiles on input ports?",To encrypt all video signals.,"To ensure connected source laptops always see a stable, supported resolution and timing table, preventing display disconnects, blinking, and desktop resizing during matrix switching.",To convert HDMI video into analog composite video.,To boost the AC voltage of the matrix switcher power supply.,B,"EDID management provides constant virtual display tables to sources, preventing operating systems from re-enumerating displays or resizing windows when outputs switch."
469,B,Domain B: Implementing AV Solutions,Video Implementation & Distribution,"In commercial video matrix routing scenario #19, an AV engineer configures EDID management on an 8x8 matrix switcher. What is the primary purpose of setting fixed EDID profiles on input ports?",To encrypt all video signals.,"To ensure connected source laptops always see a stable, supported resolution and timing table, preventing display disconnects, blinking, and desktop resizing during matrix switching.",To convert HDMI video into analog composite video.,To boost the AC voltage of the matrix switcher power supply.,B,"EDID management provides constant virtual display tables to sources, preventing operating systems from re-enumerating displays or resizing windows when outputs switch."
470,B,Domain B: Implementing AV Solutions,Video Implementation & Distribution,"In commercial video matrix routing scenario #20, an AV engineer configures EDID management on an 8x8 matrix switcher. What is the primary purpose of setting fixed EDID profiles on input ports?",To encrypt all video signals.,"To ensure connected source laptops always see a stable, supported resolution and timing table, preventing display disconnects, blinking, and desktop resizing during matrix switching.",To convert HDMI video into analog composite video.,To boost the AC voltage of the matrix switcher power supply.,B,"EDID management provides constant virtual display tables to sources, preventing operating systems from re-enumerating displays or resizing windows when outputs switch."
471,B,Domain B: Implementing AV Solutions,Video Implementation & Distribution,"In commercial video matrix routing scenario #21, an AV engineer configures EDID management on an 8x8 matrix switcher. What is the primary purpose of setting fixed EDID profiles on input ports?",To encrypt all video signals.,"To ensure connected source laptops always see a stable, supported resolution and timing table, preventing display disconnects, blinking, and desktop resizing during matrix switching.",To convert HDMI video into analog composite video.,To boost the AC voltage of the matrix switcher power supply.,B,"EDID management provides constant virtual display tables to sources, preventing operating systems from re-enumerating displays or resizing windows when outputs switch."
472,B,Domain B: Implementing AV Solutions,Video Implementation & Distribution,"In commercial video matrix routing scenario #22, an AV engineer configures EDID management on an 8x8 matrix switcher. What is the primary purpose of setting fixed EDID profiles on input ports?",To encrypt all video signals.,"To ensure connected source laptops always see a stable, supported resolution and timing table, preventing display disconnects, blinking, and desktop resizing during matrix switching.",To convert HDMI video into analog composite video.,To boost the AC voltage of the matrix switcher power supply.,B,"EDID management provides constant virtual display tables to sources, preventing operating systems from re-enumerating displays or resizing windows when outputs switch."
473,B,Domain B: Implementing AV Solutions,Video Implementation & Distribution,"In commercial video matrix routing scenario #23, an AV engineer configures EDID management on an 8x8 matrix switcher. What is the primary purpose of setting fixed EDID profiles on input ports?",To encrypt all video signals.,"To ensure connected source laptops always see a stable, supported resolution and timing table, preventing display disconnects, blinking, and desktop resizing during matrix switching.",To convert HDMI video into analog composite video.,To boost the AC voltage of the matrix switcher power supply.,B,"EDID management provides constant virtual display tables to sources, preventing operating systems from re-enumerating displays or resizing windows when outputs switch."
474,B,Domain B: Implementing AV Solutions,Video Implementation & Distribution,"In commercial video matrix routing scenario #24, an AV engineer configures EDID management on an 8x8 matrix switcher. What is the primary purpose of setting fixed EDID profiles on input ports?",To encrypt all video signals.,"To ensure connected source laptops always see a stable, supported resolution and timing table, preventing display disconnects, blinking, and desktop resizing during matrix switching.",To convert HDMI video into analog composite video.,To boost the AC voltage of the matrix switcher power supply.,B,"EDID management provides constant virtual display tables to sources, preventing operating systems from re-enumerating displays or resizing windows when outputs switch."
475,B,Domain B: Implementing AV Solutions,Video Implementation & Distribution,"In commercial video matrix routing scenario #25, an AV engineer configures EDID management on an 8x8 matrix switcher. What is the primary purpose of setting fixed EDID profiles on input ports?",To encrypt all video signals.,"To ensure connected source laptops always see a stable, supported resolution and timing table, preventing display disconnects, blinking, and desktop resizing during matrix switching.",To convert HDMI video into analog composite video.,To boost the AC voltage of the matrix switcher power supply.,B,"EDID management provides constant virtual display tables to sources, preventing operating systems from re-enumerating displays or resizing windows when outputs switch."
476,B,Domain B: Implementing AV Solutions,Video Implementation & Distribution,"In commercial video matrix routing scenario #26, an AV engineer configures EDID management on an 8x8 matrix switcher. What is the primary purpose of setting fixed EDID profiles on input ports?",To encrypt all video signals.,"To ensure connected source laptops always see a stable, supported resolution and timing table, preventing display disconnects, blinking, and desktop resizing during matrix switching.",To convert HDMI video into analog composite video.,To boost the AC voltage of the matrix switcher power supply.,B,"EDID management provides constant virtual display tables to sources, preventing operating systems from re-enumerating displays or resizing windows when outputs switch."
477,B,Domain B: Implementing AV Solutions,Video Implementation & Distribution,"In commercial video matrix routing scenario #27, an AV engineer configures EDID management on an 8x8 matrix switcher. What is the primary purpose of setting fixed EDID profiles on input ports?",To encrypt all video signals.,"To ensure connected source laptops always see a stable, supported resolution and timing table, preventing display disconnects, blinking, and desktop resizing during matrix switching.",To convert HDMI video into analog composite video.,To boost the AC voltage of the matrix switcher power supply.,B,"EDID management provides constant virtual display tables to sources, preventing operating systems from re-enumerating displays or resizing windows when outputs switch."
478,B,Domain B: Implementing AV Solutions,Video Implementation & Distribution,"In commercial video matrix routing scenario #28, an AV engineer configures EDID management on an 8x8 matrix switcher. What is the primary purpose of setting fixed EDID profiles on input ports?",To encrypt all video signals.,"To ensure connected source laptops always see a stable, supported resolution and timing table, preventing display disconnects, blinking, and desktop resizing during matrix switching.",To convert HDMI video into analog composite video.,To boost the AC voltage of the matrix switcher power supply.,B,"EDID management provides constant virtual display tables to sources, preventing operating systems from re-enumerating displays or resizing windows when outputs switch."
479,B,Domain B: Implementing AV Solutions,Video Implementation & Distribution,"In commercial video matrix routing scenario #29, an AV engineer configures EDID management on an 8x8 matrix switcher. What is the primary purpose of setting fixed EDID profiles on input ports?",To encrypt all video signals.,"To ensure connected source laptops always see a stable, supported resolution and timing table, preventing display disconnects, blinking, and desktop resizing during matrix switching.",To convert HDMI video into analog composite video.,To boost the AC voltage of the matrix switcher power supply.,B,"EDID management provides constant virtual display tables to sources, preventing operating systems from re-enumerating displays or resizing windows when outputs switch."
480,B,Domain B: Implementing AV Solutions,Video Implementation & Distribution,"In commercial video matrix routing scenario #30, an AV engineer configures EDID management on an 8x8 matrix switcher. What is the primary purpose of setting fixed EDID profiles on input ports?",To encrypt all video signals.,"To ensure connected source laptops always see a stable, supported resolution and timing table, preventing display disconnects, blinking, and desktop resizing during matrix switching.",To convert HDMI video into analog composite video.,To boost the AC voltage of the matrix switcher power supply.,B,"EDID management provides constant virtual display tables to sources, preventing operating systems from re-enumerating displays or resizing windows when outputs switch."
481,B,Domain B: Implementing AV Solutions,Network Configuration & Protocols,How many usable host IP addresses are available on a local subnet with a /24 subnet mask (255.255.255.0)?,14,62,254,256,C,A /24 subnet has $2^8 = 256$ total addresses. Subtracting 2 (network ID and broadcast address) leaves 254 usable host addresses.
482,B,Domain B: Implementing AV Solutions,Network Configuration & Protocols,How many usable host IP addresses are available on a subnet configured with a /28 mask (255.255.255.240)?,6,14,16,30,B,A /28 mask leaves 4 host bits ($32 - 28 = 4$). Total addresses = $2^4 = 16$. Usable hosts = $16 - 2 = 14$ addresses.
483,B,Domain B: Implementing AV Solutions,Network Configuration & Protocols,"Which IPv4 address block is designated by RFC 1918 as a private, non-routable address range for internal corporate networks?",8.8.8.0 / 24,"192.168.0.0 / 16 (and 10.0.0.0/8, 172.16.0.0/12)",1.1.1.0 / 24,200.100.50.0 / 24,B,"RFC 1918 defines private IP ranges: 10.0.0.0/8, 172.16.0.0/12, and 192.168.0.0/16 for internal enterprise networks."
484,B,Domain B: Implementing AV Solutions,Network Configuration & Protocols,What is the function of a VLAN (Virtual Local Area Network) in an AV-over-IP or Dante network installation?,To connect two physical buildings together.,"To logically segment a physical network switch into separate, isolated broadcast domains, preventing high-bandwidth AV streaming from flooding the corporate data LAN.",To double the Wi-Fi speed of office laptops.,To convert analog audio into digital bits.,B,"VLANs isolate gigabits of continuous multicast video and audio traffic onto dedicated logical subnets, keeping corporate computers safe from network saturation."
485,B,Domain B: Implementing AV Solutions,Network Configuration & Protocols,What feature must be enabled on managed Ethernet switches to prevent multicast video and Dante audio streams from being broadcast to every port on the switch?,DHCP Relay.,IGMP Snooping (Internet Group Management Protocol Snooping) and an active IGMP Querier.,Spanning Tree Protocol (STP).,Dynamic DNS.,B,"IGMP Snooping intercepts join/leave messages and only forwards multicast packets to switch ports that have explicitly subscribed, preventing switch port flooding."
486,B,Domain B: Implementing AV Solutions,Network Configuration & Protocols,What happens on a multicast AV-over-IP network if IGMP Snooping is disabled on a network switch?,The switch automatically shuts down all ports.,"The switch treats multicast streams as broadcast traffic, flooding every port and crashing lower-bandwidth connected devices (e.g. touchpanels, printers, VoIP phones).",Video latency drops to zero milliseconds.,All audio streams become encrypted.,B,"Without IGMP snooping, multicast behaves like broadcast, sending gigabits of continuous video packets to every connected port, saturating 100Mbps ports and crashing endpoints."
487,B,Domain B: Implementing AV Solutions,Network Configuration & Protocols,What is Quality of Service (QoS) with DSCP tagging used for on an AV network switch?,To test the physical speed of Ethernet cables.,To prioritize latency-sensitive packets (such as Dante PTP clocking and real-time audio/video streams) ahead of bulk data transfers in switch queues.,To limit employee access to streaming websites.,To calibrate color temperature on displays.,B,"QoS reads DSCP header tags to ensure real-time audio samples and PTP clock packets bypass transmit queues ahead of large file transfers, preventing audio dropouts."
488,B,Domain B: Implementing AV Solutions,Network Configuration & Protocols,What precision clock protocol is used by Dante and AES67 audio networks to maintain microsecond-level synchronization across all endpoints?,NTP (Network Time Protocol).,IEEE 1588 PTP (Precision Time Protocol).,SMPTE Linear Timecode.,SNMP.,B,"Precision Time Protocol (IEEE 1588 PTP v1/v2) synchronizes audio clocks across network nodes to sub-microsecond accuracy, preventing clock drift and digital clicks."
489,B,Domain B: Implementing AV Solutions,Network Configuration & Protocols,What IEEE standard specifies PoE+ (Power over Ethernet Plus) supplying up to 30 Watts at the switch port?,IEEE 802.3af (PoE - 15.4W),IEEE 802.3at (PoE+ - 30.0W switch / 25.5W device),IEEE 802.3bt (PoE++ - 60W to 90W),IEEE 802.1Q,B,"IEEE 802.3at (PoE+) supplies 30W at the PSE switch port, guaranteeing at least 25.5W at the powered device over 100m, standard for motorized PTZ cameras and touchpanels."
490,B,Domain B: Implementing AV Solutions,Network Configuration & Protocols,What IEEE standard specifies 4-pair PoE++ (Type 4) delivering up to 90 to 100 Watts for high-power AV endpoints?,IEEE 802.3af,IEEE 802.3at,IEEE 802.3bt (Type 4),IEEE 802.11ax,C,"IEEE 802.3bt Type 4 powers all 4 wire pairs to deliver up to 90-100W, powering smart displays, outdoor heated PTZ cameras, and compact PoE amplifiers."
491,B,Domain B: Implementing AV Solutions,Network Configuration & Protocols,"In networked AV installation scenario #11, a technician is configuring an IP address on an AV endpoint and receives a 169.254.x.x address. What does this Automatic Private IP Addressing (APIPA) signify?",The device is operating in high-speed multicast mode.,"The device is configured for DHCP, but no DHCP server responded to its discovery request on the local subnet.",The device has connected directly to the public internet.,The network cable is too short.,B,A 169.254.x.x link-local address indicates that the device's DHCP client timed out without receiving an IP lease from a DHCP server.
492,B,Domain B: Implementing AV Solutions,Network Configuration & Protocols,"In networked AV installation scenario #12, a technician is configuring an IP address on an AV endpoint and receives a 169.254.x.x address. What does this Automatic Private IP Addressing (APIPA) signify?",The device is operating in high-speed multicast mode.,"The device is configured for DHCP, but no DHCP server responded to its discovery request on the local subnet.",The device has connected directly to the public internet.,The network cable is too short.,B,A 169.254.x.x link-local address indicates that the device's DHCP client timed out without receiving an IP lease from a DHCP server.
493,B,Domain B: Implementing AV Solutions,Network Configuration & Protocols,"In networked AV installation scenario #13, a technician is configuring an IP address on an AV endpoint and receives a 169.254.x.x address. What does this Automatic Private IP Addressing (APIPA) signify?",The device is operating in high-speed multicast mode.,"The device is configured for DHCP, but no DHCP server responded to its discovery request on the local subnet.",The device has connected directly to the public internet.,The network cable is too short.,B,A 169.254.x.x link-local address indicates that the device's DHCP client timed out without receiving an IP lease from a DHCP server.
494,B,Domain B: Implementing AV Solutions,Network Configuration & Protocols,"In networked AV installation scenario #14, a technician is configuring an IP address on an AV endpoint and receives a 169.254.x.x address. What does this Automatic Private IP Addressing (APIPA) signify?",The device is operating in high-speed multicast mode.,"The device is configured for DHCP, but no DHCP server responded to its discovery request on the local subnet.",The device has connected directly to the public internet.,The network cable is too short.,B,A 169.254.x.x link-local address indicates that the device's DHCP client timed out without receiving an IP lease from a DHCP server.
495,B,Domain B: Implementing AV Solutions,Network Configuration & Protocols,"In networked AV installation scenario #15, a technician is configuring an IP address on an AV endpoint and receives a 169.254.x.x address. What does this Automatic Private IP Addressing (APIPA) signify?",The device is operating in high-speed multicast mode.,"The device is configured for DHCP, but no DHCP server responded to its discovery request on the local subnet.",The device has connected directly to the public internet.,The network cable is too short.,B,A 169.254.x.x link-local address indicates that the device's DHCP client timed out without receiving an IP lease from a DHCP server.
496,B,Domain B: Implementing AV Solutions,Network Configuration & Protocols,"In networked AV installation scenario #16, a technician is configuring an IP address on an AV endpoint and receives a 169.254.x.x address. What does this Automatic Private IP Addressing (APIPA) signify?",The device is operating in high-speed multicast mode.,"The device is configured for DHCP, but no DHCP server responded to its discovery request on the local subnet.",The device has connected directly to the public internet.,The network cable is too short.,B,A 169.254.x.x link-local address indicates that the device's DHCP client timed out without receiving an IP lease from a DHCP server.
497,B,Domain B: Implementing AV Solutions,Network Configuration & Protocols,"In networked AV installation scenario #17, a technician is configuring an IP address on an AV endpoint and receives a 169.254.x.x address. What does this Automatic Private IP Addressing (APIPA) signify?",The device is operating in high-speed multicast mode.,"The device is configured for DHCP, but no DHCP server responded to its discovery request on the local subnet.",The device has connected directly to the public internet.,The network cable is too short.,B,A 169.254.x.x link-local address indicates that the device's DHCP client timed out without receiving an IP lease from a DHCP server.
498,B,Domain B: Implementing AV Solutions,Network Configuration & Protocols,"In networked AV installation scenario #18, a technician is configuring an IP address on an AV endpoint and receives a 169.254.x.x address. What does this Automatic Private IP Addressing (APIPA) signify?",The device is operating in high-speed multicast mode.,"The device is configured for DHCP, but no DHCP server responded to its discovery request on the local subnet.",The device has connected directly to the public internet.,The network cable is too short.,B,A 169.254.x.x link-local address indicates that the device's DHCP client timed out without receiving an IP lease from a DHCP server.
499,B,Domain B: Implementing AV Solutions,Network Configuration & Protocols,"In networked AV installation scenario #19, a technician is configuring an IP address on an AV endpoint and receives a 169.254.x.x address. What does this Automatic Private IP Addressing (APIPA) signify?",The device is operating in high-speed multicast mode.,"The device is configured for DHCP, but no DHCP server responded to its discovery request on the local subnet.",The device has connected directly to the public internet.,The network cable is too short.,B,A 169.254.x.x link-local address indicates that the device's DHCP client timed out without receiving an IP lease from a DHCP server.
500,B,Domain B: Implementing AV Solutions,Network Configuration & Protocols,"In networked AV installation scenario #20, a technician is configuring an IP address on an AV endpoint and receives a 169.254.x.x address. What does this Automatic Private IP Addressing (APIPA) signify?",The device is operating in high-speed multicast mode.,"The device is configured for DHCP, but no DHCP server responded to its discovery request on the local subnet.",The device has connected directly to the public internet.,The network cable is too short.,B,A 169.254.x.x link-local address indicates that the device's DHCP client timed out without receiving an IP lease from a DHCP server.
501,B,Domain B: Implementing AV Solutions,Cable Pathways & NEC Codes,"Under National Electrical Code (NEC) Article 725, what is the primary operational definition and safety characteristic of a Class 2 circuit?",It carries 480V three-phase high-voltage power.,"It is an energy-limited and power-limited circuit that considers safety from a fire and electrical shock standpoint, permitting flexible wiring methods.",It is restricted solely to outdoor underground installations.,It can only be installed in cast-iron conduits.,B,"NEC Article 725 classifies Class 2 circuits as power-limited (typically <=100 VA and <=30V RMS or 60V DC), protecting against fire initiation and shock hazard."
502,B,Domain B: Implementing AV Solutions,Cable Pathways & NEC Codes,An AV installer is pulling low-voltage cabling through a commercial ceiling plenum used for building HVAC environmental air return. What cable flame rating is mandatory under NFPA 262?,CMX (Limited-use residential).,CMP (Communications Plenum).,CMR (Communications Riser).,LSZH unrated.,B,CMP (Communications Plenum) is required in environmental air return spaces due to its high fire resistance and low smoke-producing fluoropolymer jacketing.
503,B,Domain B: Implementing AV Solutions,Cable Pathways & NEC Codes,Can CMP (Plenum-rated) cable be legally substituted for CMR (Riser-rated) cable in vertical risers between floors under the NEC?,"No, plenum cable is strictly forbidden in vertical risers.","Yes, the NEC hierarchy permits higher-rated cables (CMP) to substitute for lower-rated cables (CMR or CM).",Only if the cable is installed in rigid steel conduit.,Only with written permission from the display manufacturer.,B,"Under NEC cable substitution hierarchy (CMP > CMR > CM/CMG > CMX), higher-rated cables may replace lower-rated cables."
504,B,Domain B: Implementing AV Solutions,Cable Pathways & NEC Codes,What is the minimum bend radius required for 4-pair unshielded twisted pair (UTP) network cable under TIA-568 standards?,1 times outer diameter.,"At least 4 times the cable outer diameter at rest, and 8 times outer diameter under pulling tension.",20 times outer diameter.,A sharp 90-degree crease.,B,TIA-568 specifies a minimum bend radius of 4x outer diameter at rest and 8x under tension to prevent pair separation and impedance bumps.
505,B,Domain B: Implementing AV Solutions,Cable Pathways & NEC Codes,An installer pulls Category 6A cabling through a 100-foot conduit run. How many 90-degree conduit bends are permitted between pull boxes under BICSI and TIA-569 standards?,Up to 6 bends.,No more than two 90-degree bends (180 degrees total) between pull points or pull boxes.,Bends are unlimited if pulling lubricant is used.,Only one bend is permitted in any commercial building.,B,TIA-569 and BICSI standards mandate no more than two 90-degree bends (180° total) between pull boxes to prevent excessive cable tension and jacket damage.
506,B,Domain B: Implementing AV Solutions,Cable Pathways & NEC Codes,What is the maximum allowable cable pulling tension for standard 4-pair 24 AWG UTP network cables?,10 lbs (44 N).,25 lbs (110 N).,75 lbs (330 N).,150 lbs (660 N).,B,"Exceeding 25 lbs (110 N) of pulling tension stretches copper conductors and damages pair twists, resulting in elevated crosstalk and return loss."
507,B,Domain B: Implementing AV Solutions,Cable Pathways & NEC Codes,"When terminating Category 6A cable to an RJ45 modular plug or patch panel, what is the maximum allowable conductor pair untwist length according to ANSI/TIA-568?",0.5 inches (13 mm).,2.0 inches (50 mm).,3.0 inches (75 mm).,Pair twisting does not matter within 6 inches of the termination.,A,Maintaining cable twist as close to the termination point as possible is critical; TIA-568 mandates a maximum untwist of 0.5 inches (13 mm) to preserve common-mode rejection and minimize Near-End Crosstalk (NEXT).
508,B,Domain B: Implementing AV Solutions,Cable Pathways & NEC Codes,"What is the difference between T568A and T568B wiring standards on an 8-position, 8-contact (8P8C / RJ45) modular connector?",T568A uses 4 wires; T568B uses 8 wires.,Pin pairs 2 (Orange) and 3 (Green) are swapped: T568A has Green on pins 1/2 and Orange on pins 3/6; T568B has Orange on pins 1/2 and Green on pins 3/6.,T568A is for shielded cable; T568B is for unshielded cable.,T568A carries 120V power; T568B carries data only.,B,T568A and T568B differ only in the positions of the green and orange pairs. Both configurations function identically as long as both ends of the permanent link use the same scheme.
509,B,Domain B: Implementing AV Solutions,Cable Pathways & NEC Codes,"If an Ethernet patch cable is terminated with T568A on one end and T568B on the opposite end, what type of cable has been created?",A standard straight-through patch cable.,A Crossover cable.,A defective open-shield cable.,A rollover console cable.,B,"Swapping the transmit (pins 1/2) and receive (pins 3/6) pairs between ends creates a crossover cable, historically used to connect like devices directly before Auto-MDIX became standard."
510,B,Domain B: Implementing AV Solutions,Cable Pathways & NEC Codes,"Under NEC Chapter 9, Table 1, what is the maximum allowable cross-sectional conduit fill percentage when installing three or more cables?",20%,40%,53%,70%,B,"When pulling 3 or more cables into a conduit, NEC mandates a maximum 40% fill capacity to prevent excessive pulling friction and heat buildup."
511,B,Domain B: Implementing AV Solutions,Cable Pathways & NEC Codes,"If an installer pulls two cables through a commercial conduit run, what is the maximum allowable NEC conduit fill percentage?",31%,40%,53%,60%,A,"Two cables pulled together tend to twist and jam across bends; therefore, the NEC restricts two-cable fill to 31%."
512,B,Domain B: Implementing AV Solutions,Cable Pathways & NEC Codes,What is the maximum allowable NEC conduit fill percentage when pulling only ONE single cable through a conduit?,25%,53%,40%,80%,B,"A single cable cannot experience conductor jamming, permitting a maximum fill of 53%."
513,B,Domain B: Implementing AV Solutions,Cable Pathways & NEC Codes,"When running unshielded low-voltage AV cables parallel to high-voltage 120V/277V electrical conduits in open ceiling spaces, what is the minimum recommended physical separation distance under BICSI/NEC guidelines?",0 inches (cables may be taped together).,Minimum 6 to 12 inches (or at least 2 inches if separated by continuous grounded metallic conduit).,Minimum 10 feet.,Minimum 50 feet.,B,Maintaining 6 to 12 inches of physical separation from high-voltage wiring (or 2 inches in grounded metal raceway) prevents 60Hz electromagnetic coupling and transient induction into audio/video lines.
514,B,Domain B: Implementing AV Solutions,Cable Pathways & NEC Codes,"If low-voltage AV cables must intersect or cross high-voltage AC electrical lines in an open ceiling plenum, at what angle should they cross?",They must run parallel for at least 10 feet.,At a strict 90-degree right angle.,At a 45-degree angle.,They are strictly prohibited from crossing under any circumstances.,B,Crossing signal and AC power lines at a perpendicular 90-degree right angle minimizes inductive electromagnetic coupling between conductors.
515,B,Domain B: Implementing AV Solutions,Cable Pathways & NEC Codes,"What is an 'Intumescent' firestop material, and how does it function when low-voltage cables penetrate a 2-hour fire-rated drywall partition?",It dissolves when exposed to fire to let smoke escape.,"It expands dramatically when exposed to high heat, sealing off voids and melting plastic cable jackets to prevent fire, toxic gases, and smoke from migrating through the wall assembly.",It cools the wall by spraying water.,It is an electrical conductor that trips circuit breakers.,B,"Intumescent compounds expand up to 25 times their original volume at fire temperatures, forming a dense insulating char that seals voids around cables to preserve the partition's fire rating."
516,B,Domain B: Implementing AV Solutions,Cable Pathways & NEC Codes,"Under NEC 300.11, can low-voltage telecommunication cables be attached directly to ceiling grid suspension wires with plastic zip ties?","Yes, ceiling grid wires are the preferred cable pathway support.","No, cables must be secured to independent support wires that are securely anchored directly to building structural members and clearly identified.","Yes, but only if plenum-rated zip ties are used.",Only if the ceiling grid is painted black.,B,"NEC 300.11 prohibits supporting electrical and communications cabling from suspended ceiling support wires. Dedicated, independent ceiling support wires must be anchored to structural steel or concrete."
517,B,Domain B: Implementing AV Solutions,Cable Pathways & NEC Codes,What is the maximum allowable spacing between non-continuous cable supports (such as J-hooks) along a horizontal cable pathway under TIA-569?,2 feet.,4 to 5 feet (1.2 to 1.5 meters).,10 feet.,20 feet.,B,"TIA-569 mandates that non-continuous supports (J-hooks) be spaced no more than 4 to 5 feet apart, with randomized spacing recommended to prevent structural cable deformation and harmonics."
518,B,Domain B: Implementing AV Solutions,Cable Pathways & NEC Codes,Why should hook-and-loop (Velcro) fasteners be used instead of plastic nylon zip ties when bundling high-performance Category 6A cabling?,Velcro fasteners conduct electricity to provide shielding.,"Plastic zip ties can easily be over-tightened, cinching cable jackets and crushing internal pair geometry, which elevates Near-End Crosstalk (NEXT) and Return Loss.",Velcro fasteners are fireproof.,Plastic zip ties are prohibited on all electrical jobs.,B,"Over-cinching plastic cable ties crushes cable twists, causing impedance discontinuities and crosstalk spikes. Reusable hook-and-loop straps provide gentle, secure bundling without jacket deformation."
519,B,Domain B: Implementing AV Solutions,Cable Pathways & NEC Codes,"Under NEC 300.19, what mechanical installation practice is required for vertical cable runs in tall building risers to prevent cables from breaking under their own weight?",Coating the cables in grease.,Providing approved vertical cable strain relief supports (such as Kellums wire-mesh grips or cable clamps) at specified vertical intervals.,Letting cables hang freely by their top connectors.,Tying cables into knots every 10 feet.,B,Heavy vertical cable bundles exert tremendous tensile load on top terminations. NEC 300.19 mandates mechanical strain relief supports at regular vertical intervals based on wire gauge and weight.
520,B,Domain B: Implementing AV Solutions,Cable Pathways & NEC Codes,What is the difference between Shielded Twisted Pair (STP / F/UTP) and Unshielded Twisted Pair (UTP) Category cabling regarding termination requirements?,STP cables do not need RJ45 connectors.,STP cables incorporate an overall foil shield and an uninsulated copper drain wire that must be properly bonded 360-degrees to grounded metallic RJ45 plugs or patch panel shields.,STP cables only have two wire pairs.,UTP cables require an external earth grounding rod at every wall plate.,B,Shielded twisted-pair cables require continuity from end to end: the metallic foil and internal drain wire must be bonded 360 degrees to shielded connectors to dissipate induced RF noise to chassis ground.
521,B,Domain B: Implementing AV Solutions,Cable Pathways & NEC Codes,"In structured cabling terminology, what is a 'Permanent Link' versus a 'Channel'?",A Permanent Link includes the user patch cords; a Channel does not.,"A Permanent Link encompasses the installed in-wall cabling, patch panel jack, and wall outlet jack (max 90 meters); a Channel includes the permanent link plus patch cords at both ends (max 100 meters).",A Permanent Link is made of fiber; a Channel is made of copper.,A Permanent Link is temporary; a Channel is permanent.,B,The Permanent Link (max 90m) represents the fixed in-wall infrastructure tested during construction. The Channel (max 100m) includes end equipment patch cords (up to 10m total) used in daily operation.
522,B,Domain B: Implementing AV Solutions,Cable Pathways & NEC Codes,What is the maximum permitted Channel length for standard Category 5e/6/6A horizontal copper cabling under ANSI/TIA-568?,50 meters (164 feet).,100 meters (328 feet).,150 meters (492 feet).,300 meters (984 feet).,B,TIA-568 limits horizontal copper channel length to 100 meters (328 ft) total: 90 meters of permanent link horizontal solid conductor cable plus a combined maximum of 10 meters of stranded patch cords.
523,B,Domain B: Implementing AV Solutions,Cable Pathways & NEC Codes,"When pulling fiber optic cable through building conduits, what is the maximum pulling force generally recommended for standard 2-strand to 12-strand indoor distribution fiber?",10 lbs.,"50 lbs (222 N) (pulling on the internal aramid/Kevlar strength member, never directly on the glass fibers).",200 lbs.,500 lbs.,B,Fiber optic cable pulling tension must be exerted strictly on the internal Kevlar/aramid yarn strength members (typically limited to 50 lbs / 222 N for premise cable) to prevent micro-fracturing of glass cores.
524,B,Domain B: Implementing AV Solutions,Cable Pathways & NEC Codes,What is the primary operational purpose of a 'Pull String' or 'Mule Tape' left inside an installed conduit?,To measure the temperature of the conduit.,To facilitate future cable pulls without having to re-fish the pathway with a snake or vacuum line.,To ground the conduit to the electrical panel.,To prevent water condensation.,B,Leaving a dedicated pull string or pull tape with sequential foot markings inside conduits allows subsequent cable installations to be pulled through rapidly without labor-intensive fishing.
525,B,Domain B: Implementing AV Solutions,Cable Pathways & NEC Codes,What is a 'Poke-Through' device in commercial floor slab AV distribution?,A sharp tool used to puncture drywall.,"A UL-listed through-floor fitting that penetrates a core-drilled hole in a concrete floor slab, incorporating internal intumescent firestop material to maintain the slab's fire rating while delivering power and AV cabling.",An unapproved open hole in the floor.,A wireless microphone antenna mount.,B,"Fire-rated poke-throughs allow core-drilling through concrete floors to feed tables from below, featuring internal firestop seals that expand during a fire to maintain the floor slab's fire separation rating."
526,B,Domain B: Implementing AV Solutions,Cable Pathways & NEC Codes,"Under NEC Article 800, what is the requirement for grounding and bonding the metallic shield of incoming telecommunications cables entering a building from an outdoor environment?",The shield must be insulated with electrical tape.,The metallic shield must be bonded to the building primary grounding electrode system as close as practicable to the cable's point of entrance.,The shield must be connected to the water sprinkler pipes.,Outdoor cables do not require grounding.,B,NEC 800 mandates that conductive metallic shields and armor of entrance cables be bonded to the primary electrical grounding electrode system at the building entrance to divert lightning and utility surges.
527,B,Domain B: Implementing AV Solutions,Cable Pathways & NEC Codes,What type of conduit is required when low-voltage AV cables are installed exposed in an industrial parking garage subject to physical impact from vehicles?,Flexible non-metallic tubing (ENT).,Rigid Metal Conduit (RMC) or Intermediate Metal Conduit (IMC).,Plastic PVC schedule 40.,Open wire mesh basket tray.,B,"Where cables are subject to severe physical damage (loading docks, parking garages, industrial floors), NEC mandates heavy-wall Rigid Metal Conduit (RMC) or IMC to resist mechanical impacts."
528,B,Domain B: Implementing AV Solutions,Cable Pathways & NEC Codes,What is 'Cable Fill Derating' in electrical power conduit versus communications conduit?,Low-voltage data cables require derating; high-voltage AC cables do not.,"High-voltage electrical current generates $I^2R$ thermal heat, requiring ampacity derating when more than three current-carrying conductors share a raceway; low-voltage communications cables do not generate significant thermal loads but are limited by physical cross-sectional fill (40%).",Conduits must be painted different colors depending on temperature.,All cables must be derated by 50% regardless of voltage.,B,"AC power conductors dissipate heat due to current flow, requiring electrical ampacity derating per NEC 310.15. Low-voltage data cables are governed by physical pathway fill capacity (40%) rather than ampacity derating."
529,B,Domain B: Implementing AV Solutions,Cable Pathways & NEC Codes,"When running cabling beneath a raised access floor (common in data centers and command centers), what cable rating is legally required if the underfloor plenum is used for environmental HVAC air distribution?",CMX.,CMP (Communications Plenum).,CMR (Communications Riser).,Standard PVC lamp cord.,B,"Any enclosed building cavity used for conditioned air distribution—including raised floor plenums—is classified as an environmental air-handling plenum, mandating CMP plenum-rated cabling."
530,B,Domain B: Implementing AV Solutions,Cable Pathways & NEC Codes,What is an 'Expansion Joint Fitting' in long exterior or bridge conduit runs?,A connector that allows conduits to be bent by hand.,A telescoping conduit coupling designed to compensate for thermal linear expansion and contraction of metallic raceways caused by seasonal outdoor temperature changes.,A joint where conduits connect to water pipes.,A high-voltage transformer housing.,B,"Metal conduits expand and contract significantly over temperature swings. Expansion fittings permit longitudinal sliding movement, preventing conduits from buckling, shearing mounts, or pulling out of boxes."
531,B,Domain B: Implementing AV Solutions,Cable Pathways & NEC Codes,"In a commercial AV rack, what is the best practice for dressing and separating cable bundles running vertically along the rack rails?","Mix all high-voltage power cords, microphone cables, and network lines in a single tight bundle.","Physically segregate cables into separate vertical bundles by signal level: AC power lines on one side, line/mic-level audio in the center, and digital video/network data on the opposite side.",Leave all cables in a loose pile at the bottom of the rack.,Wrap all cables together in duct tape.,B,"Segregating rack wiring into isolated vertical bundles by signal level (power, sensitive audio, high-speed data) prevents electromagnetic crosstalk, capacitive coupling, and 60Hz hum injection."
532,B,Domain B: Implementing AV Solutions,Cable Pathways & NEC Codes,"What is a 'Service Loop' (Drip Loop / Slack Loop) left at equipment terminations and pull boxes, and what is its purpose?",A loop tied in a cable to increase electrical resistance.,"An intentional 10 to 12 inch coil of extra cable slack left behind racks, wall plates, and pull boxes to allow future re-terminations, equipment servicing, and minor field repositioning without splicing.",A decorative cable feature required by interior designers.,A loop designed to catch falling dust.,B,"Leaving an adequate service loop (typically 12-36 inches in racks, 6-12 inches at wall boxes) ensures technicians can pull equipment forward for maintenance or re-terminate damaged ends without pulling new wire."
533,B,Domain B: Implementing AV Solutions,Cable Pathways & NEC Codes,"Under TIA-606 standards for telecommunications labeling, where must cable identification labels be placed?",Only on the exterior building shipping box.,"At both ends of every cable run (near the termination connector) and on patch panels, wall plates, and faceplates, using durable, machine-printed labels matching project as-built records.",Only on cables that fail certification testing.,Labels are prohibited on high-speed cables.,B,"TIA-606 mandates clear, standardized machine-printed alphanumeric labeling at both ends of every permanent link and patch panel port, ensuring immediate traceability during maintenance and servicing."
534,B,Domain B: Implementing AV Solutions,Cable Pathways & NEC Codes,What is the function of a 'Brush Faceplate' (Grommet Wall Plate) in commercial AV wall box installations?,To clean dust off cables every time they are moved.,"To provide a clean, aesthetically finished cable exit through drywall or furniture while dense nylon bristles block light, dust, and visual sightlines into the wall cavity.",To prevent electrical shocks from low-voltage cables.,To boost Wi-Fi signals passing through the wall.,B,Brush pass-through plates provide an aesthetically neat exit for pre-terminated patch cables passing through furniture or drywall cavities while concealing the open rough-in cutout.
535,B,Domain B: Implementing AV Solutions,Cable Pathways & NEC Codes,What is the National Electrical Code requirement for abandoned low-voltage communications cables in commercial building ceilings?,They may remain in the ceiling indefinitely.,NEC 800.25 mandates that accessible abandoned cables (cables not terminated at equipment and not tagged for future use) must be removed to prevent excess combustible fuel load during fires.,They must be connected to high-voltage power.,They must be painted red.,B,Abandoned cabling represents tons of combustible plastic fuel in ceilings. NEC Article 800.25 requires the removal of accessible abandoned communications cables to reduce smoke and fire hazards.
536,B,Domain B: Implementing AV Solutions,Audio Implementation & DSP,Why does a professional balanced audio connection achieve significantly greater immunity to electromagnetic interference (EMI) than an unbalanced connection?,It carries double the DC supply voltage.,"It transmits identical in-phase signals on two wires and uses a differential receiver that subtracts the inverted cold from the hot, canceling common-mode noise via CMRR.",It uses gold-plated pins that repel magnetic fields.,It operates at 70V AC line voltage.,B,Common-Mode Rejection Ratio (CMRR) in differential amplifiers cancels identical noise picked up by both signal conductors: (S+N) - (-S+N) = 2S.
537,B,Domain B: Implementing AV Solutions,Audio Implementation & DSP,What is the standard professional 3-pin XLR audio pinout under AES standards?,"Pin 1: Hot (+), Pin 2: Cold (-), Pin 3: Shield.","Pin 1: Shield (Chassis Ground), Pin 2: Hot (+ / In-phase), Pin 3: Cold (- / Inverted).","Pin 1: Cold (-), Pin 2: Shield, Pin 3: Hot (+).","Pin 1: Left, Pin 2: Right, Pin 3: Ground.",B,"Universal standard: Pin 1 = Shield/Ground, Pin 2 = Positive/Hot, Pin 3 = Negative/Cold. (Mnemonic: 1=Ground, 2=Hot, 3=Cold)."
538,B,Domain B: Implementing AV Solutions,Audio Implementation & DSP,"In a conferencing DSP, what is 'Tail Length' (AEC Filter Length), and how is it properly specified based on room acoustics?",The physical length of the podium gooseneck microphone cable.,"The time window (typically 150 to 300 milliseconds) over which the AEC adaptive algorithm tracks and cancels acoustic room reflections, which should match or exceed the room's direct sound plus primary reflection times.",The duration of an internal pink noise calibration burst.,The latency of the Dante network switch.,B,"AEC tail length defines the temporal memory of the adaptive filter. If tail length is shorter than the room's acoustic reflections (RT60), late room reflections will escape cancellation and echo back to the far end."
539,B,Domain B: Implementing AV Solutions,Audio Implementation & DSP,What is the primary operational consequence of driving a digital audio signal past 0 dBFS (decibels relative to Full Scale)?,The audio becomes warmer like analog magnetic tape saturation.,"Immediate, harsh digital clipping distortion (flat-topping of numeric binary values at all 1s), generating unrecoverable harmonic distortion across all frequencies.",The DSP converts stereo audio into mono.,The network switch drops Dante packets.,B,"Unlike analog circuits which saturate gradually with soft compression, digital audio has an absolute hard ceiling at 0 dBFS. Exceeding 0 dBFS clips bits immediately to maximum integer values, causing harsh square-wave distortion."
540,B,Domain B: Implementing AV Solutions,Audio Implementation & DSP,"In multi-channel wireless microphone installations, what is the 'Near-Far Problem' (Receiver De-sensing)?",A presenter standing too close to the video display screen.,"A high-powered wireless transmitter operating in close proximity to the receiving antenna overpowers the receiver's front-end RF amplifier, desensitizing it and dropping weaker signals from distant transmitters.",A video camera optical focus error.,Audio delay between room speakers.,B,"When one transmitter is very close to receiving antennas, its strong carrier wave saturates the receiver's RF preamplifier (desensitization), making it unable to detect weaker RF signals from transmitters located farther away."
541,B,Domain B: Implementing AV Solutions,Audio Implementation & DSP,What is the mathematical voltage difference between professional nominal line level (+4 dBu) and consumer line level (-10 dBV)?,6.0 dB.,11.79 dB (approximately 12 dB).,14.0 dB.,20.0 dB.,B,+4 dBu equals 1.228 V RMS; -10 dBV equals 0.316 V RMS. The decibel difference is 20 * log10(1.228 / 0.316) = 11.79 dB (approx 11.8 dB).
542,B,Domain B: Implementing AV Solutions,Audio Implementation & DSP,What is the primary function of a Direct Injection (DI) box in an AV installation?,To convert low-voltage DC into high-voltage AC.,"To convert high-impedance unbalanced instrument/consumer audio signals into low-impedance balanced microphone-level signals, often providing galvanic ground isolation.",To boost microphone signals to speaker power levels.,To eliminate acoustic room echo.,B,DI boxes match impedances (transforming high-Z unbalanced signals into low-Z balanced signals) and provide transformer isolation to eliminate ground loops.
543,B,Domain B: Implementing AV Solutions,Audio Implementation & DSP,What is the operational difference between a 'Gain Sharing' automixer (e.g. Dugan Speech System) and a 'Gating' automixer in a conference room DSP?,Gain sharing works only with dynamic microphones; gating works only with condenser microphones.,Gain sharing dynamically distributes total system gain across all active microphones so total open gain remains constant at unity; gating automixers abruptly open or close individual channels based on a threshold level.,Gain sharing mutes all audio when two people speak.,Gating automixers double the audio power to amplifiers.,B,"Dugan gain sharing smoothly apportions unity gain among all active talkers without audible threshold gating artifacts or pumping, maintaining consistent acoustic loop gain."
544,B,Domain B: Implementing AV Solutions,Audio Implementation & DSP,"What is the NOM (Number of Open Microphones) formula, and why must automixers attenuate master gain as more talkers speak?",NOM = 2 * log10(Microphones).,"Attenuation = 10 * log10(NOM); doubling open microphones doubles acoustic power (+3 dB), reducing gain-before-feedback and elevating ambient room noise.",NOM formula calculates amplifier wattage.,NOM determines the room air temperature rise.,B,Each doubling of open microphones increases total ambient acoustic noise and system loop gain by +3 dB. The NOM formula attenuates master gain by 10 * log10(NOM) dB to prevent feedback.
545,B,Domain B: Implementing AV Solutions,Audio Implementation & DSP,"In an audio compressor, what does the 'Threshold' setting determine?",The maximum wattage output of the power amplifier.,The input signal level above which gain reduction begins to take place.,The speed at which the compressor returns to unity gain.,The frequency cutoff of the high-pass filter.,B,The threshold is the decibel level benchmark. Any audio signal rising above the threshold triggers dynamic attenuation based on the compression ratio.
546,B,Domain B: Implementing AV Solutions,Audio Implementation & DSP,What is the difference between a Compressor with a 4:1 ratio and a Limiter with a 20:1 ratio?,The compressor mutes the signal; the limiter boosts it.,"At a 4:1 compression ratio, for every 4 dB the input exceeds the threshold, output increases by 1 dB; at 20:1 (limiting), output virtually halts at the threshold ceiling to prevent downstream clipping.",A compressor changes pitch; a limiter changes volume.,Limiters only operate on low-frequency bass.,B,"Ratios from 2:1 to 8:1 smoothly compress dynamic range. Ratios >= 10:1 or 20:1 act as brick-wall limiters, preventing signals from exceeding digital full scale (0 dBFS) or amplifier clipping rails."
547,B,Domain B: Implementing AV Solutions,Audio Implementation & DSP,What does the 'Q' (Quality Factor) parameter represent in a Parametric Equalizer filter?,The quality of the manufacturer's electronic components.,"The bandwidth of the filter curve: Q = Center Frequency / Bandwidth; higher Q values produce narrower, sharper notch filters, while lower Q values produce wider, broader tonal adjustments.",The decibel boost amount.,The speed of the compressor attack time.,B,Q defines filter sharpness (Q = f_0 / Delta-f). A high Q (e.g. Q=10) creates surgical notch filters to tame acoustic feedback ring frequencies; a low Q (e.g. Q=0.7) shapes broad musical warmth.
548,B,Domain B: Implementing AV Solutions,Audio Implementation & DSP,Why should an AV technician engage a High-Pass Filter (Low-Cut filter set to 80-100 Hz) on speech microphone channels in a corporate boardroom DSP?,To make male voices sound higher in pitch.,"To eliminate sub-audible HVAC mechanical rumble, podium contact thuds, and wind pops without affecting vocal speech intelligibility.",To save electrical power in the audio amplifier.,To block high-frequency radio interference.,B,Human vocal fundamental frequencies rarely extend below 85-100 Hz. Rolling off frequencies below 80-100 Hz removes building HVAC rumble and physical table thumps without sacrificing speech clarity.
549,B,Domain B: Implementing AV Solutions,Audio Implementation & DSP,"In a 70.7-volt distributed constant-voltage loudspeaker system, why are transformers used at the amplifier and at every loudspeaker?",To change the audio from stereo to 5.1 surround sound.,"To step up audio voltage and step down current for transmission over long distances with minimal I^2R wire loss, and step it down at each speaker to match low-impedance voice coils.",To convert analog audio into digital network packets.,To filter out high-frequency noise.,B,"Operating at 70.7V or 100V increases voltage and lowers current ($I = P / V$). Lower current dramatically reduces $I^2R$ power loss through copper wires, allowing long runs of lighter-gauge wire to feed dozens of tapped speakers."
550,B,Domain B: Implementing AV Solutions,Audio Implementation & DSP,How is total loudspeaker wattage load calculated on a 70V distributed speaker line?,Multiply all speaker tap values together.,Sum the wattage ratings of all individual speaker transformer tap settings directly: Total Watts = Tap 1 + Tap 2 + ... + Tap N.,Divide the amplifier wattage by the number of speakers.,Measure the DC resistance of each speaker and take the average.,B,Calculating 70V constant-voltage loads is simple arithmetic: summing all speaker tap settings yields total power draw. The amplifier rating should exceed this sum by at least 20% for headroom.
551,B,Domain B: Implementing AV Solutions,Audio Implementation & DSP,What is the consequence of accidentally connecting a low-impedance 8-ohm loudspeaker directly to a 70V amplifier output with no transformer?,The speaker will play at very low volume.,"The 8-ohm speaker presents a near-short circuit load at 70V (theoretically drawing over 600 Watts), triggering immediate amplifier thermal/overcurrent shutdown or blowing the voice coil.",The speaker will become an FM radio antenna.,The audio will be delayed by 2 seconds.,B,Connecting an 8-ohm speaker across 70.7V results in $P = V^2 / R = (70.7)^2 / 8 = 624	ext{ Watts}$. The amplifier's current protection will instantly trip to prevent power transistor destruction.
552,B,Domain B: Implementing AV Solutions,Audio Implementation & DSP,What does the 'Damping Factor' of an audio power amplifier measure?,How well the amplifier survives physical drops.,"The amplifier's ability to control and stop unwanted mechanical motion of the loudspeaker cone after an audio transient ceases, calculated as Speaker Impedance / Amplifier Output Impedance.",The amount of moisture inside the amplifier chassis.,The attenuation of high frequencies over long cables.,B,"High damping factors (>200) mean very low amplifier internal output impedance, allowing the amp to act as an electromagnetic brake on the speaker voice coil, yielding tight, precise bass transients."
553,B,Domain B: Implementing AV Solutions,Audio Implementation & DSP,"What is 'Haas Effect' (Precedence Effect), and how is it applied when configuring delay fill loudspeakers in an auditorium?",Sound travels faster through copper than through air.,"If two identical acoustic sounds arrive at a listener within 5 to 35 milliseconds, the brain perceives the sound as originating entirely from the first-arriving sound source, even if the second delayed sound is up to 10 dB louder.",Human ears lose high-frequency hearing with age.,Microphones pick up sound in a sphere.,B,"Delaying rear fill speakers by acoustic travel time plus 5-15 ms Haas bonus makes listeners perceive sound coming from the presenter on stage, while receiving clear, local reinforcement from ceiling speakers."
554,B,Domain B: Implementing AV Solutions,Audio Implementation & DSP,"What is the mathematical relationship between the 'Center Frequency' ($f_0$), 'Bandwidth' ($\Delta f$), and '$Q$' in a parametric filter?",$Q = f_0 	imes \Delta f$.,$Q = f_0 / \Delta f$.,$Q = \Delta f / f_0$.,$Q = f_0 + \Delta f$.,B,"Q is dimensionless: Center Frequency divided by -3 dB bandwidth ($Q = f_0 / \Delta f$). As bandwidth narrows, Q increases proportionally."
555,B,Domain B: Implementing AV Solutions,Audio Implementation & DSP,"In an audio DSP, what is 'Side-chaining' (Ducking)?",Placing amplifiers on the side wall of an equipment rack.,Using an external audio signal (such as a paging microphone or presenter voice) to trigger automatic dynamic attenuation of another audio signal (such as background music).,Connecting two subwoofers in series.,Converting balanced audio to unbalanced audio.,B,"Ducking routes a secondary control signal into a compressor's detection side-chain: when the presenter speaks, background music is automatically attenuated (ducked) by a predetermined amount."
556,B,Domain B: Implementing AV Solutions,Audio Implementation & DSP,What is the polar pattern of a standard Boundary (PZM) microphone placed flat on a large conference table surface?,Figure-8 (bidirectional).,Hemispherical (Half-Omnidirectional).,Cardioid.,Hypercardioid.,B,A boundary microphone diaphragm mounted flush to a large reflective plane eliminates acoustic surface reflections (phase cancellation) and captures sound in a 180-degree hemispherical pattern above the surface.
557,B,Domain B: Implementing AV Solutions,Audio Implementation & DSP,What is the primary operational advantage of placing a microphone capsule directly at an acoustic boundary surface (Pressure Zone Microphone / Boundary Mic)?,It increases the microphone's electrical voltage output by 120V.,It eliminates the acoustic phase cancellation (comb filtering) that normally occurs when direct sound mixes with delayed sound reflecting off the nearby table surface.,It prevents the microphone from picking up any speech.,It makes the microphone immune to RF interference.,B,"When a mic is placed several inches above a table, direct and table-reflected waves combine out of phase, creating comb filter notches. Placing the capsule at the boundary surface eliminates the reflection delay path entirely."
558,B,Domain B: Implementing AV Solutions,Audio Implementation & DSP,"In a multi-channel digital audio DSP, what is 'Crosstalk' between adjacent analog input channels?",When two presenters speak at the same time.,"Unwanted capacitive, inductive, or conductive signal leakage from one audio channel into an adjacent channel, measured in negative decibels (-dB).",Connecting speaker cables to microphone inputs.,The time delay between stereo channels.,B,Crosstalk measures channel isolation: high isolation (-90 dB to -110 dB) ensures high-amplitude signals on channel 1 do not bleed into sensitive adjacent preamp channels.
559,B,Domain B: Implementing AV Solutions,Audio Implementation & DSP,What is 'A-Weighting' versus 'C-Weighting' on a Sound Level Meter (SLM)?,A-weighting is for audio; C-weighting is for communications.,"A-weighting rolls off low and high frequencies to mimic human ear sensitivity at moderate volume (40 phon curve), standard for speech and OSHA compliance; C-weighting is nearly flat (31.5 Hz to 8 kHz), used for high-SPL music and HVAC mechanical noise analysis.",A-weighting measures volts; C-weighting measures amperes.,A-weighting applies only to outdoor concerts.,B,"dBA corresponds to the 40-phon Fletcher-Munson equal-loudness curve (human vocal range); dBC is broad and flat, capturing full-spectrum low-frequency acoustic energy like subwoofers and HVAC rumble."
560,B,Domain B: Implementing AV Solutions,Audio Implementation & DSP,"What is the Speech Transmission Index (STI), and what numerical value represents 'Good' to 'Excellent' speech intelligibility for commercial conferencing spaces?",STI 0.10 to 0.30.,STI 0.60 to 0.75+ (on a scale from 0.0 to 1.0).,STI 50 to 100 dB SPL.,STI is an electrical safety standard.,B,STI is an objective physical metric (0.0 to 1.0) quantifying speech intelligibility. Values below 0.45 are poor; 0.60 to 0.75 is good; above 0.75 is excellent.
561,B,Domain B: Implementing AV Solutions,Audio Implementation & DSP,"In audio DSP programming, what is a 'FIR' filter versus an 'IIR' filter?",FIR is analog; IIR is digital.,"FIR (Finite Impulse Response) filters can achieve linear phase response with zero phase distortion, but require higher DSP processing power; IIR (Infinite Impulse Response) filters mimic analog filters with low latency and low CPU load, but introduce phase shift.",FIR filters only operate on subwoofers.,IIR filters convert audio into video.,B,"FIR filters enable precise magnitude correction with independent phase control (linear phase), making them ideal for loudspeaker crossover alignment, whereas IIR filters offer classic, efficient minimum-phase curves."
562,B,Domain B: Implementing AV Solutions,Audio Implementation & DSP,"What is 'Crown / Bridge-Mono' mode on a multi-channel audio power amplifier, and what happens to available wattage and load impedance?",It turns a stereo amplifier into an FM radio receiver.,"It combines two amplifier channels to drive a single loudspeaker load with inverted polarity, providing approximately double the voltage swing and quadrupling theoretical power, while the amplifier sees half the speaker's nominal impedance.",It cuts amplifier power in half to protect speakers.,It allows the amplifier to run without electricity.,B,"Bridging uses two channels in push-pull: channel 1 handles the positive wave and channel 2 (inverted) pulls negative. Voltage doubles, delivering up to 4x power into a load that presents half its impedance per channel."
563,B,Domain B: Implementing AV Solutions,Audio Implementation & DSP,What occurs when an audio power amplifier's output is driven into 'Rail Clipping'?,The amplifier plays louder without any change in sound.,"The output voltage hits the DC power supply rails, flattening the tops and bottoms of the sine wave into a square wave, generating severe odd-order harmonic distortion and excessive thermal heat in loudspeaker voice coils.",The amplifier turns off permanently.,The speaker changes its polar pattern.,B,"Rail clipping chops sine peaks into square waves. Square waves contain immense high-frequency harmonic energy, rapidly overheating and melting delicate tweeter voice coils."
564,B,Domain B: Implementing AV Solutions,Audio Implementation & DSP,What is 'Pink Noise' versus 'White Noise' in audio acoustic system tuning?,Pink noise is louder than white noise.,"White noise contains equal energy per Hertz across all frequencies (rising +3 dB per octave); Pink noise contains equal energy per octave band (falling -3 dB per octave), matching the logarithmic frequency response of the human ear.",Pink noise contains only vocal frequencies.,White noise is used exclusively for testing video displays.,B,"Human hearing is logarithmic. Pink noise provides equal energy across fractional octave bands (e.g. 100-200 Hz has the same energy as 10-20 kHz), making it the universal standard for real-time acoustic analyzers (RTA)."
565,B,Domain B: Implementing AV Solutions,Audio Implementation & DSP,"In a multi-microphone conference room with an acoustic automixer, what parameter sets the minimum time a microphone remains active after the talker stops speaking?",Attack time.,Hold time (or Hang time).,Release time.,Threshold.,B,"Hold/Hang time prevents the automixer from chopping off the ends of words or switching channels between brief vocal pauses, ensuring natural conversation flow."
566,B,Domain B: Implementing AV Solutions,Audio Implementation & DSP,What acoustic problem occurs when two ceiling loudspeakers reproducing identical program audio have overlapping coverage zones with no delay correction?,The room temperature rises.,Comb filtering and phase smearing occur in the overlap zone where acoustic wavefronts arrive at slightly different arrival times.,The speakers switch to mono mode automatically.,The amplifier circuit breaker trips.,B,"Where two unaligned acoustic wavefronts overlap, phase differences cause comb filtering notches, making frequency response sound hollow and uneven across listener seats."
567,B,Domain B: Implementing AV Solutions,Audio Implementation & DSP,What is the function of a 'Ground Lift' switch on a DI box or audio signal interface?,It connects the audio signal to the building lightning rod.,"It physically disconnects the signal cable shield (Pin 1) from the destination chassis ground, interrupting the circulating ground current loop between interconnected equipment without disabling safety grounds.",It turns off phantom power.,It doubles the audio volume.,B,"Lifting Pin 1 breaks the conductive ground path between two pieces of equipment, eliminating circulating ground loop currents that cause 60Hz hum, while leaving internal safety grounds intact."
568,B,Domain B: Implementing AV Solutions,Audio Implementation & DSP,"In an installed sound reinforcement system, what is 'Headroom'?",The physical height between a listener's head and the ceiling speaker.,The decibel margin between nominal operating signal level (0 VU / +4 dBu) and the maximum peak level the system can handle before clipping distortion occurs (typically 14 to 20 dB).,The volume level of background conversation in the room.,The time delay of an audio signal.,B,"Headroom provides the dynamic safety zone required to handle sudden loud vocal transients, shouts, and applause without flat-topped clipping distortion."
569,B,Domain B: Implementing AV Solutions,Audio Implementation & DSP,What is the impedance of a standard professional line-level balanced audio output compared to the input impedance of the receiving device?,"Output impedance is 10,000 ohms; input impedance is 8 ohms.","Output impedance is low (typically 50 to 200 ohms); input impedance is high (typically 10,000 to 20,000 ohms), achieving an impedance bridging configuration that transfers maximum voltage.",Output and input impedances must be matched to exactly 600 ohms.,Output impedance is zero; input impedance is infinite.,B,Modern professional audio utilizes impedance bridging (voltage transfer): low source impedance (<200 ohms) driving high load impedance (>10k ohms) ensures maximum voltage transfer with minimal signal attenuation.
570,B,Domain B: Implementing AV Solutions,Audio Implementation & DSP,When is standard 600-ohm impedance matching required in modern audio installations?,Across all modern DSP line inputs.,Only in legacy passive telecommunication lines and vintage transformer-coupled broadcast systems; modern audio systems universally employ impedance bridging.,On all 70V loudspeaker lines.,Impedance matching is required by the National Electrical Code.,B,"600-ohm matching was necessary in early telephone and passive filter networks to maximize power transfer. Modern active op-amp audio circuits universally employ voltage bridging (low-Z out, high-Z in)."
571,B,Domain B: Implementing AV Solutions,Audio Implementation & DSP,What is the purpose of an 'RTA' (Real-Time Analyzer) during sound system commissioning?,To calculate technician billing rates.,To display the real-time acoustic frequency spectrum of the room across standardized fractional-octave bands (typically 1/3-octave) using a calibrated measurement microphone.,To monitor network packet latency.,To measure the temperature of audio amplifiers.,B,"An RTA paired with a calibrated measurement microphone visualizes room frequency response, enabling technicians to identify room resonances, standing waves, and acoustic nulls to guide DSP equalization."
572,B,Domain B: Implementing AV Solutions,Audio Implementation & DSP,"In a commercial boardroom DSP, what is 'Non-Linear Processing' (NLP) in an Acoustic Echo Canceller?",An analog distortion generator for electric guitars.,A dynamic post-processing algorithm that suppresses residual acoustic echo and room reverberation tails that slip past the linear adaptive AEC filter during single-talk and double-talk transitions.,A circuit that prevents digital audio from converting to analog.,A software tool that aligns video framerates.,B,"Linear adaptive filters cannot model all complex acoustic room reflections. NLP acts as an intelligent suppressor, removing residual echo artifacts without chopping desired near-end speech."
573,B,Domain B: Implementing AV Solutions,Audio Implementation & DSP,"What is 'Double-Talk' in teleconferencing, and why is it challenging for AEC algorithms?",When a presenter speaks two languages at once.,When participants at both the near-end and far-end speak simultaneously; the AEC must maintain clear near-end speech transmission without allowing far-end voice to echo back to the caller.,When two microphones are wired to the same input.,When an audio signal is routed to two amplifiers.,B,"During double-talk, near-end speech corrupts the error signal used by the adaptive filter. Advanced AEC algorithms freeze filter adaptation during double-talk to prevent divergence while passing both voices cleanly."
574,B,Domain B: Implementing AV Solutions,Audio Implementation & DSP,"What is the standard frequency range of human hearing in young, healthy individuals?","100 Hz to 10,000 Hz.","20 Hz to 20,000 Hz (20 kHz).","1 Hz to 100,000 Hz.","500 Hz to 5,000 Hz.",B,"The nominal human auditory bandwidth spans from 20 Hz (lowest audible bass) to 20,000 Hz (highest audible treble), though critical vocal intelligibility is concentrated between 300 Hz and 4,000 Hz."
575,B,Domain B: Implementing AV Solutions,Audio Implementation & DSP,"What is 'Comb Filtering', and how does acoustic summing create audible hollow sound?",A filter shaped like a hair comb used in radio transmitters.,"Acoustic phase cancellation that occurs when a sound is combined with a time-delayed replica of itself, creating alternating constructive peaks and destructive notches across the frequency response.",A method of cleaning dust from audio cables.,An electronic filter that boosts bass frequencies.,B,"Small time delays (e.g. 1-10 ms) cause phase cancellations at periodic harmonic intervals ($f = 1 / 2t, 3 / 2t, 5 / 2t$), resulting in a hollow, nasal, or 'flanging' acoustic character."
576,B,Domain B: Implementing AV Solutions,Video Implementation & Standards,What is the primary operational function of Extended Display Identification Data (EDID) in a digital video distribution system?,To encrypt video signals for copyright protection.,"To allow a display (sink) to communicate its native resolution, refresh rate, aspect ratio, and color capabilities to connected video sources via I2C Display Data Channel (DDC).",To amplify HDMI signals over long cables.,To assign IP addresses to video encoders.,B,"EDID tables communicate supported timings (e.g. 3840x2160@60Hz, 8-bit RGB) from displays to sources, ensuring graphics cards output compatible formats."
577,B,Domain B: Implementing AV Solutions,Video Implementation & Standards,What is 'HDCP Revocation' and what is the role of the System Renewability Message (SRM) in digital video systems?,A message sent to tell the user to renew their TV license.,"A cryptographically signed security table stored in sources that identifies compromised or cloned HDCP device keys, preventing playback of protected content to unauthorized or breached hardware.",An automatic factory reset routine for video splitters.,A software tool that compresses video streams.,B,"System Renewability Messages (SRMs) are distributed with new media or firmware. If a display or splitter key is compromised or leaked, the SRM revokes that key, blocking HDCP encrypted playback."
578,B,Domain B: Implementing AV Solutions,Video Implementation & Standards,What is the maximum uncompressed bandwidth capacity of standard DisplayPort 1.4 using High Bit Rate 3 (HBR3) across 4 lanes?,10.2 Gbps.,32.4 Gbps (with 25.92 Gbps maximum usable data rate).,18.0 Gbps.,48.0 Gbps.,B,"DisplayPort 1.4 HBR3 delivers 8.1 Gbps per lane across 4 lanes, totaling 32.4 Gbps raw wire bandwidth (25.92 Gbps payload), supporting 4K120 and 8K60 with DSC (Display Stream Compression)."
579,B,Domain B: Implementing AV Solutions,Video Implementation & Standards,What is 'Display Stream Compression' (DSC 1.2) in high-end video extension standards (HDMI 2.1 and DisplayPort 1.4)?,A lossy video codec that reduces image resolution to 480p.,"A visually lossless, low-latency (sub-millisecond / scanline-based) compression algorithm that reduces raw video data bandwidth by up to 3:1 with zero perceptible artifacting.",A method of converting video into text.,An audio compression format used for speech.,B,VESA DSC (Display Stream Compression) enables transmission of ultra-high bandwidth video (like 8K60 or 4K144 HDR) over existing physical links by compressing data by up to 3:1 in real time with imperceptible scanline latency.
580,B,Domain B: Implementing AV Solutions,Video Implementation & Standards,"In digital video color spaces, what is the difference between 'Full Range' (0-255) and 'Limited Range' (16-235) RGB levels?",Full range is for black and white; limited range is for color.,"Full range uses the entire 8-bit scale (0 = absolute black, 255 = peak white), standard for PC graphics; Limited range reserves 16 as black and 235 as white, standard for broadcast and television video.",Limited range is illegal in commercial facilities.,Full range requires three separate HDMI cables.,B,"Broadcast video historically reserved footroom (0-15) and headroom (236-255) for timing and sync, establishing 16-235 as limited range. PCs use 0-255. Mismatching them results in crushed shadow details or washed-out, milky blacks."
581,B,Domain B: Implementing AV Solutions,Video Implementation & Standards,What is an 'EDID Minder' (or EDID Emulator / EDID Capture) in an AV matrix switcher?,A screen that displays technician notes.,"A feature that constantly presents a stored, verified EDID profile to all connected input sources, preventing computer desktops from resizing or dropping video when displays are switched or turned off.",A tool used to calculate throw distance.,A hardware fuse that protects HDMI ports from lightning.,B,"EDID Minders continuously emulate display presence to source computers. When matrix routes change or displays sleep, the PC still sees a valid display, preventing resolution scrambling."
582,B,Domain B: Implementing AV Solutions,Video Implementation & Standards,What is the '5Play' feature set delivered by HDBaseT technology over a single Category 6A cable?,5 different video games built into the receiver.,"Uncompressed Ultra-HD Video, Audio, 100Base-T Ethernet, Control (RS-232, IR, CEC), and up to 100 Watts of DC Power (POH - Power over HDBaseT) over up to 100 meters.",5 separate HDMI output ports.,5-year hardware replacement warranty.,B,"HDBaseT 5Play converges uncompressed video, digital audio, bidirectional 100M Ethernet, USB/RS-232/IR control, and 100W PoH power over a single Category cable up to 100 meters (328 ft)."
583,B,Domain B: Implementing AV Solutions,Video Implementation & Standards,What is 'DisplayPort Alternate Mode' (Alt Mode) on a USB Type-C connector?,A mode that dims the display to save battery.,A hardware specification that allows standard DisplayPort video and audio signaling to be transmitted directly over physical USB-C high-speed differential lanes alongside USB data and USB Power Delivery.,A wireless video transmission format.,A cable testing standard.,B,"USB-C Alt Mode re-purposes physical high-speed lanes on the USB-C connector to transmit native DisplayPort digital video streams directly to compatible docks, monitors, and switchers."
584,B,Domain B: Implementing AV Solutions,Video Implementation & Standards,What is the difference between Single-Mode Fiber (SMF) and Multi-Mode Fiber (MMF) in commercial AV signal transmission?,Single-mode has a large core; multi-mode has a tiny core.,Single-Mode has a narrow core (approx 9 micrometers) using laser light for long distances (kilometers); Multi-Mode has a wider core (50 or 62.5 micrometers) using VCSEL/LED light for shorter premise runs (up to 300-550 meters).,Single-mode carries only audio; multi-mode carries audio and video.,Multi-mode fiber is made of plastic; single-mode is made of copper.,B,"Single-mode (9/125 um, yellow jacket) eliminates modal dispersion, enabling laser transmission over tens of kilometers. Multi-mode (OM3/OM4 50/125 um, aqua/violet) is cost-effective for local campus runs."
585,B,Domain B: Implementing AV Solutions,Video Implementation & Standards,What does the optical designation 'OM3' or 'OM4' indicate for multi-mode fiber optic cabling?,The number of outer plastic jackets.,Laser-Optimized 50/125 micrometer Multi-Mode Fiber classifications supporting 10 Gbps and 40/100 Gbps transmission at 850 nm over distances of 300m (OM3) and 400-550m (OM4).,Outdoor-rated moisture resistant fiber.,The diameter of the metal connector ferrule.,B,"OM3 and OM4 are laser-optimized multi-mode fibers (850nm VCSELs) engineered for high bandwidth, supporting 10GbE and 4K AVoIP streams across commercial campuses."
586,B,Domain B: Implementing AV Solutions,Video Implementation & Standards,What is the difference between an 'APC' (Angled Physical Contact) and a 'UPC' (Ultra Physical Contact) fiber optic connector?,APC connectors are blue; UPC connectors are green.,"APC connectors feature an 8-degree angled polished ferrule (green body) that deflects reflected light into the cladding (-65 dB return loss); UPC has a flat domed polish (blue body, -55 dB return loss).",APC is for audio; UPC is for video.,APC connectors are threaded; UPC connectors are push-pull.,B,"The 8-degree angled ferrule of APC (green) directs back-reflected light out of the core into the cladding, providing superior return loss (>65 dB), critical for RF video and high-power laser signals."
587,B,Domain B: Implementing AV Solutions,Video Implementation & Standards,What occurs if a technician attempts to mate an APC (green) fiber connector directly to a UPC (blue) fiber connector?,The connection will work with zero loss.,"The angled ferrule clashes with the flat ferrule, creating a large physical air gap that introduces severe optical attenuation (>4 dB insertion loss) and risks permanently cracking the polished ceramic ferrule faces.",The fiber optic transmitter explodes.,The video signal reverses direction.,B,"Never mate APC (angled) to UPC (flat): the mechanical mismatch leaves an air gap, causing catastrophic signal loss and scratching the precision optical end-faces."
588,B,Domain B: Implementing AV Solutions,Video Implementation & Standards,"In digital video encoding, what is the 'Pixel Clock' frequency?",The time of day displayed on a digital clock.,"The fundamental rate at which individual pixels are transmitted through the digital video interface, calculated as Total Horizontal Pixels x Total Vertical Pixels x Refresh Rate.",The clock speed of the user's laptop CPU.,The speed of the network switch backplane.,B,Pixel clock determines the required interface bandwidth: a 1080p60 signal (with blanking) requires ~148.5 MHz pixel clock; 4K60 requires ~594 MHz.
589,B,Domain B: Implementing AV Solutions,Video Implementation & Standards,"What is 'HDCP Repeater Key Count', and why is it important in large matrix distribution systems?",The number of keys needed to unlock the equipment rack.,The maximum number of downstream display sink devices that a source's internal HDCP cryptographic engine can authorize simultaneously; exceeding this limit blocks video to additional displays.,The number of HDMI cables connected to a switcher.,The encryption password assigned to an AV network.,B,"Sources store a limited table of authorized sink keys (e.g. 8 to 32 keys). If a matrix switcher routes an HDCP source to more displays than the source's key limit permits, the extra displays remain dark."
590,B,Domain B: Implementing AV Solutions,Video Implementation & Standards,"What is 'High Dynamic Range' (HDR) video, and what two technical parameters does it enhance compared to Standard Dynamic Range (SDR)?",It increases audio volume and frame rate.,It provides a much wider contrast ratio (higher peak luminance/deeper blacks) and a wider color gamut (BT.2020 color space with 10-bit or 12-bit color depth).,It converts 2D video into 3D video.,It reduces video file sizes by 90%.,B,"HDR (HDR10, Dolby Vision) dramatically expands visual realism: peak brightness reaches 1,000-4,000 nits, black levels drop, and color depth expands to 10/12-bit Rec.2020."
591,B,Domain B: Implementing AV Solutions,Video Implementation & Standards,"What is 'Fixed Rate Link' (FRL) in the HDMI 2.1 specification, and how does it replace legacy TMDS signaling?",FRL is an analog audio format.,"FRL replaces 3-lane TMDS with 4 configurable high-speed data lanes operating up to 12 Gbps per lane (48 Gbps total), utilizing packetized data and 16b/18b encoding to support 8K60 and 4K120.",FRL is a type of fiber optic connector.,FRL restricts HDMI cables to a maximum length of 1 meter.,B,HDMI 2.1 replaces TMDS clock/data architecture with FRL: four data lanes with embedded clocking achieve up to 48 Gbps bandwidth for uncompressed 8K and high-framerate 4K.
592,B,Domain B: Implementing AV Solutions,Video Implementation & Standards,"What is 'Color Space' in digital video, and what is the standard color gamut specification for High Definition video (1080p)?",sRGB.,ITU-R Recommendation BT.709 (Rec.709).,ITU-R Recommendation BT.2020 (Rec.2020).,DCI-P3.,B,Rec.709 is the universal international standard color space for high-definition (HD) television and 1080p video distribution; Rec.2020 is used for Ultra HD / HDR.
593,B,Domain B: Implementing AV Solutions,Video Implementation & Standards,What is the difference between 'RGB 4:4:4' and 'YCbCr 4:2:2' color encoding?,"RGB carries only red, green, and blue; YCbCr is black and white.","RGB sends discrete Red, Green, and Blue values for every pixel; YCbCr separates luminance (Y brightness) from chrominance (Cb blue difference, Cr red difference), reducing bandwidth by compressing color data where human eyes are less sensitive.",YCbCr requires three separate coaxial cables.,RGB cannot display computer text.,B,"Human vision resolves brightness (luma) far better than color (chroma). YCbCr separates luma from chroma, enabling subsampling (4:2:2 or 4:2:0) to save substantial transmission bandwidth with minimal perceived loss."
594,B,Domain B: Implementing AV Solutions,Video Implementation & Standards,What is an 'Active Optical Cable' (AOC) in HDMI and DisplayPort signal extension?,A cable that emits visible glowing light along its entire length.,A hybrid cable featuring copper wires for power and control (DDC/HDCP) and integrated electro-optical converters in the connector heads to transmit high-speed video over internal glass fibers over long distances (up to 100m).,A fiber cable that requires an external 480V power supply.,A cable made entirely of liquid crystal.,B,"AOC cables look like standard HDMI cables but convert high-speed electrical video to optical signals inside the connector shell, bypassing copper distance limits while remaining plug-and-play."
595,B,Domain B: Implementing AV Solutions,Video Implementation & Standards,"Why are Active Optical HDMI Cables (AOC) directional, and what happens if installed backwards?",They are directional because fiber glass only bends in one direction.,One connector contains laser transmitters (marked 'Source' or 'Input') and the other contains optical photodiode receivers (marked 'Display' or 'Sink'); installing it backwards results in zero video transmission.,Reversing the cable causes the display to show inverted mirror images.,Directional cables will blow the projector fuse if reversed.,B,AOC cables have fixed transmitter and receiver chips integrated into specific ends. Plugging the 'Display' end into a laptop source results in no signal transfer because lasers cannot receive.
596,B,Domain B: Implementing AV Solutions,Video Implementation & Standards,What is 'HD-SDI' and '12G-SDI' in broadcast and commercial AV installations?,Consumer television antenna cables.,"Serial Digital Interface standards running over 75-ohm coaxial cable with locking BNC connectors, transmitting uncompressed digital video (HD-SDI = 1.485 Gbps for 1080i; 12G-SDI = 11.88 Gbps for 4K60).",Analog audio multicore cabling.,A network protocol used for internet browsing.,B,"SDI (SMPTE standards) is the broadcast industry standard: robust, uncompressed baseband video over 75-ohm coax with secure locking BNC connectors, extending up to 100 meters without latency."
597,B,Domain B: Implementing AV Solutions,Video Implementation & Standards,What is the characteristic impedance of coaxial cable and BNC connectors used for professional SDI video distribution?,50 ohms.,75 ohms.,100 ohms.,300 ohms.,B,"All professional video distribution (SDI, composite, component) mandates 75-ohm impedance cables and true 75-ohm BNC connectors to prevent signal reflections and jitter. 50-ohm coax is reserved for RF/antennas."
598,B,Domain B: Implementing AV Solutions,Video Implementation & Standards,What is 'Genlock' (Generator Locking) in multi-camera broadcast and video wall processing?,A physical padlock placed on camera lenses.,"Synchronizing the internal pixel scan timing and frame rates of multiple video sources, cameras, and processors to a common reference clock (Blackburst or Tri-Level sync) to prevent frame tearing during live switching.",A password used to lock equipment menus.,An electronic iris control.,B,"Genlock synchronizes multiple cameras and processors to a central master sync generator. This ensures vertical and horizontal blanking intervals match perfectly, eliminating frame tearing and glitching during switches."
599,B,Domain B: Implementing AV Solutions,Video Implementation & Standards,What is the difference between 'Interlaced' (e.g. 1080i) and 'Progressive' (e.g. 1080p) video scanning?,Interlaced displays the whole frame at once; progressive displays odd lines only.,"Interlaced video draws alternate odd and even horizontal lines in two consecutive fields to form a complete frame (saving bandwidth); Progressive video draws all horizontal lines sequentially in a single pass, delivering smoother motion and sharper detail.",Interlaced video is 4K; progressive is standard definition.,Interlaced video requires three HDMI cables.,B,"Interlaced scanning was developed for analog TV to halve broadcast bandwidth by alternating odd and even field lines. Progressive scanning draws every line sequentially every refresh cycle, eliminating interlace combing artifacts."
600,B,Domain B: Implementing AV Solutions,Video Implementation & Standards,"What is 'Deinterlacing', and why is it necessary when displaying 1080i broadcast feeds on a modern digital flat panel?",Removing the color from an image.,"Modern LCD, OLED, and LED displays are natively progressive; video processors must deinterlace incoming interlaced fields, combining them into complete progressive frames without causing 'jagged comb' artifacts on moving objects.",Converting digital video into analog RF.,Scaling 4K video down to 720p.,B,"Fixed-pixel digital panels can only illuminate progressive frames. Incoming 1080i feeds must be reconstructed via motion-adaptive deinterlacing algorithms to assemble fields into clean, flicker-free progressive frames."
601,B,Domain B: Implementing AV Solutions,Video Implementation & Standards,"In display specification sheets, what is the difference between 'Native Resolution' and 'Supported Resolution'?",Native resolution is analog; supported resolution is digital.,"Native resolution is the exact physical physical pixel count of the microdisplay panel (e.g. 3840x2160); Supported resolutions are various video formats the internal scaler can accept, decode, and scale to fit the native pixel array.",Supported resolution is always higher than native resolution.,Native resolution refers to audio sample rate.,B,"A 4K display has a fixed physical grid of 3840x2160 native pixels. It may 'support' 1080p or 720p inputs, but its internal video scaler must interpolate those lower resolutions to fill the native 4K pixel matrix."
602,B,Domain B: Implementing AV Solutions,Video Implementation & Standards,What is '1:1 Pixel Mapping' (also known as Dot-by-Dot or Just Scan) on a digital display?,Displaying one image across twelve separate screens.,"Displaying each source pixel onto exactly one physical panel pixel with zero scaling, overscan, or interpolation, delivering maximum sharpness and clarity for computer presentation graphics.",A calibration test pattern.,Turning on one pixel at a time.,B,1:1 pixel mapping maps each source pixel directly to a corresponding display hardware subpixel. This eliminates blurry scaling artifacts and prevents taskbars from being cut off by television overscan.
603,B,Domain B: Implementing AV Solutions,Video Implementation & Standards,"What is 'Contrast Ratio' in display engineering, and what is the difference between 'Static (Native) Contrast' and 'Dynamic Contrast'?",Static contrast measures color; dynamic contrast measures brightness.,"Static contrast is the simultaneous luminance ratio between peak white and deepest black within a single frame; Dynamic contrast adjusts backlight brightness over time across dark and bright scenes, producing inflated marketing numbers.",Dynamic contrast is the contrast measured when the viewer moves.,Contrast ratio measures audio dynamic range.,B,"Native static contrast (e.g. 1000:1 or 3000:1) measures real simultaneous in-frame dynamic range. Dynamic contrast modulates backlights frame-by-frame, advertising unrealistic million-to-one ratios that do not reflect real presentation performance."
604,B,Domain B: Implementing AV Solutions,Video Implementation & Standards,"Under ANSI/AVIXA V202.01 (DISCAS), what viewing category applies when viewers must discern individual pixel elements, fine vector graphics, or medical imaging?",Basic Decision Making (BDM).,Analytical Decision Making (ADM).,Passive Viewing.,General Observation.,B,"DISCAS defines Analytical Decision Making (ADM) for tasks where viewers must resolve fine, single-pixel details (medical imaging, CAD engineering, detailed GIS maps), mandating much closer viewing distances than BDM."
605,B,Domain B: Implementing AV Solutions,Video Implementation & Standards,"Under DISCAS, what is the maximum recommended viewing angle from the perpendicular centerline of a standard matte projection screen or commercial LCD?",90 degrees.,45 degrees (or within the 30-degree cone for optimal color and contrast).,15 degrees.,Viewing angles do not affect image quality.,B,"ANSI/AVIXA DISCAS recommends viewing within 45 degrees of screen centerline (and ideally within 30 degrees) to prevent severe off-axis contrast degradation, color shifting, and brightness falloff."
606,B,Domain B: Implementing AV Solutions,Video Implementation & Standards,"What is 'Throw Ratio' of a projector lens, and how is it used to calculate the mounting distance?",The weight of the projector divided by the ceiling height.,Throw Ratio = Throw Distance / Screen Width; multiplying Screen Width by Throw Ratio yields the required Throw Distance from lens to screen.,The lumen output divided by screen area.,The aspect ratio divided by lens focal length.,B,Throw Ratio ($TR = D / W$) establishes projector placement geometry: a 1.5:1 throw ratio projecting onto a 10-foot wide screen requires the lens to be positioned 15 feet from the screen fabric ($10 	imes 1.5 = 15	ext{ ft}$).
607,B,Domain B: Implementing AV Solutions,Video Implementation & Standards,What is the difference between 'Optical Lens Shift' and 'Digital Keystone Correction' on commercial projectors?,Optical lens shift is digital; keystone is mechanical.,"Optical lens shift physically moves the glass lens assembly vertically or horizontally relative to the microdisplay, repositioning the image without losing resolution; Digital keystone electronically compresses pixels, degrading resolution and sharpness.",Digital keystone increases projector brightness.,Optical lens shift changes the projector aspect ratio.,B,"Optical lens shift preserves 100% of native microdisplay resolution by physically shifting glass optics. Digital keystone scales the image electronically across fewer pixels, introducing jagged blur and artifacts."
608,B,Domain B: Implementing AV Solutions,Video Implementation & Standards,"What is 'Ambient Light Rejecting' (ALR) projection screen technology, and how does it improve contrast in brightly lit rooms?",It uses solar panels to power the projector.,"It utilizes microscopic optical layers (lenticular or angular reflective structures) that selectively reflect light arriving from the projector lens toward viewers, while absorbing or reflecting ambient overhead light away from the audience.",It turns off the room lights automatically.,It doubles the projector lumen rating.,B,"ALR screens feature multi-layer optical micro-structures that accept light originating from the projector's steep angle while rejecting diffuse ambient light from ceiling fixtures, preserving deep black levels in lighted rooms."
609,B,Domain B: Implementing AV Solutions,Video Implementation & Standards,"In direct-view LED (dvLED) display technology, what is 'Pixel Pitch'?",The physical angle at which the LED wall tilts.,"The physical center-to-center distance (in millimeters) between adjacent LED pixel clusters (e.g. 1.2 mm, 1.5 mm, 2.5 mm); smaller pitch delivers higher pixel density and closer minimum viewing distances.",The brightness of an individual LED diode.,The electrical wattage consumed per square meter.,B,"Pixel pitch (in mm) dictates resolution and viewing distance. A 1.2mm pitch looks crisp from 8-10 feet away, whereas a 4mm pitch requires viewers to be at least 25-30 feet away to avoid seeing individual LED dots."
610,B,Domain B: Implementing AV Solutions,Video Implementation & Standards,What is the rule of thumb for calculating the Minimum Comfortable Viewing Distance for a direct-view LED video wall based on its pixel pitch?,Distance in feet = Pixel pitch in millimeters multiplied by 10.,Distance in feet is approximately 2 to 3 times the pixel pitch in millimeters (or approx 1 meter per 1 mm of pitch).,All LED walls require a minimum viewing distance of 100 feet.,Pixel pitch does not affect viewing distance.,B,Industry standard rule of thumb: 1mm of pixel pitch corresponds to approximately 2.5 to 3 feet (or ~1 meter) of minimum viewing distance before human eyes resolve individual pixel diodes.
611,B,Domain B: Implementing AV Solutions,Video Implementation & Standards,What is 'NIT' as a unit of measurement in display engineering?,A measurement of network latency.,"A unit of luminance (candela per square meter, cd/m^2) quantifying the luminous intensity emitted per unit area of a display screen.",The pixel density per inch.,The contrast ratio of an optical filter.,B,"Luminance for emissive displays (LCD, OLED, dvLED) is measured in nits ($1	ext{ nit} = 1	ext{ cd/m}^2$). Standard indoor displays output 300-500 nits; high-brightness signage achieves 1,000-2,500+ nits for daylight visibility."
612,B,Domain B: Implementing AV Solutions,Video Implementation & Standards,"What is 'Color Temperature' in video calibration, and what is the standard white point color temperature for professional video mastering (D65)?",The physical temperature of the projector lamp.,The spectral characteristic of light emitted by a blackbody radiator heated to a specific temperature in Kelvin; D65 corresponds to approximately 6500 Kelvin (daylight white).,The operating temperature of the video processor in Celsius.,The color of the equipment rack cabinet.,B,Color temperature (Kelvin) characterizes white balance. Lower temperatures (3200K) appear reddish/warm; higher temperatures (9300K) appear bluish/cool. 6500K (D65) is the global broadcast and mastering reference.
613,B,Domain B: Implementing AV Solutions,Video Implementation & Standards,"What is 'CEC' (Consumer Electronics Control) in the HDMI specification, and why is it frequently disabled in commercial AV control systems?",A high-speed data format for 8K video.,"A 1-wire bidirectional bus designed for consumer home theaters that allows devices to control each other; in commercial systems, uncoordinated CEC commands create chaotic power and input switching, so professional RS-232/IP control is preferred.",A copyright encryption key.,A cable testing protocol.,B,"Consumer Electronics Control (CEC) operates on HDMI pin 13. In commercial installations with complex matrix switchers, erratic consumer CEC auto-turn-on commands conflict with central control programming, so CEC is typically disabled."
614,B,Domain B: Implementing AV Solutions,Video Implementation & Standards,What is 'eARC' (Enhanced Audio Return Channel) in HDMI 2.1?,A wireless microphone system.,An advanced audio channel operating over HDMI pins that allows a smart display to transmit uncompressed high-bitrate surround sound (such as Dolby Atmos or 7.1 uncompressed PCM) back to an AV receiver or soundbar.,A video scaling algorithm.,An electrical grounding standard.,B,"eARC expands basic ARC bandwidth from ~1 Mbps to 37 Mbps, allowing smart TV streaming apps to send uncompressed object-based audio (Dolby Atmos / TrueHD) back to downstream audio processors over the HDMI cable."
615,B,Domain B: Implementing AV Solutions,Video Implementation & Standards,What is 'USB 3.2 Gen 2x2' and what is its maximum theoretical data transmission rate?,480 Mbps.,20 Gbps (utilizing two 10 Gbps lanes simultaneously over USB-C).,10 Gbps.,40 Gbps.,B,"USB 3.2 Gen 2x2 bonds two 10 Gbps high-speed differential lanes over the USB-C connector to achieve 20 Gbps total throughput, supporting high-bandwidth multi-camera capture and fast media transfer."
616,B,Domain B: Implementing AV Solutions,Network AV & Infrastructure,"In IPv4 networking, what is the primary operational function of the 'Subnet Mask'?",To encrypt passwords sent across the network.,"To distinguish which portion of the 32-bit IP address designates the network ID and which portion designates the individual host ID, defining local broadcast boundaries.",To convert analog audio into digital packets.,To regulate electrical power delivered to network switches.,B,"A subnet mask (e.g. 255.255.255.0 or /24) uses binary 1s to identify network bits and 0s to identify host bits, allowing devices to determine whether an IP is local (Layer 2) or remote (requiring a Layer 3 gateway)."
617,B,Domain B: Implementing AV Solutions,Network AV & Infrastructure,What is the difference between a 'Static IP Address' and a 'Dynamic (DHCP) IP Address' in commercial AV equipment deployment?,Static IPs change every hour; dynamic IPs never change.,A Static IP is permanently configured into the device hardware and remains fixed; a Dynamic IP is leased automatically by a network DHCP server and may change over time.,Static IPs only work over Wi-Fi; dynamic IPs require copper cabling.,Dynamic IPs can only be used by audio amplifiers.,B,"Core infrastructure devices (processors, matrix switchers, DSPs) require fixed static IPs or DHCP reservations so control touch panels and monitoring software can consistently locate them."
618,B,Domain B: Implementing AV Solutions,Network AV & Infrastructure,"Under RFC 1918, which of the following IP address blocks is officially designated as a Private, non-routable IP address range for internal local area networks?",8.8.8.0 to 8.8.8.255,"192.168.0.0 to 192.168.255.255 (Class C /16), along with 10.0.0.0/8 and 172.16.0.0/12.",128.0.0.0 to 128.255.255.255,224.0.0.0 to 239.255.255.255,B,"RFC 1918 reserves three private IPv4 blocks: 10.0.0.0/8, 172.16.0.0/12, and 192.168.0.0/16. These addresses cannot route across public Internet backbones and are used for local AV/LAN networks."
619,B,Domain B: Implementing AV Solutions,Network AV & Infrastructure,"What is a 'VLAN' (Virtual Local Area Network), and why is it standard practice to isolate AV traffic on dedicated VLANs in corporate networks?",A virtual reality headset for technicians.,"A logical Layer 2 network segmentation created within a physical switch that isolates AV broadcast/multicast traffic from corporate data, enhancing security and preventing network congestion.",A type of fiber optic patch cable.,An unmanaged network hub.,B,VLANs partition physical switches into isolated broadcast domains. Isolating AVoIP and Dante traffic on a dedicated AV VLAN protects corporate networks from multicast flooding and secures AV gear.
620,B,Domain B: Implementing AV Solutions,Network AV & Infrastructure,What is the fundamental difference between 'TCP' (Transmission Control Protocol) and 'UDP' (User Datagram Protocol) transport layer protocols?,TCP is for video; UDP is for audio.,"TCP is connection-oriented and reliable, guaranteeing packet delivery via handshakes and retransmissions; UDP is connectionless and lightweight with zero retransmissions, ideal for real-time audio/video streaming where low latency is critical.",TCP is wireless; UDP is wired.,UDP is slower than TCP.,B,"TCP verifies receipt and re-sends lost packets, introducing latency unsuitable for live media. UDP streams packets immediately with minimal overhead: if a packet drops, it is discarded rather than pausing the live stream."
621,B,Domain B: Implementing AV Solutions,Network AV & Infrastructure,"What is 'Multicast' transmission in AV-over-IP distribution, and how does it differ from 'Unicast'?",Multicast sends data to every device on Earth simultaneously.,"Unicast sends a separate discrete data stream from source to each individual receiver; Multicast sends a single shared stream from the source to a network multicast group address, allowing switches to replicate packets only to subscribed ports.",Multicast is analog; unicast is digital.,Unicast requires fiber; multicast requires copper.,B,"Unicast duplicates bandwidth for every viewer (10 viewers of a 1Gbps stream = 10 Gbps). Multicast transmits 1 stream from source to switch, which clones packets only to ports that explicitly requested the stream via IGMP."
622,B,Domain B: Implementing AV Solutions,Network AV & Infrastructure,"What network protocol allows network switches to identify which specific ports have requested to join an active multicast stream, preventing multicast packet flooding?",FTP (File Transfer Protocol).,IGMP (Internet Group Management Protocol) Snooping.,DNS (Domain Name System).,SNMP (Simple Network Management Protocol).,B,"IGMP Snooping allows switches to 'listen in' on IGMP join/leave messages between endpoints and the IGMP Querier, forwarding multicast streams strictly to subscribed ports rather than broadcasting to all ports."
623,B,Domain B: Implementing AV Solutions,Network AV & Infrastructure,What critical network service must be active on at least one Layer 2/3 switch on a subnet for IGMP Snooping to function properly in an AVoIP installation?,A DHCP server.,An IGMP Querier.,A DNS forwarder.,An email relay server.,B,"An IGMP Querier periodically broadcasts queries asking endpoints which multicast groups they belong to. Without an active IGMP Querier on the VLAN, switches age out group memberships and drop multicast traffic."
624,B,Domain B: Implementing AV Solutions,Network AV & Infrastructure,"What is the 'IEEE 1588 Precision Time Protocol' (PTP), and why is it essential in Dante and AES67 networked audio systems?",A protocol that sets the clock on microwave ovens.,"A sub-microsecond network time synchronization protocol that aligns the internal digital audio clocks of all network devices to a single elected Master Clock, preventing sample drift and phase jitter.",A file transfer protocol for software updates.,An encryption algorithm for Wi-Fi.,B,"Dante and AES67 rely on PTP (v1 or v2) to synchronize sample clocks across all endpoints to within nanoseconds, ensuring sample-accurate audio alignment across hundreds of network devices."
625,B,Domain B: Implementing AV Solutions,Network AV & Infrastructure,What network switch feature should ALWAYS be disabled on ports carrying Dante or AES67 real-time audio traffic?,VLAN tagging (802.1Q).,Energy Efficient Ethernet (EEE / Green Ethernet / IEEE 802.3az).,Port Security.,QoS prioritization.,B,"Energy Efficient Ethernet (EEE / 802.3az) powers down switch PHY transceivers during brief idle moments. Waking up introduces variable packet latency (jitter), disrupting PTP clock sync and causing audible audio dropouts."
626,B,Domain B: Implementing AV Solutions,Network AV & Infrastructure,"In Dante network terminology, what happens during the automatic 'Master Clock Election' process?",The technician votes by pressing a button on the switch.,"Dante devices automatically negotiate using the Best Master Clock Algorithm (BMCA), electing the device with the most stable, highest-quality clock source to serve as the Grandmaster Clock for the entire network.",The device with the highest IP address is permanently forced to be the master.,The master clock changes randomly every 10 seconds.,B,"BMCA automatically evaluates device clock criteria (external word clock, clock quality, MAC address) to elect the best grandmaster. All other Dante devices synchronize their slave clocks to this master."
627,B,Domain B: Implementing AV Solutions,Network AV & Infrastructure,What is 'Quality of Service' (QoS) and Differentiated Services Code Point (DSCP) tagging on an AV network switch?,A warranty provided by the network manufacturer.,"A traffic management mechanism where switches examine priority tags in packet headers (e.g. DSCP 56 for PTP clock, DSCP 46 for audio) to place time-sensitive media packets in high-priority egress queues ahead of bulk data.",A rating system for cable installation neatness.,An encryption standard for secure VoIP calls.,B,"QoS ensures that during network congestion, switches prioritize delay-sensitive PTP clock packets (Queue 4 / highest) and audio RTP streams (Queue 3) ahead of file downloads and web browsing (Queue 1 / lowest)."
628,B,Domain B: Implementing AV Solutions,Network AV & Infrastructure,What is the maximum DC power delivered by the original IEEE 802.3af Power over Ethernet (PoE) standard at the Power Sourcing Equipment (PSE) switch port?,7.5 Watts.,15.4 Watts (delivering 12.95 Watts at the powered device).,30.0 Watts.,60.0 Watts.,B,"802.3af (Type 1 PoE) delivers 15.4W at the PSE port, guaranteeing at least 12.95W at the Powered Device (PD) after accounting for cable resistance loss over a 100m run."
629,B,Domain B: Implementing AV Solutions,Network AV & Infrastructure,What is the maximum DC power delivered by the IEEE 802.3at (PoE+) standard at the switch port?,15.4 Watts.,30.0 Watts (delivering 25.5 Watts at the powered device).,60.0 Watts.,100.0 Watts.,B,"802.3at (PoE+ Type 2) delivers up to 30.0W from the switch port, providing up to 25.5W at the device, sufficient for PTZ cameras with heaters, large touch panels, and multichannel audio amplifiers."
630,B,Domain B: Implementing AV Solutions,Network AV & Infrastructure,What is the maximum power delivery capacity of the modern IEEE 802.3bt (PoE++ / 4PPoE) Type 4 standard?,30 Watts.,90 to 100 Watts (delivering 71.3 Watts at the powered device over all four twisted pairs).,250 Watts.,500 Watts.,B,"802.3bt Type 4 powers all four cable pairs (4PPoE) to deliver up to 90-100W from the switch, capable of driving high-power PoE beamforming microphones, small displays, and multi-channel amplifiers."
631,B,Domain B: Implementing AV Solutions,Network AV & Infrastructure,"In an RS-232 serial control connection, what are the three essential conductor connections required for basic bidirectional serial communication without hardware handshaking?","Pin 1, Pin 2, and Pin 3.","Transmit Data (TX), Receive Data (RX), and Signal Ground (GND) (typically Pins 2, 3, and 5 on a standard DB-9 connector).","Power (+12V), Ground, and Clock.","Hot (+), Cold (-), and Shield.",B,"Basic asynchronous RS-232 requires only three conductors: TX (transmitting data), RX (receiving data), and GND (providing the common reference ground, Pin 5 on DB9)."
632,B,Domain B: Implementing AV Solutions,Network AV & Infrastructure,What is the function of a 'Null Modem' serial adapter or cable?,It connects an RS-232 port to a telephone line.,It crosses the Transmit (TX) and Receive (RX) conductors between two Data Terminal Equipment (DTE) devices so that Transmit connects to Receive on both ends.,It eliminates electrical noise on serial lines.,It converts RS-232 into USB.,B,"If two DTE devices (e.g. PC and control processor) connect via a straight-through cable, TX connects to TX and communication fails. A null modem swaps TX and RX lines so each transmitter talks to the other's receiver."
633,B,Domain B: Implementing AV Solutions,Network AV & Infrastructure,"What does the serial communication notation '9600, 8, N, 1' specify?","9600 Volts, 8 Amps, Negative polarity, 1 Phase.","A communication speed of 9,600 baud (bits per second), 8 Data Bits, No Parity bit, and 1 Stop Bit.","9600 channels, 8 subnets, No network, 1 gateway.",9600 milliseconds of latency.,B,"Serial parameters must match exactly between controller and peripheral: 9600 baud, 8 data bits per word, No parity error-checking bit, and 1 stop framing bit (8-N-1 is the most common commercial format)."
634,B,Domain B: Implementing AV Solutions,Network AV & Infrastructure,What is the primary technical advantage of differential RS-422 / RS-485 serial communication compared to standard single-ended RS-232?,It requires no cables.,"It uses balanced differential signaling (+/- lines), providing superior noise immunity, multi-drop bus capability, and transmission distances up to 4,000 feet (1,200 meters) compared to RS-232's 50-foot limit.",It operates at 120V AC line voltage.,It can only be used for lighting systems.,B,"RS-232 is single-ended (referenced to ground) and limited to 50 ft. RS-422/485 uses balanced differential pairs, rejecting common-mode noise and extending serial control up to 4,000 feet (1.2 km)."
635,B,Domain B: Implementing AV Solutions,Network AV & Infrastructure,What is a 'Dry Contact Closure' in control systems integration?,A switch that has been waterproofed.,A mechanical relay switch that opens or closes an electrical circuit with zero internal voltage supplied; external control voltage must be provided by the monitored or controlled device.,A wireless remote control button.,A digital network command sent via TCP.,B,"Dry contacts provide simple, isolated switching (like a light switch) without providing power. A 'wet' contact provides voltage from an internal power supply."
636,B,Domain B: Implementing AV Solutions,Network AV & Infrastructure,What is the standard vertical height of one Rack Unit (1 RU) in commercial 19-inch equipment racks?,1.0 inch (25.4 mm).,1.75 inches (44.45 mm).,2.0 inches (50.8 mm).,3.5 inches (88.9 mm).,B,"Standardized by EIA-310, one Rack Unit (1 RU or 1U) equals exactly 1.75 inches (44.45 mm) in vertical height. A 4RU amplifier occupies 7.0 inches of vertical rack rail space."
637,B,Domain B: Implementing AV Solutions,Network AV & Infrastructure,What is the standard width between equipment mounting hole centers on a standard 19-inch equipment rack face?,15.0 inches.,"18.312 inches (approx 465 mm) between hole centers, with a 19.0-inch overall front panel width.",12.0 inches.,24.0 inches.,B,"While the equipment faceplate is 19.0 inches wide, the horizontal spacing between mounting hole centers across left and right vertical rails is standardized at 18.312 inches (465 mm)."
638,B,Domain B: Implementing AV Solutions,Network AV & Infrastructure,What is the recommended vertical equipment layout strategy when loading heavy equipment (such as UPS battery backups and multi-channel power amplifiers) into an equipment rack?,Install the heaviest equipment at the very top of the rack to save floor space.,"Mount the heaviest equipment at the bottom of the rack to maintain a low center of gravity, preventing rack tip-over hazards and easing installation labor.",Distribute weight purely based on equipment color.,Leave the bottom 10 RU completely empty.,B,"Placing heavy UPS batteries and amplifiers at the bottom of the rack establishes structural stability, lowers the center of gravity to prevent tipping during earthquakes or servicing, and minimizes lifting strain."
639,B,Domain B: Implementing AV Solutions,Network AV & Infrastructure,What is the primary operational purpose of installing solid Blanking Panels across unused rack spaces in an actively cooled equipment rack?,To make the rack look full for billing purposes.,"To maintain proper front-to-back thermal airflow segregation, preventing hot exhaust air from circulating back into the front cool air intake path.",To block Wi-Fi signals from entering the rack.,To increase the structural weight of the rack.,B,"Empty rack slots allow hot exhaust air discharged from the back of servers and amplifiers to loop back to the front intake, causing thermal runaway. Blanking panels enforce proper front-to-back airflow separation."
640,B,Domain B: Implementing AV Solutions,Network AV & Infrastructure,What is the standard airflow direction for commercial AV and IT rack-mounted electronic equipment?,Top to bottom.,"Front cool air intake, discharging hot exhaust air out the rear.","Rear intake, discharging out the front.",Air should circulate inside the chassis with no exterior intake.,B,Standard rack thermal architecture pulls cool ambient air from the front aisle/room through internal heat sinks and expels hot exhaust air out the rear of the chassis into hot exhaust aisles.
641,B,Domain B: Implementing AV Solutions,Network AV & Infrastructure,What is the mathematical conversion factor between electrical power consumption in Watts and thermal heat dissipation in BTU per hour (BTU/hr)?,1 Watt = 1.0 BTU/hr.,1 Watt = 3.412 BTU/hr.,1 Watt = 10.0 BTU/hr.,1 Watt = 0.5 BTU/hr.,B,Every continuous Watt of electrical energy consumed by electronics is converted into heat. Multiplying total equipment rack wattage by 3.412 yields total thermal dissipation in BTU/hr.
642,B,Domain B: Implementing AV Solutions,Network AV & Infrastructure,What is the function of an Uninterruptible Power Supply (UPS) in a commercial AV equipment rack?,To turn 120V AC into 480V three-phase power.,"To provide instant battery backup power during utility outages, condition incoming AC line voltage against sags and surges, and allow graceful automated shutdown of digital processors.",To act as an audio power amplifier.,To boost network streaming speeds.,B,"A UPS bridges utility power outages, provides surge suppression and voltage regulation, and allows networked AV processors and servers to shut down safely without database corruption."
643,B,Domain B: Implementing AV Solutions,Network AV & Infrastructure,What is the difference between an 'Online (Double-Conversion)' UPS and an 'Offline (Standby)' UPS?,Offline UPS systems are larger than online systems.,"An Offline UPS switches to battery only when utility power fails (introducing a 4-12 ms transfer delay); an Online Double-Conversion UPS continuously rectifies AC to DC and inverts DC back to pristine AC, providing zero transfer time and total line isolation.",Online UPS systems do not use batteries.,Offline UPS systems only operate outdoors.,B,"Online double-conversion UPS systems run equipment continuously off the internal inverter with zero transfer time (0 ms switchover) and total galvanic isolation from AC line voltage spikes, sags, and harmonic noise."
644,B,Domain B: Implementing AV Solutions,Network AV & Infrastructure,"What is 'Single-Point Grounding' (Star Grounding) in equipment rack bonding, and why is it essential?",Connecting only one device in the rack to electrical power.,"Bonding all equipment chassis, metal rack rails, and surge protectors to a single central technical ground reference busbar inside the rack using star-topology bonding conductors to eliminate circulating ground loop currents.",Hammering an eight-foot copper rod through the room carpet.,Using plastic mounting screws on all equipment.,B,"Single-point grounding connects all metallic equipment enclosures to a single common reference busbar, ensuring all chassis remain at identical ground potential and eliminating inter-chassis ground loop currents."
645,B,Domain B: Implementing AV Solutions,Network AV & Infrastructure,What is a 'PDU' (Power Distribution Unit) in an AV equipment rack?,A device that calculates project profits.,"A specialized multi-outlet power strip designed for rack mounting (horizontally or vertically along rear rack rails), often featuring individual outlet current monitoring, remote IP rebooting, and power sequencing.",A transformer that steps down 480V to 120V.,An emergency exit sign.,B,Rack PDUs distribute electrical power neatly within the rack. Managed/switched PDUs allow remote power cycling of locked-up gear and sequential power-up to prevent breaker-tripping inrush currents.
646,B,Domain B: Implementing AV Solutions,Network AV & Infrastructure,Why is 'Power Sequencing' critical when powering up a high-power commercial sound reinforcement system?,To make the rack LEDs blink in rhythm.,"It turns on low-level source gear and DSPs first, and power amplifiers LAST, preventing destructive transient electrical 'thumps' and voltage pops from destroying loudspeaker voice coils.",To save on monthly electricity bills.,It is required by the fire alarm code.,B,"Turning on equipment generates transient voltage spikes. Power sequencing powers up sources and DSPs first, and amplifiers last (and reverses the order during shutdown), protecting speaker drivers from destructive pops."
647,B,Domain B: Implementing AV Solutions,Network AV & Infrastructure,What is the difference between a 'Managed' and an 'Unmanaged' network switch in commercial AV installations?,Managed switches have handles for carrying.,"Managed switches provide administrative control over port configurations, VLAN tagging, IGMP snooping, QoS queuing, link aggregation, and SNMP telemetry; unmanaged switches have zero configuration capabilities and pass traffic indiscriminately.",Unmanaged switches are illegal in commercial buildings.,Managed switches only operate at 10 Mbps.,B,"Unmanaged switches cannot configure VLANs, IGMP snooping, or QoS, causing multicast streams to flood all ports and crash networks. Managed enterprise switches are mandatory for AVoIP and Dante."
648,B,Domain B: Implementing AV Solutions,Network AV & Infrastructure,What is 'Link Aggregation' (LACP / 802.3ad / Port Trunking) on an enterprise network switch?,Tying two cables together with zip ties.,"Combining multiple physical Ethernet ports into a single logical high-bandwidth trunk connection, increasing total inter-switch throughput and providing automatic link failover redundancy.",A method of boosting Wi-Fi signals.,Connecting two switches with an analog audio cable.,B,"Link Aggregation Control Protocol (LACP) bundles multiple physical ports (e.g. four 1Gbps ports = 4Gbps aggregate trunk) between switches, multiplying inter-switch backbone bandwidth and ensuring redundancy if one cable fails."
649,B,Domain B: Implementing AV Solutions,Network AV & Infrastructure,What is 'Spanning Tree Protocol' (STP / RSTP - IEEE 802.1D/w) on an enterprise Ethernet network?,A protocol that tracks outdoor trees near Wi-Fi towers.,"A Layer 2 network protocol that detects and blocks redundant physical loops in switch topology, preventing catastrophic broadcast storms while automatically unblocking backup paths if a primary link fails.",A cable routing method in equipment racks.,A protocol used to synchronize audio clocks.,B,Physical loops between switches create broadcast storms that can bring down an entire enterprise LAN in seconds. Spanning Tree automatically disables redundant bridge loops while keeping them on standby for failover.
650,B,Domain B: Implementing AV Solutions,Network AV & Infrastructure,What is 'SNMP' (Simple Network Management Protocol) and what is the function of an 'SNMP Trap' in remote AV facility monitoring?,An audio protocol for wireless microphones.,"An application-layer protocol for monitoring network-connected devices; an SNMP Trap is an unprompted, automated alert sent by a managed device to a central monitoring server when an abnormal event occurs (e.g. high temperature, fan failure).",A security system that locks equipment racks.,A software tool that resets forgotten passwords.,B,"SNMP Traps provide real-time, proactive telemetry: instead of polling devices constantly, an endpoint immediately sends an automated trap message to helpdesk software the instant an operational fault occurs."
651,C,Domain C: Supporting AV System Operation,End-User Training,"When conducting training for non-technical office staff on a new conferencing system, what training approach is most effective?",Presenting a 50-slide technical lecture on network topology and DSP routing,"Walking users through practical, task-based meeting scenarios and providing a concise, laminated one-page Quick Reference Guide (QRG)",Handing them the manufacturer's 200-page engineering manual to read at home,Having them watch the AV technician write control code in real time,B,"Adult learners retain information best through hands-on task-based practice (e.g. how to start a call, share content) paired with a simple Quick Reference Guide in the room."
652,C,Domain C: Supporting AV System Operation,End-User Training,What is the primary purpose of a Quick Reference Guide (QRG) placed on a conference table?,To advertise the AV integrator's corporate logo,To provide step-by-step instructions for the 3 or 4 most common user actions in under two minutes of reading,To list the serial numbers and MAC addresses of all rack devices,To document the structural load ratings of ceiling drywall,B,"A QRG should be a clean, 1-page visual guide enabling meeting hosts to initiate calls, select video inputs, and adjust volume without needing IT assistance."
653,C,Domain C: Supporting AV System Operation,End-User Training,What is the 'Train-the-Trainer' model in AV client handoff?,Integrators training their own junior apprentices on how to pull cable,"Training key client super-users, administrative staff, or internal IT personnel who will then train and support daily end users",Sending the CEO to an electronics engineering bootcamp,Training building architects on microphone acoustics,B,"Train-the-Trainer educates departmental coordinators and internal support champions who provide immediate, accessible peer support to daily meeting hosts."
654,C,Domain C: Supporting AV System Operation,End-User Training,What is the best way to verify that a client's administrative assistant has understood training on operating the room system?,Ask them to sign a legal liability waiver,"Have them independently perform a mock meeting setup: power on the system, connect a laptop, and initiate a video call without coaching",Ask 'Do you understand?' and accept a yes nod,Give them a written test on Ohm's Law,B,Observing hands-on performance of essential tasks confirms true comprehension and self-sufficiency.
655,C,Domain C: Supporting AV System Operation,End-User Training,When should user training ideally be scheduled in the project lifecycle?,During the initial demolition and conduit rough-in phase,"Immediately following full system commissioning and verification, just prior to opening the room for general use",Six months after the warranty expires,During the middle of the first live executive board meeting,B,"Training must occur once the system is fully operational and tuned, so users practice on stable, finalized interfaces."
656,C,Domain C: Supporting AV System Operation,End-User Training,What topic should NOT be included in general end-user training?,How to adjust conference audio volume,How to present wirelessly from a smartphone or laptop,"Internal IP address assignment, router CLI configuration, and DSP filter tuning",How to end a meeting and shut down the displays,C,End users need operational training; technical network routing and DSP filter tuning should be reserved strictly for IT/AV administrator documentation.
657,C,Domain C: Supporting AV System Operation,End-User Training,What is an Operations and Maintenance (O&M) Manual?,A sales brochure for new equipment upgrades,"A comprehensive project binder containing system drawings, equipment manuals, warranties, preventive maintenance schedules, and administrator procedures",An invoice sent to the client for final payment,The architectural building blueprint,B,The O&M Manual is the definitive closeout deliverable provided to client facilities and IT teams for ongoing system care and maintenance.
658,C,Domain C: Supporting AV System Operation,End-User Training,How does a customized user manual differ from manufacturer equipment manuals?,Custom manuals are printed in black and white only,Custom manuals describe the specific integrated room workflows and custom touchpanel buttons rather than individual component features,Manufacturer manuals are legally binding while custom manuals are not,Custom manuals only cover electrical wiring,B,A custom room manual explains how the integrated system works as a cohesive unit from the perspective of the room's specific touchpanel GUI.
659,C,Domain C: Supporting AV System Operation,End-User Training,What should be provided to the client for emergency meeting support assistance?,The home phone number of the audio DSP programmer,A clearly visible contact label or touchpanel help button with the internal AV/IT helpdesk extension and email,A soldering iron and spare XLR connectors stored under the table,A copy of the National Electrical Code,B,"Users encountering urgent meeting difficulties must have an immediate, obvious path to reach the internal helpdesk."
660,C,Domain C: Supporting AV System Operation,End-User Training,What is the role of an Acceptance Test Procedure (ATP) during system handoff?,To test the physical strength of the conference chairs,A joint walkthrough with the client to systematically verify and sign off that every contractual feature and performance requirement is functioning properly,To calculate how much money the integrator made on the project,To inspect the paint on the exterior of the building,B,The ATP is a formal checklist verifying that the system satisfies all performance criteria and functional requirements before formal client acceptance.
661,C,Domain C: Supporting AV System Operation,End-User Training,"If end users express hesitation or fear of using the new touchpanel interface, what should the trainer do?",Tell them they must use it or face disciplinary action,"Reassure them, demonstrate that common operations take only one or two touches, and have each user practice the basic steps themselves in a supportive setting",Remove the touchpanel and replace it with manual patch cables,Increase the brightness of the room lights,B,"Overcoming technology anxiety requires empathy, hands-on practice, and highlighting how the automation simplifies their meeting tasks."
662,C,Domain C: Supporting AV System Operation,End-User Training,What is 'Formative Assessment' during a client training session?,A graded 100-question written final exam,"Ongoing informal checks for understanding during training (asking questions, observing body language) to adjust pace and focus on challenging concepts",Billing the client for extra training hours,Calibrating the sound pressure level of the speakers,B,Formative assessments allow the trainer to dynamically adjust explanations when observing that participants are confused.
663,C,Domain C: Supporting AV System Operation,End-User Training,What is the primary benefit of recording training sessions as short video modules for the client?,It allows the integrator to charge extra video editing fees,"It provides an on-demand, reusable resource for onboarding new employees and refreshing existing staff without requiring repeat in-person visits",It replaces the need for an Operations and Maintenance manual,It guarantees that no hardware will ever fail,B,"Short digital video tutorials provide accessible, permanent asynchronous training for incoming staff and remote employees."
664,C,Domain C: Supporting AV System Operation,End-User Training,What documentation should be provided to the client's facilities and cleaning staff?,RS-232 hex control strings,"Guidelines on approved display optical cleaners, micro-fiber wiping techniques, and instructions not to spray liquids directly into tabletop pop-up boxes",Full source code for the lighting processor,Conduit fill calculations,B,Cleaning staff must know which chemicals will damage anti-glare screen coatings and that spraying liquids directly onto tables risks shorting electronic interfaces.
665,C,Domain C: Supporting AV System Operation,End-User Training,What is 'User Acceptance Sign-Off'?,A manufacturer's warranty registration form,"A legal sign-off indicating the client has inspected the system, received training, and formally accepts that the installation satisfies the project contract",A permit issued by the local fire department,An employee survey about office ergonomics,B,Formal sign-off transitions the project from installation phase to warranty/operational support phase.
666,C,Domain C: Supporting AV System Operation,End-User Training,Why is it important to customize training based on the audience role (e.g. executive assistants vs technical IT administrators)?,Different roles interact with the system at fundamentally different operational and administrative levels,Executive assistants require deep instruction on IP subnetting and QoS tagging,Technical IT staff only need to know how to adjust the room volume,Training should never be customized to save time,A,"Administrative staff require fast workflow execution and meeting setup skills; IT staff require administrative logins, remote diagnostics, and topology knowledge."
667,C,Domain C: Supporting AV System Operation,End-User Training,What should be documented regarding passwords and system credentials during handoff?,Write all passwords on sticky notes attached to the touchpanel,"Document administrative, network, and cloud portal credentials securely in the O&M manual and deliver them directly to authorized client IT leadership",Keep all passwords secret so only the integrator can ever access the equipment,Set all passwords to 'password123' and leave them unrecorded,B,Secure delivery of all master passwords and licenses to designated IT leadership protects client security while ensuring administrative access.
668,C,Domain C: Supporting AV System Operation,End-User Training,How can an integrator evaluate training effectiveness after 30 days of room operation?,By checking if the projector lamp is still warm,"By reviewing helpdesk ticket volume, analyzing room usage logs, and following up with client stakeholders for feedback",By sending a new bill for hardware upgrades,By re-measuring the conduit fill percentage,B,Low ticket volumes and positive user feedback indicate successful knowledge transfer and intuitive system operation.
669,C,Domain C: Supporting AV System Operation,End-User Training,What information should be clearly labeled on the equipment rack for on-site support technicians?,The hourly rate of the integrator's sales staff,"System demarcation points, master power switches, circuit breaker panel numbers, and support contact details",The personal email of the client's CEO,A copy of the architect's floor plan,B,"Clear rack labeling allows first-line responders to locate circuit breakers, master power sequencers, and support lines instantly."
670,C,Domain C: Supporting AV System Operation,End-User Training,"When presenting a touchpanel interface during training, what should be emphasized about the 'Room Off' or 'System Shutdown' function?",That it cuts all electrical power to the building,"That it turns off displays and lamps to conserve energy and equipment life, while resetting audio levels and video routing for the next meeting",That it deletes all company emails,That it must only be pressed by the building manager,B,"Explaining that the shutdown macro resets audio and display states ensures the next meeting starts from a clean, predictable baseline."
671,C,Domain C: Supporting AV System Operation,Meeting Operations,"During a critical executive presentation, what technique should an AV operator employ to ensure continuous wireless microphone performance?",Use unbranded cheap carbon batteries to save money,"Install fresh alkaline or fully charged certified lithium rechargeable batteries prior to the event, and monitor battery telemetry levels during the meeting",Turn off the wireless receiver to prevent interference,Use an omnidirectional boundary mic placed inside a drawer,B,Proactive battery replacement and monitoring receiver RF/battery telemetry prevents embarrassing mid-speech microphone dropouts.
672,C,Domain C: Supporting AV System Operation,Meeting Operations,"In a modern Microsoft Teams Room (MTR) or Zoom Room, what is the function of the Compute Unit (MTR PC)?",To power the ceiling speakers directly with 70V audio,"To run the native UC room application, manage call signaling, encode/decode video and audio streams, and interface with room peripherals via USB/IP",To store physical DVDs for meeting playback,To regulate room temperature via RS-232,B,"The dedicated UC compute engine executes the room conferencing software, driving room displays and ingesting camera and audio streams."
673,C,Domain C: Supporting AV System Operation,Meeting Operations,"When a user connects their personal laptop to a conference room USB-C cable supporting BYOD mode, what signals are typically exchanged?",Only 120V AC wall current,"DisplayPort video (DP Alt Mode), bidirectional USB peripheral data (camera, mic, speaker), and USB-C Power Delivery (PD) charging",High-voltage 70V audio and RS-485 lighting controls,Analog composite video and VGA sync signals,B,"Modern USB-C conferencing docks provide single-cable convenience: video output to room displays, access to room mic/camera USB peripherals, and host laptop charging."
674,C,Domain C: Supporting AV System Operation,Meeting Operations,What is 'Camera Auto-Framing' (Presenter Tracking) in modern intelligent conferencing systems?,A physical technician moving the camera tripod manually,Computer vision algorithms that detect human faces or bodies and dynamically crop or pan/tilt the video frame to keep active participants centered,A feature that blurs the entire room,A mechanism that spins the camera 360 degrees constantly,B,Auto-framing uses AI computer vision to smoothly zoom and frame individuals or groups without requiring manual PTZ preset buttons.
675,C,Domain C: Supporting AV System Operation,Meeting Operations,What is 'Voice Tracking' (Speaker Framing) in an automated conference camera system?,A microphone that changes color when people shout,Using beamforming microphone array angle data to command a PTZ camera to focus directly on the active talker,Recording speech and converting it into Morse code,Playing a recorded voice over the loudspeakers,B,"Audio beamforming arrays pinpoint talker azimuth coordinates, signaling the camera controller to switch or pan to the speaking individual."
676,C,Domain C: Supporting AV System Operation,Meeting Operations,What is the primary operational cause of sudden acoustic feedback during a live meeting?,A presenter walking directly in front of a house loudspeaker while holding a live microphone,A loose HDMI cable behind the display,Too much ambient light hitting the camera lens,The network switch running at 100 Mbps instead of 1 Gbps,A,"When an open microphone enters the direct dispersion pattern of a loudspeaker, the amplified sound re-enters the microphone in a runaway loop, causing feedback squeal."
677,C,Domain C: Supporting AV System Operation,Meeting Operations,How should a handheld vocal microphone be properly held by an in-room speaker for optimal intelligibility and feedback rejection?,Held down by the waist pointing at the ceiling,Cupped tightly around the grille with both hands,"Held approximately 2 to 4 inches from the mouth, angled slightly toward the upper lip, without covering the capsule grille",Held 2 feet away while shouting,C,"Holding the mic 2-4 inches away maximizes the signal-to-noise ratio. Cupping the grille ruins directional polar patterns, inducing feedback."
678,C,Domain C: Supporting AV System Operation,Meeting Operations,What happens when a speaker cups their hand tightly over the wire mesh grille of a cardioid microphone?,It increases the high-frequency treble response,"It blocks the acoustic rear ports, transforming the cardioid pattern into an omnidirectional pattern and dramatically increasing the risk of feedback",It activates internal noise cancellation,It doubles the phantom power voltage,B,"Covering the rear acoustic phase ports destroys common-mode acoustic cancellation, turning the mic omnidirectional and causing instant feedback."
679,C,Domain C: Supporting AV System Operation,Meeting Operations,What is the function of a 'Confidence Monitor' placed at the foot of a presentation stage?,To test whether the presenter is nervous,"A display facing the presenter showing their current slides, presentation notes, timer, or the far-end video view without requiring them to turn around",A speaker that plays audience cheering sounds,A light meter measuring stage foot-candles,B,"Confidence monitors (downstage monitors) allow speakers to maintain eye contact with the live audience while tracking slides, timing, and prompts."
680,C,Domain C: Supporting AV System Operation,Meeting Operations,What is a 'Green Room' in the context of live corporate event operations?,A room painted green for chroma-key video compositing,A quiet backstage waiting and preparation lounge for presenters and keynote speakers prior to taking the stage,An outdoor meeting area that complies with environmental standards,A room where equipment battery disposal takes place,B,"The green room provides speakers with a secluded space to prepare, review notes, mic up, and relax before their live presentation."
681,C,Domain C: Supporting AV System Operation,Meeting Operations,What is an audio 'Direct Box' (DI Box) used for on a live presentation stage?,To power the stage lights directly,"To convert a high-impedance, unbalanced instrument or laptop audio signal into a low-impedance, balanced microphone-level signal suitable for mixer inputs",To convert video from HDMI to SDI,To amplify speaker signals to 70V,B,"A DI box matches impedances, balances lines, and provides galvanic isolation to prevent hum when connecting laptops, keyboards, and acoustic instruments to mixing boards."
682,C,Domain C: Supporting AV System Operation,Meeting Operations,"During a live hybrid video meeting, remote participants state that they hear in-room speech clearly, but when a video clip is played from the laptop, they hear no audio. What is the most likely configuration error?",The projector lens cap is on,"The presentation software or UC client does not have 'Share Computer Sound' enabled, or laptop audio is not routed to the conferencing transmit bus in the DSP",The remote participants have their displays turned off,The laptop's Wi-Fi card does not support 5 GHz,B,"Content audio must be explicitly routed into the UC conference software bridge; if 'Share System Sound' is unchecked, only microphone channels are transmitted."
683,C,Domain C: Supporting AV System Operation,Meeting Operations,What is the primary role of a 'Tech Operator' (AV Event Technician) during a high-stakes executive town hall?,To sit in the audience and take meeting minutes,"To actively monitor audio levels, manage camera switching, control presentation slides, monitor network streaming telemetry, and resolve unexpected anomalies immediately",To disassemble equipment racks for cleaning,To paint over scratches on the podium,B,"Live operators ensure smooth execution, actively balancing microphones, switching video cues, and intervening before minor issues disrupt executive presentations."
684,C,Domain C: Supporting AV System Operation,Meeting Operations,What is a 'Cue Light' or presentation clicker system (e.g. PerfectCue) used for in corporate events?,To illuminate the speaker's face with bright LED light,A wireless remote that allows the presenter to advance slides on dedicated primary and backup presentation computers simultaneously while giving visual/audio cues to operators,A light that flashes when fire alarms activate,A sensor that measures room temperature,B,"Dual-computer slide controllers advance synchronized master and backup presentation PCs simultaneously, preventing delays if one laptop freezes."
685,C,Domain C: Supporting AV System Operation,Meeting Operations,"What is 'Lip Sync' (Audio-to-Video Synchronization) error, and why does it occur?",Singing along with recorded audio,A timing disparity where audio leads video because video scaling and digital processing require more frame processing time than audio DSP processing,A damaged HDMI cable,Microphone proximity effect,B,"Video processing (scaling, deinterlacing, compression) introduces multiple frames of delay (30-100ms). Audio must be artificially delayed in the DSP to match visual mouth movements."
686,C,Domain C: Supporting AV System Operation,Meeting Operations,How do AV technicians compensate for video processing latency to eliminate lip sync errors?,By increasing the volume of the audio amplifiers,By adding an adjustable digital delay block to the audio output channels in the DSP to match the measured video latency,By speeding up the video frame rate to 240 Hz,By shortening the audio cables,B,DSPs incorporate digital delay lines (typically adjustable in milliseconds) to hold audio back until delayed video frames appear on screen.
687,C,Domain C: Supporting AV System Operation,Meeting Operations,What is 'Room Combining' (Divisible Rooms) in hospitality and conference center operations?,Physically demolishing a wall permanently,A flexible AV system where movable air walls allow adjacent spaces to operate as independent small rooms or combine into one large unified presentation space with coordinated audio/video/control,Combining power circuits to increase breaker amperage,Storing multiple equipment racks in the same closet,B,"Divisible room systems use partition sensors or touchpanel modes to automatically re-route audio matrixes, mic mix-minus zones, and video distribution across combined partitions."
688,C,Domain C: Supporting AV System Operation,Meeting Operations,What is a 'Mix-Minus' audio system in a large conference room or teleconference system?,A broken audio mixer with missing channels,A customized audio mix sent to a specific participant or zone that includes all audio sources MINUS that participant's own microphone,A system that subtracts all bass frequencies,A mixer that only allows one microphone to be open,B,"Mix-minus feeds every zone or phone caller everyone else's voice except their own, preventing local echo and acoustic feedback."
689,C,Domain C: Supporting AV System Operation,Meeting Operations,What is 'Speech Reinforcement' (Voice Lift) in a large executive boardroom?,Shouting through a megaphone,Subtly amplifying in-room talkers across ceiling speakers in distant zones of the same room so listeners at the far end of the table hear clearly without feeling like they are listening to a PA system,Compressing speech into high-speed data bursts,Recording all conversations for legal archives,B,"Voice lift gently augments speech by 3 to 6 dB in distant room zones, restoring natural conversational levels across large tables without unnatural amplification."
690,C,Domain C: Supporting AV System Operation,Meeting Operations,What is the recommended operational procedure when a wireless microphone user complains of intermittent audio dropouts?,Immediately throw the microphone away,"Check transmitter battery level, verify RF signal strength on the receiver, inspect antenna line-of-sight, scan for clean RF frequencies, and check for squelch threshold settings",Replace the room's main video display,Increase the gain on the power amplifier by 20 dB,B,"RF dropouts stem from low batteries, blocked antenna line-of-sight, RF interference from cellular/LED gear, or improper receiver squelch settings."
691,C,Domain C: Supporting AV System Operation,Meeting Operations,What is 'Squelch' on an analog wireless microphone receiver?,A sound effect used in radio broadcasting,"A mute circuit that cuts receiver audio output when the incoming RF carrier signal drops below a set threshold, preventing loud white noise static through the speakers",A tool used to crimp BNC connectors,An equalizer that cuts 4 kHz,B,"Squelch silences the receiver when no strong transmitter signal is present, preventing blast of harsh FM static into the sound system."
692,C,Domain C: Supporting AV System Operation,Meeting Operations,What is the purpose of an RF Antenna Distribution System in a multi-channel wireless microphone rack?,To amplify 120V electrical current for the receivers,"To feed multiple wireless receivers from a single pair of high-quality remote antennas, eliminating an antenna farm and reducing intermodulation distortion",To connect wireless microphones to Wi-Fi,To convert analog audio into HDMI,B,"Antenna distribution splits clean signals from one pair of directional paddle antennas to 4, 8, or more receivers, eliminating clutter and RF phase interference."
693,C,Domain C: Supporting AV System Operation,Meeting Operations,Why is 'Diversity Reception' (True Diversity) standard in professional wireless microphone receivers?,To comply with equal opportunity employment guidelines,"It uses two independent antenna/receiver circuits and switches or combines the strongest signal, virtually eliminating multipath RF dropouts",It allows the receiver to pick up AM radio stations,It allows two different talkers to speak on the exact same frequency simultaneously,B,Multipath reflections cause RF dead spots; true diversity compares two separated antennas and instantly selects whichever has the stronger carrier signal.
694,C,Domain C: Supporting AV System Operation,Meeting Operations,What is 'Intermodulation Distortion' (IMD) in multi-channel wireless microphone systems?,A defect in the microphone battery spring,Spurious interference frequencies generated when two or more RF carrier signals interact non-linearly inside transmitter or receiver circuits,A delay between the video and audio,A network packet collision on an Ethernet switch,B,"Multiple transmitters close together generate sum-and-difference intermodulation products ($2f_1 - f_2$, etc.); coordinated frequency coordination charts avoid these harmonic traps."
695,C,Domain C: Supporting AV System Operation,Meeting Operations,"What tool or software does an AV technician use to calculate clean, intermodulation-free wireless frequencies for a large corporate event?","RF Spectrum Coordination Software (e.g. Shure Wireless Workbench, Sennheiser WSM)",A standard laser rangefinder,A CATV signal amplifier,A digital multimeter set to Ohms,A,"Frequency coordination software scans local RF environments, imports FCC TV station exclusions, and calculates mathematically compatible frequency groups."
696,C,Domain C: Supporting AV System Operation,Preventive Maintenance,What is the primary operational consequence of failing to regularly clean or replace air filters on ceiling-mounted projectors and rack fan units?,The equipment consumes less electrical energy,"Internal thermal sensors detect excessive temperature buildup, leading to automatic shutdowns, reduced component lifespans, or lamp explosion",Video signals revert from digital HDMI to analog composite,The aspect ratio automatically changes to 4:3,B,"Dust clogs filters, restricting airflow. As heat builds up, thermal protection circuits force shutdown to prevent catastrophic component or optical engine failure."
697,C,Domain C: Supporting AV System Operation,Preventive Maintenance,What is the typical recommended replacement lifespan for sealed lead-acid (SLA) batteries inside an Uninterruptible Power Supply (UPS)?,6 months,1 year,3 to 5 years,15 to 20 years,C,SLA battery chemistry degrades over time; standard preventive maintenance guidelines dictate replacing UPS battery cartridges every 3 to 5 years regardless of cycle count.
698,C,Domain C: Supporting AV System Operation,Preventive Maintenance,Why should laser/phosphor and lamp-based projectors be allowed to complete their full cooldown shutdown cycle before switching off master AC power?,The software will erase its firmware,Fans must continue running to dissipate intense residual heat from optical engines and arc lamps; cutting power causes heat soaking that damages internal components,The HDMI cable will lose its EDID table,The projector lens will shatter from sound vibrations,B,"Shutting off AC mains while components are blistering hot stops cooling fans prematurely, causing thermal shock and heat soak that degrades optical polarizers and lamps."
699,C,Domain C: Supporting AV System Operation,Preventive Maintenance,"During a routine preventive maintenance inspection of an equipment rack, what mechanical inspection should be performed on all heavy rack-mounted gear?",Painting the rack rails with oil,"Verifying that all rack mounting screws are securely tightened, rear support brackets are intact, and cable lacing bars are relieving connector tension",Loosening all screws by 2 turns to allow thermal expansion,Removing the front rack doors permanently,B,Vibration from fans and building HVAC can loosen hardware over time; verifying structural tightness and strain relief prevents sagging and dislodged cables.
700,C,Domain C: Supporting AV System Operation,Preventive Maintenance,What is the correct procedure for cleaning optical surfaces such as projector lenses and camera optics during preventive maintenance?,Wiping vigorously with a coarse paper towel and commercial window cleaner containing ammonia,"Using an air bulb blower or camel-hair brush to remove abrasive grit, followed by dedicated optical lens cleaning solution applied to a microfiber optical tissue",Scrubbing with steel wool and rubbing alcohol,Leaving dust on the lens because it does not affect optical clarity,B,Abrasive dust must be blown away first to prevent scratching; ammonia-based cleaners strip anti-reflective lens coatings. Dedicated optical solutions and microfiber are mandatory.
701,C,Domain C: Supporting AV System Operation,Preventive Maintenance,What routine maintenance should be performed on interactive touch screens and conference room touchpanels?,Spraying cleaning fluids directly onto the glass surface,"Using a lightly dampened microfiber cloth with an approved display-safe, non-ammonia cleaner to remove fingerprint oils, dirt, and disinfect surfaces without liquid ingress",Wiping with acetone solvent,Soaking the display in water,B,Spraying directly onto glass allows fluid to seep past bezels into delicate digitizer circuitry; applying cleaner sparingly to a microfiber cloth protects edge seals.
702,C,Domain C: Supporting AV System Operation,Preventive Maintenance,Why is it important to archive current equipment configuration and DSP preset files to a secure cloud or external drive during maintenance visits?,To sell the client's presets to competing integrators,"In the event of hardware failure or lightning damage, a replacement unit can be rapidly restored with identical gain structures, filter calibrations, and routing in minutes",To clear the DSP's internal RAM so it runs faster,Configuration backups are required to maintain HDMI compliance,B,"Having verified, up-to-date configuration backup files on hand eliminates days of complex re-tuning and programming if a device experiences hardware failure."
703,C,Domain C: Supporting AV System Operation,Preventive Maintenance,"During a PM visit, a technician notices that a ceiling-mounted loudspeaker is vibrating against a metal ceiling grid tie wire. What action should be taken?",Turn down the bass on the amplifier,Adjust the mounting suspension and install proper mechanical isolation (neoprene pads or certified isolation hangers) to prevent acoustic buzz and rattle,Cover the speaker grille with duct tape,Disconnect the speaker permanently,B,Rattles occur when physical vibrations transfer into loose building structures; isolating the mounting assembly restores clean acoustic reproduction.
704,C,Domain C: Supporting AV System Operation,Preventive Maintenance,What maintenance check should be performed on commercial flat panel displays mounted on articulating wall arms?,"Verifying pivot joint friction bolts, inspecting wall plate lag bolts for structural loosening, and confirming cable slack throughout the full range of articulation",Replacing the display motherboard every 6 months,Lubricating the screen surface with silicone spray,Tightening articulating bolts until the arm cannot move,A,Articulating mounts experience continuous mechanical leverage; inspecting structural anchors and ensuring cables do not pinch during motion prevents catastrophic failure.
705,C,Domain C: Supporting AV System Operation,Preventive Maintenance,What is a 'Run-Hours Log' on a commercial projector or display backlight?,A record of how fast technicians can run to the job site,An internal operating timer tracking cumulative operational hours of light sources and laser diodes to forecast upcoming replacements before failure occurs,A log of the employee working hours,The network connection speed over time,B,Telemetry tracking operating hours allows facilities teams to budget and schedule light source maintenance proactively rather than reacting to mid-meeting burnout.
706,C,Domain C: Supporting AV System Operation,Preventive Maintenance,Why should cable pathways and J-hooks above accessible ceilings be periodically inspected during annual maintenance?,"To verify that other trades (e.g. HVAC, plumbing, electrical) have not placed heavy ducts or high-voltage lines resting directly on or crushing the AV cables",To spray pesticide on the cables,To ensure the cables have not changed color,To measure the air temperature in the plenum,A,"Unregulated contractors frequently drape heavy flex-ducts or conduit over low-voltage cabling, crushing wire pairs or creating code violations."
707,C,Domain C: Supporting AV System Operation,Preventive Maintenance,What is the recommended maintenance protocol for rechargeable wireless microphone batteries and charging docks?,Leaving batteries in chargers continuously for 5 years without inspection,"Cleaning copper charging contact pins with contact cleaner, verifying cycle counts, and cycling/testing battery runtime under load to identify degrading cells",Freezing batteries overnight to restore chemistry,Wiping charging terminals with water,B,Oxidized charging contacts prevent full charging; routine cleaning and load-testing runtime ensures microphones last through full-day conferences.
708,C,Domain C: Supporting AV System Operation,Preventive Maintenance,When should equipment firmware be updated during a preventive maintenance agreement?,Automatically every morning at 9:00 AM without testing,"Deliberately, after reviewing release notes, verifying stability in a test environment or manufacturer advisories, and scheduling during a scheduled maintenance window",Never; firmware should never be updated under any circumstances,Only when the equipment manufacturer goes out of business,B,"Unvetted firmware updates can introduce unexpected bugs or break API integrations; updates should be planned, tested, and executed outside business hours with rollback plans."
709,C,Domain C: Supporting AV System Operation,Preventive Maintenance,What test should be performed on an equipment rack's thermal ventilation fans during a PM visit?,Stopping the fan blades with a pencil while running,"Verifying fan rotation, cleaning dust from fan grilles, and testing thermostat/temperature controller triggers to ensure fans turn on at set thresholds",Disconnecting fans in winter to save electricity,Reversing fan direction every week,B,Confirming thermostat activation points and removing dust buildup ensures cooling systems activate properly during hot peak operating periods.
710,C,Domain C: Supporting AV System Operation,Preventive Maintenance,What is the primary document generated at the end of a preventive maintenance visit?,A bill of materials for complete room replacement,"A Preventive Maintenance Inspection Report documenting completed checklists, component health status, environmental metrics, and recommended remedial repairs",A building permit certificate,The technician's lunch receipt,B,"The PM Report gives the client transparency into system health, proving SLA compliance and highlighting components nearing end-of-life."
711,C,Domain C: Supporting AV System Operation,Service Level Agreements,"In a commercial AV Service Level Agreement (SLA), what is the difference between 'Response Time' and 'Resolution Time'?",They are completely identical terms,Response Time is the period within which support acknowledges and begins investigating a ticket; Resolution Time is the duration required to actually fix the issue or restore service,Response Time is for phone calls; Resolution Time is for emails,Resolution Time is measured in years; Response Time is measured in seconds,B,"An SLA defines Response Time as the contractual window to initiate support, whereas Resolution Time governs how quickly full operational service must be restored."
712,C,Domain C: Supporting AV System Operation,Service Level Agreements,What does MTBF stand for in audiovisual hardware reliability engineering?,Maximum Transfer Bit Frequency,Mean Time Between Failures,Modular Touchscreen Bus Format,Minimum Thermal Breakdown Factor,B,Mean Time Between Failures (MTBF) is a statistical metric predicting the average operational elapsed time between hardware component failures during normal use.
713,C,Domain C: Supporting AV System Operation,Service Level Agreements,What does MTTR stand for in AV support operations?,Maximum Temperature Tracking Ratio,Mean Time To Repair (or Mean Time To Restore),Modular Transformer Termination Resistance,Multicast Time Traffic Routing,B,"Mean Time To Repair (MTTR) measures the average time required to diagnose, repair, and restore a failed system component to full operational status."
714,C,Domain C: Supporting AV System Operation,Service Level Agreements,What is a 'Severity 1' (Critical / Priority 1) incident in a corporate AV support SLA?,A minor scratch on an equipment rack panel,A catastrophic failure causing complete loss of a mission-critical room or executive boardroom with an active or imminent executive meeting and no workaround,A request to install a software update next month,A user asking for assistance with personal laptop settings,B,"Severity 1 classifications represent urgent, business-stopping outages where key executive or operational meetings cannot take place."
715,C,Domain C: Supporting AV System Operation,Service Level Agreements,What is an 'Escalation Procedure' in an AV managed service agreement?,A ladder used to reach ceiling projectors,A documented hierarchy of support tiers (Tier 1 helpdesk -> Tier 2 field tech -> Tier 3 design engineer/management) activated when issues are not resolved within SLA targets,A method for increasing monthly contract prices automatically,A protocol for raising audio volume in an emergency,B,Escalation paths ensure that complex or stubborn issues are systematically elevated to higher technical experts and management before SLA targets are breached.
716,C,Domain C: Supporting AV System Operation,Service Level Agreements,What does SNMP stand for in networked device monitoring?,Simple Network Management Protocol,Synchronous Network Media Processing,Secure Network Multicast Packet,Standard Network Mounting Profile,A,"SNMP (Simple Network Management Protocol) is the ubiquitous Internet standard protocol for monitoring device health, performance metrics, and fault alerts."
717,C,Domain C: Supporting AV System Operation,Service Level Agreements,What is an SNMP 'Trap'?,A cybersecurity honeypot designed to catch hackers,"An unprompted, asynchronous alert message sent by an agent device to the management server when an abnormal event or threshold breach occurs (e.g. over-temp, fan fail)",A physical lock on a network cable,An error in network switch programming,B,SNMP Traps notify centralized management systems immediately when an internal threshold is crossed without waiting for the server's periodic poll cycle.
718,C,Domain C: Supporting AV System Operation,Service Level Agreements,What is an MIB in SNMP device management?,Master Input Bus,Management Information Base (a database file defining device properties and status parameters that can be monitored or configured via SNMP),Microphone Input Board,Modular Interface Box,B,"A Management Information Base (MIB) provides the hierarchical dictionary mapping OIDs (Object Identifiers) to human-readable device parameters (temperature, lamp hours)."
719,C,Domain C: Supporting AV System Operation,Service Level Agreements,"What is the primary operational advantage of implementing a cloud-based AV remote management platform (e.g. Crestron XiO Cloud, Q-SYS Reflect)?",It eliminates the need for physical displays in rooms,"It enables centralized real-time telemetry, remote firmware deployments, automated device health alerts, and remote rebooting across hundreds of global rooms from a single pane of glass",It makes HDMI cables unnecessary,It turns consumer TVs into commercial displays,B,"Cloud monitoring portals provide global fleet visibility, enabling proactive support, remote reboots, and telemetry tracking without requiring truck rolls."
720,C,Domain C: Supporting AV System Operation,Service Level Agreements,What is a 'Truck Roll' in AV support terminology?,Rolling an equipment rack across the floor,Dispatching a field service technician in a physical vehicle to an on-site customer location to perform hands-on troubleshooting or hardware replacement,A vehicle accident on a highway,A mechanical stage hoist used in concert venues,B,Truck rolls represent significant operational expense; remote diagnostics and cloud management aim to resolve issues without needing to dispatch physical vans/technicians.
721,C,Domain C: Supporting AV System Operation,Service Level Agreements,What is 'First-Call Resolution' (FCR) in an AV helpdesk environment?,The very first phone call ever made by an integrator,The percentage of support requests successfully resolved during the initial contact with the user without requiring follow-up or on-site dispatch,Calling the customer once per day,The time taken to dial a phone number,B,"High First-Call Resolution rates indicate efficient first-line triage, skilled support agents, and well-designed room systems."
722,C,Domain C: Supporting AV System Operation,Service Level Agreements,What is the purpose of an 'Equipment Spares Pool' (Cold/Hot Spares) in a critical SLA contract?,A container of extra water for cooling amplifiers,"A dedicated inventory of pre-configured, identical hardware components stored on-site or at the service depot for immediate swap-out when critical devices fail",Extra cables left over from previous installations,A junkyard for recycling scrap copper,B,"Maintaining hot/cold spares on site allows technicians to swap out a failed video switch or DSP in minutes, meeting tight MTTR targets without waiting for factory RMA shipping."
723,C,Domain C: Supporting AV System Operation,Service Level Agreements,What does 'RMA' stand for when dealing with defective hardware replacement?,Rack Mounted Assembly,Return Merchandise Authorization,Remote Management Appliance,Resistance Measurement Analysis,B,An RMA is a formal authorization number issued by a manufacturer allowing a customer or integrator to return defective equipment for factory repair or replacement.
724,C,Domain C: Supporting AV System Operation,Service Level Agreements,What is 'Advanced Hardware Replacement' in a premium service contract?,Replacing equipment with newer models every 6 months for free,"The manufacturer or provider ships a functioning replacement unit immediately upon receiving a failure report, before the defective unit is returned to the factory",Replacing equipment while the user is actively speaking,Upgrading copper cables to gold-plated cables,B,"Advanced replacement minimizes downtime by shipping a replacement unit immediately, rather than waiting weeks for the broken unit to arrive and be repaired first."
725,C,Domain C: Supporting AV System Operation,Service Level Agreements,How should an AV service provider handle recurring failure trends identified across multiple rooms?,Ignore the pattern as coincidence,"Conduct root-cause analysis (e.g. thermal issues, bad batch of firmware, cabling faults) and implement a proactive fleet-wide remediation plan",Blame the end users for improper operation,Double the price of the SLA contract immediately,B,"Identifying recurring failure patterns allows service teams to fix systemic root causes (e.g. thermal choking, bugs) across the entire fleet before widespread failure occurs."
726,C,Domain C: Supporting AV System Operation,End-User Training & Handoff,"When conducting user training following the commissioning of a complex executive boardroom, what training strategy delivers the highest long-term user competence and lowest support ticket volume?",Presenting a 3-hour technical lecture on DSP internal routing matrices.,"Conducting short, hands-on, task-based simulations (e.g. starting calls, sharing content) paired with a laminated one-page Quick Reference Guide (QRG) in the room.",Handing out the manufacturer's 300-page engineering manuals.,Requiring staff to read uncompiled control system source code.,B,"Adult learners retain knowledge best through hands-on practice of actual daily workflows, supported by concise, accessible in-room job aids (Quick Reference Guides)."
727,C,Domain C: Supporting AV System Operation,End-User Training & Handoff,"What is the 'Train-the-Trainer' model in commercial AV handoff, and why is it cost-effective for large enterprise clients?",Integrators training their own junior apprentices.,"Training designated departmental super-users, administrative coordinators, and internal IT staff who provide immediate, accessible first-line support to their peers.",Sending the company president to an engineering seminar.,Training the building architect on microphone polar patterns.,B,"Train-the-Trainer educates internal department champions who provide immediate peer-level assistance, drastically reducing helpdesk tickets and external service calls."
728,C,Domain C: Supporting AV System Operation,End-User Training & Handoff,How should an AV trainer objectively evaluate whether non-technical administrative staff have mastered the operation of a new conferencing room?,Ask 'Does everyone understand?' and accept nodding heads.,"Observe each user independently perform a realistic mock meeting sequence: powering on the room, connecting a guest laptop, initiating a hybrid call, and shutting down.",Administer a written multiple-choice test on Ohm's Law.,Ask for their signatures on a legal liability waiver.,B,"Direct observation of hands-on task execution provides objective verification of operational competence, revealing subtle points of confusion before live meetings."
729,C,Domain C: Supporting AV System Operation,End-User Training & Handoff,What documentation should be provided specifically for building facilities and custodial cleaning staff regarding commercial flat panel displays and touchpanels?,RS-232 hex control strings.,"Approved display-safe cleaning chemicals, microfiber wiping techniques, and strict warnings never to spray liquids directly onto bezels, tabletop grommets, or touchscreens.",Full source code for the lighting processor.,Conduit fill calculations.,B,"Custodial staff must be instructed on approved non-abrasive cleaners and wiping techniques; spraying liquids directly onto screens allows fluid to seep past bezels, destroying digitizers."
730,C,Domain C: Supporting AV System Operation,End-User Training & Handoff,What is an Acceptance Test Procedure (ATP) conducted during system handoff?,A test measuring physical cable pull strength.,"A formal joint walkthrough where the integrator and client systematically execute and verify every contractual feature, macro, and audio/video metric before sign-off.",A personality test for the installation crew.,An invoice sent to the client.,B,"The ATP objectively verifies that all contractual performance criteria and functions are operational, providing the legal basis for formal client acceptance."
731,C,Domain C: Supporting AV System Operation,End-User Training & Handoff,"In client training scenario #6, an enterprise rolls out 50 standardized huddle rooms across 5 floors. What is the most effective ongoing training tool for onboarding new employees?",Mandatory 4-hour classroom lectures for every new hire.,"Short (2 to 3 minute) digital video tutorials accessible via QR codes printed on in-room Quick Reference Guides, demonstrating essential meeting workflows.",Telling employees to ask their coworkers for help.,Placing hardware technical schematics on the conference table.,B,"Micro-learning video modules accessible via tabletop QR codes provide on-demand, standardized training for new employees at the exact moment of need."
732,C,Domain C: Supporting AV System Operation,End-User Training & Handoff,"In client training scenario #7, an enterprise rolls out 50 standardized huddle rooms across 5 floors. What is the most effective ongoing training tool for onboarding new employees?",Mandatory 4-hour classroom lectures for every new hire.,"Short (2 to 3 minute) digital video tutorials accessible via QR codes printed on in-room Quick Reference Guides, demonstrating essential meeting workflows.",Telling employees to ask their coworkers for help.,Placing hardware technical schematics on the conference table.,B,"Micro-learning video modules accessible via tabletop QR codes provide on-demand, standardized training for new employees at the exact moment of need."
733,C,Domain C: Supporting AV System Operation,End-User Training & Handoff,"In client training scenario #8, an enterprise rolls out 50 standardized huddle rooms across 5 floors. What is the most effective ongoing training tool for onboarding new employees?",Mandatory 4-hour classroom lectures for every new hire.,"Short (2 to 3 minute) digital video tutorials accessible via QR codes printed on in-room Quick Reference Guides, demonstrating essential meeting workflows.",Telling employees to ask their coworkers for help.,Placing hardware technical schematics on the conference table.,B,"Micro-learning video modules accessible via tabletop QR codes provide on-demand, standardized training for new employees at the exact moment of need."
734,C,Domain C: Supporting AV System Operation,End-User Training & Handoff,"In client training scenario #9, an enterprise rolls out 50 standardized huddle rooms across 5 floors. What is the most effective ongoing training tool for onboarding new employees?",Mandatory 4-hour classroom lectures for every new hire.,"Short (2 to 3 minute) digital video tutorials accessible via QR codes printed on in-room Quick Reference Guides, demonstrating essential meeting workflows.",Telling employees to ask their coworkers for help.,Placing hardware technical schematics on the conference table.,B,"Micro-learning video modules accessible via tabletop QR codes provide on-demand, standardized training for new employees at the exact moment of need."
735,C,Domain C: Supporting AV System Operation,End-User Training & Handoff,"In client training scenario #10, an enterprise rolls out 50 standardized huddle rooms across 5 floors. What is the most effective ongoing training tool for onboarding new employees?",Mandatory 4-hour classroom lectures for every new hire.,"Short (2 to 3 minute) digital video tutorials accessible via QR codes printed on in-room Quick Reference Guides, demonstrating essential meeting workflows.",Telling employees to ask their coworkers for help.,Placing hardware technical schematics on the conference table.,B,"Micro-learning video modules accessible via tabletop QR codes provide on-demand, standardized training for new employees at the exact moment of need."
736,C,Domain C: Supporting AV System Operation,End-User Training & Handoff,"In client training scenario #11, an enterprise rolls out 50 standardized huddle rooms across 5 floors. What is the most effective ongoing training tool for onboarding new employees?",Mandatory 4-hour classroom lectures for every new hire.,"Short (2 to 3 minute) digital video tutorials accessible via QR codes printed on in-room Quick Reference Guides, demonstrating essential meeting workflows.",Telling employees to ask their coworkers for help.,Placing hardware technical schematics on the conference table.,B,"Micro-learning video modules accessible via tabletop QR codes provide on-demand, standardized training for new employees at the exact moment of need."
737,C,Domain C: Supporting AV System Operation,End-User Training & Handoff,"In client training scenario #12, an enterprise rolls out 50 standardized huddle rooms across 5 floors. What is the most effective ongoing training tool for onboarding new employees?",Mandatory 4-hour classroom lectures for every new hire.,"Short (2 to 3 minute) digital video tutorials accessible via QR codes printed on in-room Quick Reference Guides, demonstrating essential meeting workflows.",Telling employees to ask their coworkers for help.,Placing hardware technical schematics on the conference table.,B,"Micro-learning video modules accessible via tabletop QR codes provide on-demand, standardized training for new employees at the exact moment of need."
738,C,Domain C: Supporting AV System Operation,End-User Training & Handoff,"In client training scenario #13, an enterprise rolls out 50 standardized huddle rooms across 5 floors. What is the most effective ongoing training tool for onboarding new employees?",Mandatory 4-hour classroom lectures for every new hire.,"Short (2 to 3 minute) digital video tutorials accessible via QR codes printed on in-room Quick Reference Guides, demonstrating essential meeting workflows.",Telling employees to ask their coworkers for help.,Placing hardware technical schematics on the conference table.,B,"Micro-learning video modules accessible via tabletop QR codes provide on-demand, standardized training for new employees at the exact moment of need."
739,C,Domain C: Supporting AV System Operation,End-User Training & Handoff,"In client training scenario #14, an enterprise rolls out 50 standardized huddle rooms across 5 floors. What is the most effective ongoing training tool for onboarding new employees?",Mandatory 4-hour classroom lectures for every new hire.,"Short (2 to 3 minute) digital video tutorials accessible via QR codes printed on in-room Quick Reference Guides, demonstrating essential meeting workflows.",Telling employees to ask their coworkers for help.,Placing hardware technical schematics on the conference table.,B,"Micro-learning video modules accessible via tabletop QR codes provide on-demand, standardized training for new employees at the exact moment of need."
740,C,Domain C: Supporting AV System Operation,End-User Training & Handoff,"In client training scenario #15, an enterprise rolls out 50 standardized huddle rooms across 5 floors. What is the most effective ongoing training tool for onboarding new employees?",Mandatory 4-hour classroom lectures for every new hire.,"Short (2 to 3 minute) digital video tutorials accessible via QR codes printed on in-room Quick Reference Guides, demonstrating essential meeting workflows.",Telling employees to ask their coworkers for help.,Placing hardware technical schematics on the conference table.,B,"Micro-learning video modules accessible via tabletop QR codes provide on-demand, standardized training for new employees at the exact moment of need."
741,C,Domain C: Supporting AV System Operation,End-User Training & Handoff,"In client training scenario #16, an enterprise rolls out 50 standardized huddle rooms across 5 floors. What is the most effective ongoing training tool for onboarding new employees?",Mandatory 4-hour classroom lectures for every new hire.,"Short (2 to 3 minute) digital video tutorials accessible via QR codes printed on in-room Quick Reference Guides, demonstrating essential meeting workflows.",Telling employees to ask their coworkers for help.,Placing hardware technical schematics on the conference table.,B,"Micro-learning video modules accessible via tabletop QR codes provide on-demand, standardized training for new employees at the exact moment of need."
742,C,Domain C: Supporting AV System Operation,End-User Training & Handoff,"In client training scenario #17, an enterprise rolls out 50 standardized huddle rooms across 5 floors. What is the most effective ongoing training tool for onboarding new employees?",Mandatory 4-hour classroom lectures for every new hire.,"Short (2 to 3 minute) digital video tutorials accessible via QR codes printed on in-room Quick Reference Guides, demonstrating essential meeting workflows.",Telling employees to ask their coworkers for help.,Placing hardware technical schematics on the conference table.,B,"Micro-learning video modules accessible via tabletop QR codes provide on-demand, standardized training for new employees at the exact moment of need."
743,C,Domain C: Supporting AV System Operation,End-User Training & Handoff,"In client training scenario #18, an enterprise rolls out 50 standardized huddle rooms across 5 floors. What is the most effective ongoing training tool for onboarding new employees?",Mandatory 4-hour classroom lectures for every new hire.,"Short (2 to 3 minute) digital video tutorials accessible via QR codes printed on in-room Quick Reference Guides, demonstrating essential meeting workflows.",Telling employees to ask their coworkers for help.,Placing hardware technical schematics on the conference table.,B,"Micro-learning video modules accessible via tabletop QR codes provide on-demand, standardized training for new employees at the exact moment of need."
744,C,Domain C: Supporting AV System Operation,End-User Training & Handoff,"In client training scenario #19, an enterprise rolls out 50 standardized huddle rooms across 5 floors. What is the most effective ongoing training tool for onboarding new employees?",Mandatory 4-hour classroom lectures for every new hire.,"Short (2 to 3 minute) digital video tutorials accessible via QR codes printed on in-room Quick Reference Guides, demonstrating essential meeting workflows.",Telling employees to ask their coworkers for help.,Placing hardware technical schematics on the conference table.,B,"Micro-learning video modules accessible via tabletop QR codes provide on-demand, standardized training for new employees at the exact moment of need."
745,C,Domain C: Supporting AV System Operation,End-User Training & Handoff,"In client training scenario #20, an enterprise rolls out 50 standardized huddle rooms across 5 floors. What is the most effective ongoing training tool for onboarding new employees?",Mandatory 4-hour classroom lectures for every new hire.,"Short (2 to 3 minute) digital video tutorials accessible via QR codes printed on in-room Quick Reference Guides, demonstrating essential meeting workflows.",Telling employees to ask their coworkers for help.,Placing hardware technical schematics on the conference table.,B,"Micro-learning video modules accessible via tabletop QR codes provide on-demand, standardized training for new employees at the exact moment of need."
746,C,Domain C: Supporting AV System Operation,End-User Training & Handoff,"In client training scenario #21, an enterprise rolls out 50 standardized huddle rooms across 5 floors. What is the most effective ongoing training tool for onboarding new employees?",Mandatory 4-hour classroom lectures for every new hire.,"Short (2 to 3 minute) digital video tutorials accessible via QR codes printed on in-room Quick Reference Guides, demonstrating essential meeting workflows.",Telling employees to ask their coworkers for help.,Placing hardware technical schematics on the conference table.,B,"Micro-learning video modules accessible via tabletop QR codes provide on-demand, standardized training for new employees at the exact moment of need."
747,C,Domain C: Supporting AV System Operation,End-User Training & Handoff,"In client training scenario #22, an enterprise rolls out 50 standardized huddle rooms across 5 floors. What is the most effective ongoing training tool for onboarding new employees?",Mandatory 4-hour classroom lectures for every new hire.,"Short (2 to 3 minute) digital video tutorials accessible via QR codes printed on in-room Quick Reference Guides, demonstrating essential meeting workflows.",Telling employees to ask their coworkers for help.,Placing hardware technical schematics on the conference table.,B,"Micro-learning video modules accessible via tabletop QR codes provide on-demand, standardized training for new employees at the exact moment of need."
748,C,Domain C: Supporting AV System Operation,End-User Training & Handoff,"In client training scenario #23, an enterprise rolls out 50 standardized huddle rooms across 5 floors. What is the most effective ongoing training tool for onboarding new employees?",Mandatory 4-hour classroom lectures for every new hire.,"Short (2 to 3 minute) digital video tutorials accessible via QR codes printed on in-room Quick Reference Guides, demonstrating essential meeting workflows.",Telling employees to ask their coworkers for help.,Placing hardware technical schematics on the conference table.,B,"Micro-learning video modules accessible via tabletop QR codes provide on-demand, standardized training for new employees at the exact moment of need."
749,C,Domain C: Supporting AV System Operation,End-User Training & Handoff,"In client training scenario #24, an enterprise rolls out 50 standardized huddle rooms across 5 floors. What is the most effective ongoing training tool for onboarding new employees?",Mandatory 4-hour classroom lectures for every new hire.,"Short (2 to 3 minute) digital video tutorials accessible via QR codes printed on in-room Quick Reference Guides, demonstrating essential meeting workflows.",Telling employees to ask their coworkers for help.,Placing hardware technical schematics on the conference table.,B,"Micro-learning video modules accessible via tabletop QR codes provide on-demand, standardized training for new employees at the exact moment of need."
750,C,Domain C: Supporting AV System Operation,End-User Training & Handoff,"In client training scenario #25, an enterprise rolls out 50 standardized huddle rooms across 5 floors. What is the most effective ongoing training tool for onboarding new employees?",Mandatory 4-hour classroom lectures for every new hire.,"Short (2 to 3 minute) digital video tutorials accessible via QR codes printed on in-room Quick Reference Guides, demonstrating essential meeting workflows.",Telling employees to ask their coworkers for help.,Placing hardware technical schematics on the conference table.,B,"Micro-learning video modules accessible via tabletop QR codes provide on-demand, standardized training for new employees at the exact moment of need."
751,C,Domain C: Supporting AV System Operation,Meeting Operations & UC Workflows,"During a high-stakes hybrid board meeting, in-room participants hear far-end callers clearly, but remote participants complain they cannot hear the in-room speaker when a laptop video clip is played. What is the most likely operational cause?",The room's display is turned off.,"The presenter did not enable 'Share Computer Sound' in the conferencing software, or the laptop content audio bus is muted in the DSP conferencing transmit mix.",The laptop Wi-Fi antenna is disconnected.,The room's amplifier fuse has blown.,B,Content audio must be explicitly checked in conferencing software (e.g. Teams/Zoom 'Share Sound') and routed to the far-end USB/SIP transmit bus in the room DSP.
752,C,Domain C: Supporting AV System Operation,Meeting Operations & UC Workflows,"When an in-room speaker holds a handheld cardioid microphone cupped tightly around the wire mesh grille, what acoustic problem immediately occurs?",The treble frequencies increase.,"Blocking the rear phase ports destroys the cardioid directional pattern, transforming the microphone into an omnidirectional pattern and triggering instant acoustic feedback.",The microphone turns off automatically.,The phantom power steps up to 120V.,B,"Cupping the grille blocks the acoustic phase-shift ports that create cardioid cancellation, causing the mic to pick up sound 360 degrees and triggering immediate feedback."
753,C,Domain C: Supporting AV System Operation,Meeting Operations & UC Workflows,"What is 'Proximity Effect' in vocal microphones, and how should a presenter use it during a live event?",A loss of volume when standing close.,An acoustic bass boost that occurs as the speaker moves very close to a directional capsule; presenters should maintain a steady 2 to 4 inch distance without kissing the grille.,High-frequency radio distortion.,The microphone changing color.,B,"Directional mics exhibit an exaggerated low-frequency boost when positioned within 1-2 inches. Keeping a consistent 2-4 inch distance ensures balanced, natural vocal reproduction."
754,C,Domain C: Supporting AV System Operation,Meeting Operations & UC Workflows,"In an intelligent conference camera system, what is the difference between 'Auto-Framing' (Group Framing) and 'Speaker Tracking' (Voice Framing)?",Auto-framing is manual; speaker tracking is automatic.,Auto-framing uses computer vision to dynamically frame all detected people in the room; speaker tracking uses audio beamforming data to zoom in on the specific individual currently speaking.,Auto-framing only works in black-and-white.,Speaker tracking requires physical camera operators.,B,Group Auto-Framing adjusts the wide view to frame all attendees; Speaker Tracking uses microphone direction-of-arrival data to cut or pan directly to active individual talkers.
755,C,Domain C: Supporting AV System Operation,Meeting Operations & UC Workflows,"In live event operations scenario #5, an AV technician manages audio for an auditorium presentation. What is the recommended operational procedure when a wireless microphone user's battery indicator drops to 1 bar before an executive speech?",Wait until the microphone dies completely during the speech.,"Proactively replace the battery cartridge with fresh, verified alkaline or fully charged certified lithium cells prior to the speaker taking the stage.",Turn up the receiver gain by 20 dB to compensate for low battery.,Tell the presenter to shout instead of using the microphone.,B,"Proactive battery replacement before presentations start is fundamental operational procedure, eliminating embarrassing live speech interruptions."
756,C,Domain C: Supporting AV System Operation,Meeting Operations & UC Workflows,"In live event operations scenario #6, an AV technician manages audio for an auditorium presentation. What is the recommended operational procedure when a wireless microphone user's battery indicator drops to 1 bar before an executive speech?",Wait until the microphone dies completely during the speech.,"Proactively replace the battery cartridge with fresh, verified alkaline or fully charged certified lithium cells prior to the speaker taking the stage.",Turn up the receiver gain by 20 dB to compensate for low battery.,Tell the presenter to shout instead of using the microphone.,B,"Proactive battery replacement before presentations start is fundamental operational procedure, eliminating embarrassing live speech interruptions."
757,C,Domain C: Supporting AV System Operation,Meeting Operations & UC Workflows,"In live event operations scenario #7, an AV technician manages audio for an auditorium presentation. What is the recommended operational procedure when a wireless microphone user's battery indicator drops to 1 bar before an executive speech?",Wait until the microphone dies completely during the speech.,"Proactively replace the battery cartridge with fresh, verified alkaline or fully charged certified lithium cells prior to the speaker taking the stage.",Turn up the receiver gain by 20 dB to compensate for low battery.,Tell the presenter to shout instead of using the microphone.,B,"Proactive battery replacement before presentations start is fundamental operational procedure, eliminating embarrassing live speech interruptions."
758,C,Domain C: Supporting AV System Operation,Meeting Operations & UC Workflows,"In live event operations scenario #8, an AV technician manages audio for an auditorium presentation. What is the recommended operational procedure when a wireless microphone user's battery indicator drops to 1 bar before an executive speech?",Wait until the microphone dies completely during the speech.,"Proactively replace the battery cartridge with fresh, verified alkaline or fully charged certified lithium cells prior to the speaker taking the stage.",Turn up the receiver gain by 20 dB to compensate for low battery.,Tell the presenter to shout instead of using the microphone.,B,"Proactive battery replacement before presentations start is fundamental operational procedure, eliminating embarrassing live speech interruptions."
759,C,Domain C: Supporting AV System Operation,Meeting Operations & UC Workflows,"In live event operations scenario #9, an AV technician manages audio for an auditorium presentation. What is the recommended operational procedure when a wireless microphone user's battery indicator drops to 1 bar before an executive speech?",Wait until the microphone dies completely during the speech.,"Proactively replace the battery cartridge with fresh, verified alkaline or fully charged certified lithium cells prior to the speaker taking the stage.",Turn up the receiver gain by 20 dB to compensate for low battery.,Tell the presenter to shout instead of using the microphone.,B,"Proactive battery replacement before presentations start is fundamental operational procedure, eliminating embarrassing live speech interruptions."
760,C,Domain C: Supporting AV System Operation,Meeting Operations & UC Workflows,"In live event operations scenario #10, an AV technician manages audio for an auditorium presentation. What is the recommended operational procedure when a wireless microphone user's battery indicator drops to 1 bar before an executive speech?",Wait until the microphone dies completely during the speech.,"Proactively replace the battery cartridge with fresh, verified alkaline or fully charged certified lithium cells prior to the speaker taking the stage.",Turn up the receiver gain by 20 dB to compensate for low battery.,Tell the presenter to shout instead of using the microphone.,B,"Proactive battery replacement before presentations start is fundamental operational procedure, eliminating embarrassing live speech interruptions."
761,C,Domain C: Supporting AV System Operation,Meeting Operations & UC Workflows,"In live event operations scenario #11, an AV technician manages audio for an auditorium presentation. What is the recommended operational procedure when a wireless microphone user's battery indicator drops to 1 bar before an executive speech?",Wait until the microphone dies completely during the speech.,"Proactively replace the battery cartridge with fresh, verified alkaline or fully charged certified lithium cells prior to the speaker taking the stage.",Turn up the receiver gain by 20 dB to compensate for low battery.,Tell the presenter to shout instead of using the microphone.,B,"Proactive battery replacement before presentations start is fundamental operational procedure, eliminating embarrassing live speech interruptions."
762,C,Domain C: Supporting AV System Operation,Meeting Operations & UC Workflows,"In live event operations scenario #12, an AV technician manages audio for an auditorium presentation. What is the recommended operational procedure when a wireless microphone user's battery indicator drops to 1 bar before an executive speech?",Wait until the microphone dies completely during the speech.,"Proactively replace the battery cartridge with fresh, verified alkaline or fully charged certified lithium cells prior to the speaker taking the stage.",Turn up the receiver gain by 20 dB to compensate for low battery.,Tell the presenter to shout instead of using the microphone.,B,"Proactive battery replacement before presentations start is fundamental operational procedure, eliminating embarrassing live speech interruptions."
763,C,Domain C: Supporting AV System Operation,Meeting Operations & UC Workflows,"In live event operations scenario #13, an AV technician manages audio for an auditorium presentation. What is the recommended operational procedure when a wireless microphone user's battery indicator drops to 1 bar before an executive speech?",Wait until the microphone dies completely during the speech.,"Proactively replace the battery cartridge with fresh, verified alkaline or fully charged certified lithium cells prior to the speaker taking the stage.",Turn up the receiver gain by 20 dB to compensate for low battery.,Tell the presenter to shout instead of using the microphone.,B,"Proactive battery replacement before presentations start is fundamental operational procedure, eliminating embarrassing live speech interruptions."
764,C,Domain C: Supporting AV System Operation,Meeting Operations & UC Workflows,"In live event operations scenario #14, an AV technician manages audio for an auditorium presentation. What is the recommended operational procedure when a wireless microphone user's battery indicator drops to 1 bar before an executive speech?",Wait until the microphone dies completely during the speech.,"Proactively replace the battery cartridge with fresh, verified alkaline or fully charged certified lithium cells prior to the speaker taking the stage.",Turn up the receiver gain by 20 dB to compensate for low battery.,Tell the presenter to shout instead of using the microphone.,B,"Proactive battery replacement before presentations start is fundamental operational procedure, eliminating embarrassing live speech interruptions."
765,C,Domain C: Supporting AV System Operation,Meeting Operations & UC Workflows,"In live event operations scenario #15, an AV technician manages audio for an auditorium presentation. What is the recommended operational procedure when a wireless microphone user's battery indicator drops to 1 bar before an executive speech?",Wait until the microphone dies completely during the speech.,"Proactively replace the battery cartridge with fresh, verified alkaline or fully charged certified lithium cells prior to the speaker taking the stage.",Turn up the receiver gain by 20 dB to compensate for low battery.,Tell the presenter to shout instead of using the microphone.,B,"Proactive battery replacement before presentations start is fundamental operational procedure, eliminating embarrassing live speech interruptions."
766,C,Domain C: Supporting AV System Operation,Meeting Operations & UC Workflows,"In live event operations scenario #16, an AV technician manages audio for an auditorium presentation. What is the recommended operational procedure when a wireless microphone user's battery indicator drops to 1 bar before an executive speech?",Wait until the microphone dies completely during the speech.,"Proactively replace the battery cartridge with fresh, verified alkaline or fully charged certified lithium cells prior to the speaker taking the stage.",Turn up the receiver gain by 20 dB to compensate for low battery.,Tell the presenter to shout instead of using the microphone.,B,"Proactive battery replacement before presentations start is fundamental operational procedure, eliminating embarrassing live speech interruptions."
767,C,Domain C: Supporting AV System Operation,Meeting Operations & UC Workflows,"In live event operations scenario #17, an AV technician manages audio for an auditorium presentation. What is the recommended operational procedure when a wireless microphone user's battery indicator drops to 1 bar before an executive speech?",Wait until the microphone dies completely during the speech.,"Proactively replace the battery cartridge with fresh, verified alkaline or fully charged certified lithium cells prior to the speaker taking the stage.",Turn up the receiver gain by 20 dB to compensate for low battery.,Tell the presenter to shout instead of using the microphone.,B,"Proactive battery replacement before presentations start is fundamental operational procedure, eliminating embarrassing live speech interruptions."
768,C,Domain C: Supporting AV System Operation,Meeting Operations & UC Workflows,"In live event operations scenario #18, an AV technician manages audio for an auditorium presentation. What is the recommended operational procedure when a wireless microphone user's battery indicator drops to 1 bar before an executive speech?",Wait until the microphone dies completely during the speech.,"Proactively replace the battery cartridge with fresh, verified alkaline or fully charged certified lithium cells prior to the speaker taking the stage.",Turn up the receiver gain by 20 dB to compensate for low battery.,Tell the presenter to shout instead of using the microphone.,B,"Proactive battery replacement before presentations start is fundamental operational procedure, eliminating embarrassing live speech interruptions."
769,C,Domain C: Supporting AV System Operation,Meeting Operations & UC Workflows,"In live event operations scenario #19, an AV technician manages audio for an auditorium presentation. What is the recommended operational procedure when a wireless microphone user's battery indicator drops to 1 bar before an executive speech?",Wait until the microphone dies completely during the speech.,"Proactively replace the battery cartridge with fresh, verified alkaline or fully charged certified lithium cells prior to the speaker taking the stage.",Turn up the receiver gain by 20 dB to compensate for low battery.,Tell the presenter to shout instead of using the microphone.,B,"Proactive battery replacement before presentations start is fundamental operational procedure, eliminating embarrassing live speech interruptions."
770,C,Domain C: Supporting AV System Operation,Meeting Operations & UC Workflows,"In live event operations scenario #20, an AV technician manages audio for an auditorium presentation. What is the recommended operational procedure when a wireless microphone user's battery indicator drops to 1 bar before an executive speech?",Wait until the microphone dies completely during the speech.,"Proactively replace the battery cartridge with fresh, verified alkaline or fully charged certified lithium cells prior to the speaker taking the stage.",Turn up the receiver gain by 20 dB to compensate for low battery.,Tell the presenter to shout instead of using the microphone.,B,"Proactive battery replacement before presentations start is fundamental operational procedure, eliminating embarrassing live speech interruptions."
771,C,Domain C: Supporting AV System Operation,Preventive Maintenance,What is the primary operational consequence of failing to clean or replace equipment rack air filters and fan grilles on a scheduled quarterly basis?,The equipment uses less electricity.,"Restricted airflow causes thermal heat buildup inside rack chassis, triggering component thermal throttling, unexpected shutdowns, and premature semiconductor failure.",Video signals revert to analog.,Network speeds automatically double.,B,"Dust buildup chokes ventilation, raising operating temperatures beyond manufacturer limits and triggering automatic thermal shutdowns or component burnout."
772,C,Domain C: Supporting AV System Operation,Preventive Maintenance,What is the typical industry-standard replacement cycle for sealed lead-acid (SLA) batteries inside Uninterruptible Power Supplies (UPS)?,6 months.,"3 to 5 years, regardless of cycle count.",10 to 15 years.,Batteries never need replacement.,B,SLA battery chemistry degrades over time; preventive maintenance standards mandate proactive battery replacement every 3 to 5 years to ensure emergency ride-through power.
773,C,Domain C: Supporting AV System Operation,Preventive Maintenance,"In preventive maintenance scenario #3, during a scheduled quarterly service inspection, a technician archives system configuration files. Why is maintaining up-to-date off-site backups of DSP files, control processor code, and switch configurations critical?",To sell configuration files to other clients.,"In the event of hardware failure, lightning strike, or catastrophic damage, a replacement unit can be pre-configured and restored to full operation in minutes.",Backups are required to maintain HDMI licenses.,Backups make equipment fans spin faster.,B,"Having verified configuration backups on hand eliminates days of complex re-engineering, re-tuning, and programming when replacing failed hardware."
774,C,Domain C: Supporting AV System Operation,Preventive Maintenance,"In preventive maintenance scenario #4, during a scheduled quarterly service inspection, a technician archives system configuration files. Why is maintaining up-to-date off-site backups of DSP files, control processor code, and switch configurations critical?",To sell configuration files to other clients.,"In the event of hardware failure, lightning strike, or catastrophic damage, a replacement unit can be pre-configured and restored to full operation in minutes.",Backups are required to maintain HDMI licenses.,Backups make equipment fans spin faster.,B,"Having verified configuration backups on hand eliminates days of complex re-engineering, re-tuning, and programming when replacing failed hardware."
775,C,Domain C: Supporting AV System Operation,Preventive Maintenance,"In preventive maintenance scenario #5, during a scheduled quarterly service inspection, a technician archives system configuration files. Why is maintaining up-to-date off-site backups of DSP files, control processor code, and switch configurations critical?",To sell configuration files to other clients.,"In the event of hardware failure, lightning strike, or catastrophic damage, a replacement unit can be pre-configured and restored to full operation in minutes.",Backups are required to maintain HDMI licenses.,Backups make equipment fans spin faster.,B,"Having verified configuration backups on hand eliminates days of complex re-engineering, re-tuning, and programming when replacing failed hardware."
776,C,Domain C: Supporting AV System Operation,Preventive Maintenance,"In preventive maintenance scenario #6, during a scheduled quarterly service inspection, a technician archives system configuration files. Why is maintaining up-to-date off-site backups of DSP files, control processor code, and switch configurations critical?",To sell configuration files to other clients.,"In the event of hardware failure, lightning strike, or catastrophic damage, a replacement unit can be pre-configured and restored to full operation in minutes.",Backups are required to maintain HDMI licenses.,Backups make equipment fans spin faster.,B,"Having verified configuration backups on hand eliminates days of complex re-engineering, re-tuning, and programming when replacing failed hardware."
777,C,Domain C: Supporting AV System Operation,Preventive Maintenance,"In preventive maintenance scenario #7, during a scheduled quarterly service inspection, a technician archives system configuration files. Why is maintaining up-to-date off-site backups of DSP files, control processor code, and switch configurations critical?",To sell configuration files to other clients.,"In the event of hardware failure, lightning strike, or catastrophic damage, a replacement unit can be pre-configured and restored to full operation in minutes.",Backups are required to maintain HDMI licenses.,Backups make equipment fans spin faster.,B,"Having verified configuration backups on hand eliminates days of complex re-engineering, re-tuning, and programming when replacing failed hardware."
778,C,Domain C: Supporting AV System Operation,Preventive Maintenance,"In preventive maintenance scenario #8, during a scheduled quarterly service inspection, a technician archives system configuration files. Why is maintaining up-to-date off-site backups of DSP files, control processor code, and switch configurations critical?",To sell configuration files to other clients.,"In the event of hardware failure, lightning strike, or catastrophic damage, a replacement unit can be pre-configured and restored to full operation in minutes.",Backups are required to maintain HDMI licenses.,Backups make equipment fans spin faster.,B,"Having verified configuration backups on hand eliminates days of complex re-engineering, re-tuning, and programming when replacing failed hardware."
779,C,Domain C: Supporting AV System Operation,Preventive Maintenance,"In preventive maintenance scenario #9, during a scheduled quarterly service inspection, a technician archives system configuration files. Why is maintaining up-to-date off-site backups of DSP files, control processor code, and switch configurations critical?",To sell configuration files to other clients.,"In the event of hardware failure, lightning strike, or catastrophic damage, a replacement unit can be pre-configured and restored to full operation in minutes.",Backups are required to maintain HDMI licenses.,Backups make equipment fans spin faster.,B,"Having verified configuration backups on hand eliminates days of complex re-engineering, re-tuning, and programming when replacing failed hardware."
780,C,Domain C: Supporting AV System Operation,Preventive Maintenance,"In preventive maintenance scenario #10, during a scheduled quarterly service inspection, a technician archives system configuration files. Why is maintaining up-to-date off-site backups of DSP files, control processor code, and switch configurations critical?",To sell configuration files to other clients.,"In the event of hardware failure, lightning strike, or catastrophic damage, a replacement unit can be pre-configured and restored to full operation in minutes.",Backups are required to maintain HDMI licenses.,Backups make equipment fans spin faster.,B,"Having verified configuration backups on hand eliminates days of complex re-engineering, re-tuning, and programming when replacing failed hardware."
781,C,Domain C: Supporting AV System Operation,Preventive Maintenance,"In preventive maintenance scenario #11, during a scheduled quarterly service inspection, a technician archives system configuration files. Why is maintaining up-to-date off-site backups of DSP files, control processor code, and switch configurations critical?",To sell configuration files to other clients.,"In the event of hardware failure, lightning strike, or catastrophic damage, a replacement unit can be pre-configured and restored to full operation in minutes.",Backups are required to maintain HDMI licenses.,Backups make equipment fans spin faster.,B,"Having verified configuration backups on hand eliminates days of complex re-engineering, re-tuning, and programming when replacing failed hardware."
782,C,Domain C: Supporting AV System Operation,Preventive Maintenance,"In preventive maintenance scenario #12, during a scheduled quarterly service inspection, a technician archives system configuration files. Why is maintaining up-to-date off-site backups of DSP files, control processor code, and switch configurations critical?",To sell configuration files to other clients.,"In the event of hardware failure, lightning strike, or catastrophic damage, a replacement unit can be pre-configured and restored to full operation in minutes.",Backups are required to maintain HDMI licenses.,Backups make equipment fans spin faster.,B,"Having verified configuration backups on hand eliminates days of complex re-engineering, re-tuning, and programming when replacing failed hardware."
783,C,Domain C: Supporting AV System Operation,Preventive Maintenance,"In preventive maintenance scenario #13, during a scheduled quarterly service inspection, a technician archives system configuration files. Why is maintaining up-to-date off-site backups of DSP files, control processor code, and switch configurations critical?",To sell configuration files to other clients.,"In the event of hardware failure, lightning strike, or catastrophic damage, a replacement unit can be pre-configured and restored to full operation in minutes.",Backups are required to maintain HDMI licenses.,Backups make equipment fans spin faster.,B,"Having verified configuration backups on hand eliminates days of complex re-engineering, re-tuning, and programming when replacing failed hardware."
784,C,Domain C: Supporting AV System Operation,Preventive Maintenance,"In preventive maintenance scenario #14, during a scheduled quarterly service inspection, a technician archives system configuration files. Why is maintaining up-to-date off-site backups of DSP files, control processor code, and switch configurations critical?",To sell configuration files to other clients.,"In the event of hardware failure, lightning strike, or catastrophic damage, a replacement unit can be pre-configured and restored to full operation in minutes.",Backups are required to maintain HDMI licenses.,Backups make equipment fans spin faster.,B,"Having verified configuration backups on hand eliminates days of complex re-engineering, re-tuning, and programming when replacing failed hardware."
785,C,Domain C: Supporting AV System Operation,Preventive Maintenance,"In preventive maintenance scenario #15, during a scheduled quarterly service inspection, a technician archives system configuration files. Why is maintaining up-to-date off-site backups of DSP files, control processor code, and switch configurations critical?",To sell configuration files to other clients.,"In the event of hardware failure, lightning strike, or catastrophic damage, a replacement unit can be pre-configured and restored to full operation in minutes.",Backups are required to maintain HDMI licenses.,Backups make equipment fans spin faster.,B,"Having verified configuration backups on hand eliminates days of complex re-engineering, re-tuning, and programming when replacing failed hardware."
786,C,Domain C: Supporting AV System Operation,SLAs & Remote Monitoring,"In a commercial AV Service Level Agreement (SLA), what is the contractual distinction between 'Response Time' and 'Resolution Time'?",They are completely identical terms.,Response Time is the agreed window within which support acknowledges and initiates troubleshooting; Resolution Time is the duration required to restore operational functionality.,Response Time applies only to phone calls.,Resolution Time is measured in years.,B,"SLAs contractually define Response Time as the deadline to begin triage, while Resolution Time establishes the timeframe to repair or provide a functional workaround."
787,C,Domain C: Supporting AV System Operation,SLAs & Remote Monitoring,What does Mean Time To Repair (MTTR) measure in an enterprise AV service organization?,The maximum temperature of equipment racks.,"The average elapsed time required to diagnose, repair, and restore a failed system component to full operational status.",The speed of network switches.,The time taken to write a proposal.,B,"MTTR is a key service metric measuring maintenance efficiency: lower MTTR values indicate skilled technicians, modular spare parts pools, and rapid restoration."
788,C,Domain C: Supporting AV System Operation,SLAs & Remote Monitoring,"In remote system monitoring scenario #3, an enterprise support team deploys SNMP telemetry across hundreds of global conference rooms. What is the operational benefit of configuring SNMP automated traps?",It eliminates the need for power cables.,"It sends instantaneous, automated alerts to the centralized management dashboard when device thresholds are breached (e.g. over-temp, fan fail, link down), enabling proactive resolution before users notice.",It turns consumer TVs into commercial displays.,It automatically bills the client extra fees.,B,"SNMP Traps provide proactive event-driven notifications, alerting support teams to hardware anomalies (over-temperature, lamp thresholds) before meetings are disrupted."
789,C,Domain C: Supporting AV System Operation,SLAs & Remote Monitoring,"In remote system monitoring scenario #4, an enterprise support team deploys SNMP telemetry across hundreds of global conference rooms. What is the operational benefit of configuring SNMP automated traps?",It eliminates the need for power cables.,"It sends instantaneous, automated alerts to the centralized management dashboard when device thresholds are breached (e.g. over-temp, fan fail, link down), enabling proactive resolution before users notice.",It turns consumer TVs into commercial displays.,It automatically bills the client extra fees.,B,"SNMP Traps provide proactive event-driven notifications, alerting support teams to hardware anomalies (over-temperature, lamp thresholds) before meetings are disrupted."
790,C,Domain C: Supporting AV System Operation,SLAs & Remote Monitoring,"In remote system monitoring scenario #5, an enterprise support team deploys SNMP telemetry across hundreds of global conference rooms. What is the operational benefit of configuring SNMP automated traps?",It eliminates the need for power cables.,"It sends instantaneous, automated alerts to the centralized management dashboard when device thresholds are breached (e.g. over-temp, fan fail, link down), enabling proactive resolution before users notice.",It turns consumer TVs into commercial displays.,It automatically bills the client extra fees.,B,"SNMP Traps provide proactive event-driven notifications, alerting support teams to hardware anomalies (over-temperature, lamp thresholds) before meetings are disrupted."
791,C,Domain C: Supporting AV System Operation,SLAs & Remote Monitoring,"In remote system monitoring scenario #6, an enterprise support team deploys SNMP telemetry across hundreds of global conference rooms. What is the operational benefit of configuring SNMP automated traps?",It eliminates the need for power cables.,"It sends instantaneous, automated alerts to the centralized management dashboard when device thresholds are breached (e.g. over-temp, fan fail, link down), enabling proactive resolution before users notice.",It turns consumer TVs into commercial displays.,It automatically bills the client extra fees.,B,"SNMP Traps provide proactive event-driven notifications, alerting support teams to hardware anomalies (over-temperature, lamp thresholds) before meetings are disrupted."
792,C,Domain C: Supporting AV System Operation,SLAs & Remote Monitoring,"In remote system monitoring scenario #7, an enterprise support team deploys SNMP telemetry across hundreds of global conference rooms. What is the operational benefit of configuring SNMP automated traps?",It eliminates the need for power cables.,"It sends instantaneous, automated alerts to the centralized management dashboard when device thresholds are breached (e.g. over-temp, fan fail, link down), enabling proactive resolution before users notice.",It turns consumer TVs into commercial displays.,It automatically bills the client extra fees.,B,"SNMP Traps provide proactive event-driven notifications, alerting support teams to hardware anomalies (over-temperature, lamp thresholds) before meetings are disrupted."
793,C,Domain C: Supporting AV System Operation,SLAs & Remote Monitoring,"In remote system monitoring scenario #8, an enterprise support team deploys SNMP telemetry across hundreds of global conference rooms. What is the operational benefit of configuring SNMP automated traps?",It eliminates the need for power cables.,"It sends instantaneous, automated alerts to the centralized management dashboard when device thresholds are breached (e.g. over-temp, fan fail, link down), enabling proactive resolution before users notice.",It turns consumer TVs into commercial displays.,It automatically bills the client extra fees.,B,"SNMP Traps provide proactive event-driven notifications, alerting support teams to hardware anomalies (over-temperature, lamp thresholds) before meetings are disrupted."
794,C,Domain C: Supporting AV System Operation,SLAs & Remote Monitoring,"In remote system monitoring scenario #9, an enterprise support team deploys SNMP telemetry across hundreds of global conference rooms. What is the operational benefit of configuring SNMP automated traps?",It eliminates the need for power cables.,"It sends instantaneous, automated alerts to the centralized management dashboard when device thresholds are breached (e.g. over-temp, fan fail, link down), enabling proactive resolution before users notice.",It turns consumer TVs into commercial displays.,It automatically bills the client extra fees.,B,"SNMP Traps provide proactive event-driven notifications, alerting support teams to hardware anomalies (over-temperature, lamp thresholds) before meetings are disrupted."
795,C,Domain C: Supporting AV System Operation,SLAs & Remote Monitoring,"In remote system monitoring scenario #10, an enterprise support team deploys SNMP telemetry across hundreds of global conference rooms. What is the operational benefit of configuring SNMP automated traps?",It eliminates the need for power cables.,"It sends instantaneous, automated alerts to the centralized management dashboard when device thresholds are breached (e.g. over-temp, fan fail, link down), enabling proactive resolution before users notice.",It turns consumer TVs into commercial displays.,It automatically bills the client extra fees.,B,"SNMP Traps provide proactive event-driven notifications, alerting support teams to hardware anomalies (over-temperature, lamp thresholds) before meetings are disrupted."
796,C,Domain C: Supporting AV System Operation,SLAs & Remote Monitoring,"In remote system monitoring scenario #11, an enterprise support team deploys SNMP telemetry across hundreds of global conference rooms. What is the operational benefit of configuring SNMP automated traps?",It eliminates the need for power cables.,"It sends instantaneous, automated alerts to the centralized management dashboard when device thresholds are breached (e.g. over-temp, fan fail, link down), enabling proactive resolution before users notice.",It turns consumer TVs into commercial displays.,It automatically bills the client extra fees.,B,"SNMP Traps provide proactive event-driven notifications, alerting support teams to hardware anomalies (over-temperature, lamp thresholds) before meetings are disrupted."
797,C,Domain C: Supporting AV System Operation,SLAs & Remote Monitoring,"In remote system monitoring scenario #12, an enterprise support team deploys SNMP telemetry across hundreds of global conference rooms. What is the operational benefit of configuring SNMP automated traps?",It eliminates the need for power cables.,"It sends instantaneous, automated alerts to the centralized management dashboard when device thresholds are breached (e.g. over-temp, fan fail, link down), enabling proactive resolution before users notice.",It turns consumer TVs into commercial displays.,It automatically bills the client extra fees.,B,"SNMP Traps provide proactive event-driven notifications, alerting support teams to hardware anomalies (over-temperature, lamp thresholds) before meetings are disrupted."
798,C,Domain C: Supporting AV System Operation,SLAs & Remote Monitoring,"In remote system monitoring scenario #13, an enterprise support team deploys SNMP telemetry across hundreds of global conference rooms. What is the operational benefit of configuring SNMP automated traps?",It eliminates the need for power cables.,"It sends instantaneous, automated alerts to the centralized management dashboard when device thresholds are breached (e.g. over-temp, fan fail, link down), enabling proactive resolution before users notice.",It turns consumer TVs into commercial displays.,It automatically bills the client extra fees.,B,"SNMP Traps provide proactive event-driven notifications, alerting support teams to hardware anomalies (over-temperature, lamp thresholds) before meetings are disrupted."
799,C,Domain C: Supporting AV System Operation,SLAs & Remote Monitoring,"In remote system monitoring scenario #14, an enterprise support team deploys SNMP telemetry across hundreds of global conference rooms. What is the operational benefit of configuring SNMP automated traps?",It eliminates the need for power cables.,"It sends instantaneous, automated alerts to the centralized management dashboard when device thresholds are breached (e.g. over-temp, fan fail, link down), enabling proactive resolution before users notice.",It turns consumer TVs into commercial displays.,It automatically bills the client extra fees.,B,"SNMP Traps provide proactive event-driven notifications, alerting support teams to hardware anomalies (over-temperature, lamp thresholds) before meetings are disrupted."
800,C,Domain C: Supporting AV System Operation,SLAs & Remote Monitoring,"In remote system monitoring scenario #15, an enterprise support team deploys SNMP telemetry across hundreds of global conference rooms. What is the operational benefit of configuring SNMP automated traps?",It eliminates the need for power cables.,"It sends instantaneous, automated alerts to the centralized management dashboard when device thresholds are breached (e.g. over-temp, fan fail, link down), enabling proactive resolution before users notice.",It turns consumer TVs into commercial displays.,It automatically bills the client extra fees.,B,"SNMP Traps provide proactive event-driven notifications, alerting support teams to hardware anomalies (over-temperature, lamp thresholds) before meetings are disrupted."
801,D,Domain D: Servicing AV Solutions,Troubleshooting Methodology,"According to standard AVIXA systematic troubleshooting methodology, what is the very first step a technician must take?",Immediately swap out the central matrix switcher,Clearly define the problem and gather symptoms from users and observers,Order replacement hardware from the manufacturer,Cut the power cord to reset the equipment,B,"The first step in any troubleshooting process is problem definition: gathering symptoms, asking users what happened, what changed, and what normal behavior looks like."
802,D,Domain D: Servicing AV Solutions,Troubleshooting Methodology,What is the second logical step in the troubleshooting process after defining the problem?,Invoicing the client for repairs,Recreating the problem and verifying the reported symptoms,Purchasing new HDMI cables,Rewiring the equipment rack,B,"Verifying and recreating the problem under controlled conditions confirms that the issue is real, reproducible, and not caused by user error."
803,D,Domain D: Servicing AV Solutions,Troubleshooting Methodology,What is the 'Divide and Conquer' (Half-Split) troubleshooting technique?,Splitting the service team into two groups to work on different rooms,Testing the signal at approximately the midpoint of a signal path to determine whether the fault lies upstream (before) or downstream (after) that point,Cutting a long cable in half to see where it broke,Dividing the repair bill equally between client and manufacturer,B,"The half-split method tests the middle component or connection. If good, the fault is in the second half; if bad, it is in the first half—halving the search area each step."
804,D,Domain D: Servicing AV Solutions,Troubleshooting Methodology,What is the 'Input-to-Output' (Signal Flow) tracing technique?,Injecting a known good test signal at the original source and following the signal sequentially through each device and cable until it disappears or degrades,Randomly replacing components until the problem goes away,"Turning off the output devices first, then turning off the input devices",Measuring the resistance between the wall outlet and the roof,A,"Input-to-output tracing follows the physical signal flow from start to finish, pinpointing the exact component where the signal fails."
805,D,Domain D: Servicing AV Solutions,Troubleshooting Methodology,What is the 'Substitution' (Swap with Known-Good) method in AV troubleshooting?,Replacing a suspected faulty cable or device with an identical unit known to be functioning correctly to see if the symptom clears,Swapping the customer's equipment with an older used model without telling them,Replacing an audio DSP with a video projector,Swapping the technician on the job,A,"Swapping a suspected faulty component (e.g. patch cord, mic, transceiver) with a known-good unit quickly proves or disproves whether that component is the root cause."
806,D,Domain D: Servicing AV Solutions,Troubleshooting Methodology,Why is it critical to change only ONE variable at a time when troubleshooting a complex AV problem?,To make the service call take longer,Changing multiple variables simultaneously makes it impossible to know which specific change actually resolved the problem or introduced new secondary faults,It is required by the fire department,Digital multimeters can only measure one component per day,B,Changing one variable at a time ensures rigorous causal identification; changing multiple things clouds the true root cause and can introduce new issues.
807,D,Domain D: Servicing AV Solutions,Troubleshooting Methodology,"After applying a fix that appears to resolve the reported problem, what must the technician do before closing the service call?",Leave immediately before the problem reoccurs,"Test the entire system comprehensively to verify that the fix is permanent and that no other related functions were adversely impacted, then document the resolution",Send an email to the equipment manufacturer complaining about their product,Reset all passwords back to factory default,B,Verification and documentation are essential final steps: confirming complete system operation and recording the fix ensures transparency and aids future technicians.
808,D,Domain D: Servicing AV Solutions,Troubleshooting Methodology,Why is documenting the root cause and resolution in a ticketing system vital for an AV service organization?,To prove to human resources that the technician was working,To build a searchable knowledge base that helps other technicians solve identical problems faster and track recurring equipment defects,To automatically increase the client's monthly service fees,It is required to keep an active internet connection,B,"Documentation creates organizational knowledge, prevents rediscovering solutions from scratch, and reveals manufacturing or design defect patterns."
809,D,Domain D: Servicing AV Solutions,Troubleshooting Methodology,"When interviewing a user who reports that 'the video system is completely broken', what is the most useful question to ask?",'Why did you break it?',"'What specific action were you trying to perform, what did you observe happen, and when did this start occurring?'",'Do you know how to calculate Ohm's law?','Can you afford to buy a new system?',B,"Specific, non-judgmental questions uncover precise symptoms, source devices, timing, and error messages rather than vague emotional statements."
810,D,Domain D: Servicing AV Solutions,Troubleshooting Methodology,"What is an 'Intermittent Fault', and why is it often the most difficult issue to troubleshoot?",A fault that only occurs in winter,"A problem that appears and disappears unpredictably, often triggered by environmental changes (temperature, mechanical vibration, cable flexing) and hard to recreate",A problem caused by internet service providers,A broken projector lamp,B,"Intermittent faults are challenging because symptoms cannot be observed on demand; isolating them requires recreating conditions (thermal stress, cable flex)."
811,D,Domain D: Servicing AV Solutions,Troubleshooting Methodology,What does 'Wiggle Testing' (Stress Testing Cables) involve when diagnosing intermittent audio dropouts or video sparkling?,Dancing while holding the microphone,"Gently flexing and wiggling the cable near connector boots and strain reliefs to see if mechanical movement triggers the fault, revealing broken internal conductors",Shaking the entire equipment rack vigorously,Blowing compressed air into the power supply,B,"Gently flexing connectors reveals broken solder joints, pinched wires, or loose contact pins that make and break contact under physical movement."
812,D,Domain D: Servicing AV Solutions,Troubleshooting Methodology,What is a 'Sanity Check' in troubleshooting?,Evaluating the psychological health of the technician,"Checking simple, obvious baseline conditions first (e.g. power switch ON, power cords plugged in, mute buttons disengaged, correct input selected) before deep diagnostics",Checking if the display is turned to maximum brightness,Reading the full user manual from cover to cover,B,"A vast number of AV support calls result from simple oversights: unplugged power cords, tripped power strips, engaged mutes, or wrong input selections."
813,D,Domain D: Servicing AV Solutions,Troubleshooting Methodology,"During signal tracing, what does an 'Audio Signal Generator' and 'Audio Test Probe' (or 'Sniffer') allow a technician to do?",Listen to local FM radio stations,Inject an audible test tone (e.g. 1 kHz sine wave or pink noise) at an input and probe along the signal path with an amplified speaker to hear where the tone stops,Test the voltage of the building elevator,Measure the light output of the projector,B,"Injecting a calibrated test tone and probing sequentially along the chain immediately reveals the exact amplifier, processor, or patch point where audio is lost."
814,D,Domain D: Servicing AV Solutions,Troubleshooting Methodology,"What is the primary diagnostic value of equipment front-panel LED indicators (e.g. Sync, HDCP, Link, Data, Power)?",To make the equipment rack look colorful in the dark,"To provide instant visual feedback on hardware health, power presence, physical cable connectivity, and active digital handshakes without needing external tools",To indicate the temperature of the room,To flash in rhythm with the music,B,"Status LEDs provide immediate clues: e.g., a solid Link LED confirms physical Layer 1/2 connection, while a blinking HDCP LED flags an authentication failure."
815,D,Domain D: Servicing AV Solutions,Troubleshooting Methodology,"If an AV system has functioned flawlessly for two years and suddenly fails on Monday morning, what is the best diagnostic question to ask facilities and IT?",'Did you buy new microphones?',"'What events, maintenance, renovations, network updates, or electrical work took place over the weekend?'",'Why haven't you replaced the equipment yet?','Is the building roof leaking?',B,"Sudden failures on systems with long stable histories are almost always triggered by an external change: IT network firmware pushes, power outages, or cleaning staff moving gear."
816,D,Domain D: Servicing AV Solutions,Troubleshooting Methodology,What is the risk of guessing at a solution and randomly swapping expensive components without methodical isolation?,The repair will be completed too quickly,"It wastes client time and money, risks introducing new faults, and often fails to address the underlying root cause",It immediately voids the building's insurance policy,It changes the impedance of the room acoustics,B,"Shotgun troubleshooting is expensive, unscientific, and frequently leads to replacing functioning components while leaving the real fault unaddressed."
817,D,Domain D: Servicing AV Solutions,Troubleshooting Methodology,What does 'Isolating the Environment' mean in AV troubleshooting?,Placing the technician in a soundproof booth,"Determining whether an issue is caused by external environmental factors (dirty AC power, RF interference, high ambient heat, sunlight) rather than internal hardware defects",Disconnecting all room air conditioning,Covering the display in plastic wrap,B,"Environmental isolation verifies if problems like hum, thermal shutdowns, or video dropouts are caused by external power spikes, HVAC heat, or RF interference."
818,D,Domain D: Servicing AV Solutions,Troubleshooting Methodology,What is a 'Loopback Test' in digital communications and network troubleshooting?,Connecting an output directly back into an input on the same device to verify whether the device's internal transmitter and receiver hardware are functioning,Running around the conference room three times,Routing audio through all speakers in a circle,A continuous loop in the control software,A,Loopback plugs and tests isolate whether communication failures lie within the local device interface or in the external cable/remote device.
819,D,Domain D: Servicing AV Solutions,Troubleshooting Methodology,"When a client reports an issue that only happens 'sometimes when Dr. Smith presents', what variable should you examine first?",Dr. Smith's presentation topic,"Dr. Smith's specific personal laptop, display adapter dongle, operating system resolution, and cable connection habits",The electrical substation supplying the city,The ceiling microphone polar pattern,B,"User-specific problems usually point to the unique BYOD hardware, non-standard resolutions, third-party dongles, or user workflow of that specific individual."
820,D,Domain D: Servicing AV Solutions,Troubleshooting Methodology,What does 'Root Cause Analysis' (RCA) mean?,Inspecting tree roots near the building foundation,"Identifying the fundamental, underlying reason why a failure occurred so permanent preventive action can be taken, rather than merely treating the superficial symptom",Measuring the resistance of a grounding rod,Calculating the square root of amplifier wattage,B,RCA digs past symptoms (e.g. 'blown fuse') to find the true root cause (e.g. 'dust clogged fan caused thermal runaway drawing overcurrent').
821,D,Domain D: Servicing AV Solutions,Troubleshooting Methodology,What is the 'Occam's Razor' principle applied to technical troubleshooting?,Always use the sharpest wire strippers,"When presented with competing hypotheses for a failure, the simplest explanation requiring the fewest assumptions is usually the correct one",Always assume the most expensive component has failed,Never trust any reading from a digital multimeter,B,"Technicians should check the simple, most probable causes (loose plug, mute engaged, dead battery) before assuming bizarre esoteric failures."
822,D,Domain D: Servicing AV Solutions,Troubleshooting Methodology,"In signal flow troubleshooting, what is an 'Active Probe' vs a 'Passive Probe'?",An active probe contains powered amplifier or buffering circuitry to prevent loading down high-impedance test points; a passive probe uses only passive components,An active probe vibrates in the technician's hand,A passive probe is broken and does not work,Active probes are only used for 120V AC wall outlets,A,Active probes use internal electronics to minimize capacitive and resistive loading on delicate high-frequency circuits under test.
823,D,Domain D: Servicing AV Solutions,Troubleshooting Methodology,What is the purpose of checking equipment firmware release notes when troubleshooting a persistent system bug?,To find the names of the software engineers who wrote it,To see if the manufacturer has already identified the exact symptom as a known bug and published a firmware patch or workaround to resolve it,To verify the copyright date of the product,To calculate the baud rate of the serial port,B,Manufacturer release notes frequently list 'Resolved Issues' detailing the exact edge-case bugs and interoperability failures being experienced.
824,D,Domain D: Servicing AV Solutions,Troubleshooting Methodology,What safety procedure must ALWAYS be performed before opening a component's metallic chassis to inspect internal fuses or power boards?,Turn the room volume to maximum,"Disconnect master AC power from the wall, wait for high-voltage capacitors to discharge, and observe proper ESD (electrostatic discharge) precautions",Spray the internal electronics with water,Put on dark sunglasses,B,De-energizing equipment and allowing reservoir capacitors to discharge prevents lethal electrical shock from high-voltage switch-mode power supplies.
825,D,Domain D: Servicing AV Solutions,Troubleshooting Methodology,"When troubleshooting a complex system issue with multiple technicians, what is essential for effective coordination?",Everyone trying different random fixes simultaneously without talking,"Assigning a lead troubleshooter, clearly communicating what is being tested, and logging every test result in real time to avoid duplicating effort or creating confusion",Having all technicians watch the same display screen,Arguing over who has more AVIXA certifications,B,Designating a lead troubleshooter and maintaining disciplined logging ensures structured progress and prevents conflicting changes.
826,D,Domain D: Servicing AV Solutions,Audio Troubleshooting,A conference room sound system emits a persistent low-frequency 60 Hz hum (or 50 Hz in Europe) through all ceiling speakers. What is the most likely root cause?,The microphone cables are too short,A ground loop created by multiple ground paths with a voltage potential difference between interconnected equipment chassis,The ceiling tiles have a low NRC rating,The HDMI cable has an expired HDCP key,B,60 Hz (or 50 Hz mains) hum is the classic signature of a ground loop circulating current through audio cable shields between differing ground potentials.
827,D,Domain D: Servicing AV Solutions,Audio Troubleshooting,How does a ground loop hum differ audibly from high-frequency electrostatic buzz?,"Hum is a smooth, low-pitched 60 Hz tone; buzz is a harsh, raspy tone containing high-frequency odd harmonics (120 Hz, 180 Hz, 240 Hz+) typically radiated by SCR light dimmers or motor brushes",Hum is only heard in digital systems; buzz is only heard in analog systems,Hum occurs only when microphones are muted; buzz occurs only when speakers are disconnected,They are completely identical sounds,A,"Pure 60 Hz hum sounds like a smooth low drone (ground current); buzz contains sharp, raspy harmonics from phase-fired light dimmers, rectifiers, or fluorescent ballasts."
828,D,Domain D: Servicing AV Solutions,Audio Troubleshooting,An audio technician disconnects the audio cable shield at the destination end of a balanced line connection. The 60 Hz hum immediately disappears while clean audio continues playing. Why?,The cable was wired backwards,"Disconnecting the shield at one end ('ground lifting') physically broke the ground loop circulating path, while balanced differential conductors maintained signal flow",The audio signal converted into a radio wave,The amplifier automatically boosted its output wattage,B,"Lifting the shield at the receiving end of a balanced line breaks the conductive loop preventing ground current flow, while the hot and cold differential pair preserves signal."
829,D,Domain D: Servicing AV Solutions,Audio Troubleshooting,"When two identical ceiling speakers are playing the same audio source, an observer seated directly between them notices that bass frequencies are completely missing, but bass returns when walking closer to either speaker. What is the cause?",The room's RT60 is too long,"The two speakers are wired with reverse polarity (180 degrees out-of-phase), causing destructive acoustic cancellation of low frequencies in the center",The amplifier is clipping on transients,The audio signal is suffering from jitter,B,"When one speaker is wired + to - (reversed polarity), its cone moves inward while the adjacent moves outward, destructively canceling long bass waves in the overlap zone."
830,D,Domain D: Servicing AV Solutions,Audio Troubleshooting,How can an audio technician quickly verify the acoustic polarity of installed loudspeakers in a conference room?,By measuring the room temperature,Using an acoustic polarity tester (pulse generator and calibrated receiver microphone) to verify whether the initial wave deflection is positive (+),By listening to an FM radio broadcast,By measuring the AC line voltage with a multimeter,B,Polarity testers emit a specialized 'cricket' pulse (positive pulse); the detector mic indicates green for positive (in-phase) or red for inverted polarity.
831,D,Domain D: Servicing AV Solutions,Audio Troubleshooting,"An audio amplifier's 'Clip' or 'Peak' LED illuminates continuously red during an event, and the sound is harsh, raspy, and distorted. What is occurring?",The amplifier is operating at maximum efficiency,"The input signal is overdriving the amplifier beyond its maximum power supply rails, flattening waveform peaks and creating severe harmonic distortion",The speakers have too high of an impedance,The audio cables are carrying phantom power,B,"Clipping occurs when an amplifier is asked to deliver more voltage than its power rails provide, chopping waveform tops into distorted quasi-square waves."
832,D,Domain D: Servicing AV Solutions,Audio Troubleshooting,"What physical damage can continuous amplifier clipping cause to connected loudspeakers, even if the amplifier's rated power is lower than the speaker's rating?",The speaker enclosure will crack in half,The clipped waveform generates massive high-frequency harmonic energy that overheats and burns out delicate tweeter voice coils,The speaker cone will turn inside out,The speaker transformer will convert into an AC generator,B,"Clipping creates intense ultrasonic/high-frequency harmonic distortion; tweeters receive continuous high-energy power, rapidly melting voice coils."
833,D,Domain D: Servicing AV Solutions,Audio Troubleshooting,"A technician notices that when someone speaks quietly into a microphone, the sound cuts in and out with words being clipped at the beginning and end. What DSP processor is misconfigured?",The Equalizer has too high of a Q,"The Noise Gate (or Downward Expander) threshold is set too high, cutting off speech before words finish",The delay line is set to 500 ms,The Acoustic Echo Canceller is in bypass,B,"A noise gate silences audio below a threshold. If set too aggressively, it 'chatters', cutting off the quiet attacks and trailing consonants of speech."
834,D,Domain D: Servicing AV Solutions,Audio Troubleshooting,"A wireless lavalier microphone produces loud rustling, scraping, and thumping noises whenever the presenter moves their arms or walks. What is the cause?",Electromagnetic radiation from cellular towers,Mechanical handling noise and clothing friction transmitted directly to the microphone capsule or cable,The receiver squelch is set too low,A blown speaker voice coil in the ceiling,B,Lavaliers rubbing against rough clothing or lacking a proper cable strain relief loop (broadcast loop) transmit mechanical vibrations directly into the capsule.
835,D,Domain D: Servicing AV Solutions,Audio Troubleshooting,"During a video conference, remote participants report that whenever the in-room presenter speaks, they hear loud 'pops' and 'blasts' of air on consonants like 'P', 'B', and 'T'. What is this acoustic defect called, and how is it fixed?",Comb filtering; resolved with an equalizer,"Plosives (wind pop caused by vocal air bursts hitting the microphone diaphragm); resolved with a foam windscreen or pop filter, or engaging a high-pass filter",Proximity effect; resolved by turning off phantom power,Acoustic feedback; resolved by replacing the amplifier,B,"Plosives occur when breath blasts from 'p' and 'b' sounds overload the mic diaphragm. Windscreens disperse the breath blast, and high-pass filters attenuate the pop."
836,D,Domain D: Servicing AV Solutions,Audio Troubleshooting,"A vocal microphone suddenly develops a sharp, howling, high-pitched squeal at 3.5 kHz. What immediate operational action should the sound technician take?",Turn off the main electrical breaker for the building,"Pull down the channel fader or master gain to stop the feedback loop, then notch out the 3.5 kHz ringing frequency using a parametric EQ or feedback suppressor",Turn up the stage monitors so the singer can hear the squeal,Switch the microphone to omnidirectional pattern,B,Lowering the fader immediately stops acoustic runaway feedback; subsequent narrow parametric notch filtering at the ringing frequency restores system stability.
837,D,Domain D: Servicing AV Solutions,Audio Troubleshooting,What causes a sound reinforcement system to ring or howl at a specific single frequency?,The speaker cable has too high of a resistance,Loop gain at that specific frequency reaches unity (0 dB gain) with an in-phase acoustic return from loudspeaker to microphone,The room temperature dropped below 60°F,The audio console power supply is failing,B,Acoustic feedback occurs at the frequency where total system loop gain (amplification + room acoustics) first reaches unity ($A \times \beta = 1$) in-phase.
838,D,Domain D: Servicing AV Solutions,Audio Troubleshooting,"A conference room has four tabletop boundary microphones. When one person speaks, the audio sounds thin, hollow, and 'phasey', as if talking inside a metal barrel. What acoustic phenomenon is occurring?",Acoustic Echo Cancellation,"Comb filtering caused by multiple open microphones picking up the same talker's voice with slight time arrival differences, summing destructively",The microphones are lacking phantom power,The speaker cables are wired in series,B,"When multiple open mics pick up one source at varying distances, time arrival differences create comb filtering notches. Resolved using automixers ($NOM=1$)."
839,D,Domain D: Servicing AV Solutions,Audio Troubleshooting,"An audio technician connects an active DI box to a mixing console via XLR, but no audio passes and the power LED on the DI box remains unlit. What is the first thing to verify?","Verify that +48V Phantom Power is engaged on that console channel, or that an internal 9V battery is installed and charged",Replace the mixing console's main motherboard,Check the impedance of the ceiling speakers,Verify that the building has an isolated ground rod,A,"Active direct boxes require operating power (+48V phantom from the console or an internal 9V battery); without power, the active buffer circuit is dead."
840,D,Domain D: Servicing AV Solutions,Audio Troubleshooting,"When a condenser microphone is connected to Channel 1, audio is faint and accompanied by severe hiss and distortion. The identical microphone works perfectly on Channel 2. What is defective on Channel 1?",The microphone diaphragm is cracked,"The phantom power supply on Channel 1 is failing to deliver sufficient voltage/current, or the preamp input stage is defective",The audio cable outer jacket is dirty,Channel 1 is set to professional line level,B,"Condenser capsules require steady +48V DC bias; a sagging or defective phantom supply starves the impedance converter, causing weak, distorted audio."
841,D,Domain D: Servicing AV Solutions,Audio Troubleshooting,"An audio amplifier powers on normally, but after playing music at high volume for 20 minutes, the sound abruptly cuts out and the front panel displays a 'Protect / Thermal' indicator. What is the root cause?",The audio tracks have too many bass notes,"Thermal overload caused by inadequate rack ventilation, clogged fan filters, or driving a speaker load impedance lower than the amplifier's minimum rated load",The speaker cables have turned into inductors,The room's noise criterion (NC) rating exceeded NC 40,B,Amplifiers trip thermal protection when heat cannot escape (blocked fans) or excessive current is drawn by driving an impedance lower than manufacturer ratings.
842,D,Domain D: Servicing AV Solutions,Audio Troubleshooting,A technician measures an 8-channel 70V distributed speaker line with an impedance meter and gets a reading of 24 Ohms. What total power will this speaker line draw from a 70.7V amplifier output?,50 Watts,100 Watts,208 Watts,500 Watts,C,$P = V^2 / R = (70.7)^2 / 24 = 5000 / 24 \approx 208.3 \text{ Watts}$.
843,D,Domain D: Servicing AV Solutions,Audio Troubleshooting,Why must a technician NEVER use a standard DC Multimeter set to Ohms to measure the impedance of a 70V loudspeaker line?,The multimeter will explode,"A standard multimeter measures DC resistance ($R$), which ignores transformer inductive reactance ($X_L$); on a 70V transformer line, a multimeter reads near a dead short (0 to 2 ohms), providing completely false data",The speaker voice coils will become magnetized,Multimeters only measure digital signals,B,Transformers present high AC impedance at audio frequencies (e.g. 1 kHz) but nearly 0 ohms DC resistance. An AC impedance meter (using a 1 kHz test tone) is mandatory.
844,D,Domain D: Servicing AV Solutions,Audio Troubleshooting,A powered subwoofer in an executive boardroom emits an annoying buzzing sound only when the ceiling fluorescent lights are dimmed down to 50%. The buzz stops when lights are at 100% or fully off. Why?,The light bulbs are vibrating mechanically,"SCR (Silicon Controlled Rectifier) triac dimmers chop AC sine waves, radiating massive high-frequency electromagnetic interference (EMI) onto adjacent audio lines or power feeds",The subwoofer optical sensor is triggered by the dim light,The ceiling drywall is resonating at 60 Hz,B,"Phase-cut light dimmers chop AC waveforms abruptly at mid-dim settings, radiating harsh electromagnetic spikes into nearby unshielded audio cables and power circuits."
845,D,Domain D: Servicing AV Solutions,Audio Troubleshooting,How can an AV technician cure light dimmer electromagnetic buzz induced into audio cabling?,By turning up the treble on the audio mixer,"Ensuring balanced wiring, maintaining physical separation between lighting wiring and audio cables, crossing power lines at 90 degrees, and using debuzzing chokes on dimmers",Cutting off the ground prong on the lighting fixture,Replacing dynamic microphones with condenser microphones,B,"Physical separation (at least 12 inches), 90-degree crossings, well-shielded balanced cables with high CMRR, and dimmer line chokes eliminate dimmer-induced hash."
846,D,Domain D: Servicing AV Solutions,Audio Troubleshooting,"During a meeting, the audio coming from the far end of a video conference sounds muffled, dull, and completely devoid of high frequencies. What is the most probable cause?",The display's contrast ratio is too low,"A low-pass filter in the DSP is improperly set at an unusually low cutoff frequency (e.g. 1 kHz), or a low-bitrate voice codec (G.711 / 8 kHz sample rate) is being used",The microphone phantom power is set to 24V instead of 48V,The speaker cable is 5 feet too long,B,Loss of treble is caused by improper DSP low-pass filter settings or narrow telephone bandpass voice codecs that truncate frequencies above 3.4 kHz.
847,D,Domain D: Servicing AV Solutions,Audio Troubleshooting,"An audio DSP system passes audio cleanly, but every 30 seconds there is a sharp audible 'click' or 'pop' in the audio stream. What digital audio synchronization issue does this indicate?",Audio clipping on transients,"A clock synchronization mismatch / Word Clock drift between two interconnected digital devices, resulting in periodic sample buffer slips (underflow/overflow)",A ground loop hum,The Dante network switch has run out of IP addresses,B,"When two digital audio devices run on independent unsynchronized clocks, their sample rates drift apart; buffer slips produce periodic, sharp audible clicks/ticks."
848,D,Domain D: Servicing AV Solutions,Audio Troubleshooting,"In a Dante audio network, how is clock drift and digital synchronization jitter prevented across dozens of networked devices?",Each device runs on its own independent internal oscillator,"A single device is elected as the Dante Grandmaster Clock, transmitting IEEE 1588 PTP (Precision Time Protocol) sync packets to which all other devices slave their sample clocks",By using 110-ohm AES/EBU cables,By setting all IP addresses to static 192.168.1.1,B,Dante uses PTP (IEEE 1588) to elect one device as the master clock; all slave nodes synchronize their audio sample DAC/ADCs to within sub-microsecond precision.
849,D,Domain D: Servicing AV Solutions,Audio Troubleshooting,"An audio amplifier outputs no sound. The technician measures 120V AC at the wall outlet, the amplifier power switch is ON, but no front-panel lights illuminate. What should be checked next?",The speaker voice coils,The amplifier's rear-panel or internal main AC power fuse / circuit breaker,The microphone cable shield,The room's noise criterion curve,B,"If AC mains voltage is present at the receptacle but the chassis shows zero signs of life, the primary AC line fuse or internal surge protection fuse has blown."
850,D,Domain D: Servicing AV Solutions,Audio Troubleshooting,What does a reading of 0.0 Ohms (continuity) between the center pin and outer shield of an unplugged 75-ohm coaxial video cable indicate?,A perfect cable with zero loss,A dead short circuit between signal conductor and ground shield (defective connector crimp or damaged cable jacket),The cable is terminated for professional SDI video,The cable is operating at 12G-SDI speeds,B,Center conductor and shield must remain electrically isolated; continuity between them indicates a copper whisker or shorted crimp that grounds the video signal.
851,D,Domain D: Servicing AV Solutions,Video Troubleshooting,"A user connects their laptop to an HDMI cable at the conference table. The display screen remains completely black, but the laptop's display settings show that it detects the external monitor. What is the first troubleshooting step?",Order a new display panel,"Verify that the laptop's display output mode is set to 'Duplicate' or 'Extend' rather than 'Disconnect', and check if the display is set to the correct active input port",Replace the building's main transformer,Recalibrate the room acoustics,B,"If the OS detects the monitor, the DDC/EDID lines are communicating; verifying active input selection and ensuring the desktop is set to Duplicate/Extend resolves most issues."
852,D,Domain D: Servicing AV Solutions,Video Troubleshooting,"When a computer connects to a 4K commercial display, the desktop image appears shrunk in the center with wide black borders surrounding all four sides (underscan). What is the root cause?",The HDMI cable is running at 10.2 Gbps instead of 18 Gbps,A resolution mismatch where the graphics card or display aspect ratio/scaling setting is set to 1:1 pixel mapping with a lower resolution input (e.g. 1080p source on 4K panel),An HDCP authentication failure,The display's backlight has failed,B,"Underscan occurs when a lower-resolution source is displayed with 1:1 pixel mapping without scaling, leaving unmapped native pixels black around the periphery."
853,D,Domain D: Servicing AV Solutions,Video Troubleshooting,"An image displayed on a 16:9 flat panel display looks horizontally stretched and distorted, making circles appear as wide ovals. What is causing this distortion?",A loose ground wire in the receptacle,A 4:3 aspect ratio video signal being forced into a 'Full/Stretch' 16:9 aspect ratio mode on the display scaler,Too much ambient light in the room,The HDMI cable exceeds 100 meters,B,Non-linear horizontal stretching distorts geometry; changing the display's aspect ratio setting to 'Standard / Normal / 4:3 Pillarbox' restores proper proportions.
854,D,Domain D: Servicing AV Solutions,Video Troubleshooting,"A conference room display intermittently flashes black for 2 to 3 seconds every few minutes, then returns to normal. What digital video problem is typically responsible?",The display's power cord is slightly bent,"Periodic loss of HDMI TMDS clock synchronization or marginal HDCP re-authentication failure, often caused by an excessively long or marginal quality passive HDMI cable",The room's Wi-Fi network is rebooting,Microphone feedback entering the HDMI cable,B,"Intermittent screen blanking is the hallmark of marginal signal integrity: digital eye patterns collapse, causing the receiver to lose lock and force an HDCP renegotiation."
855,D,Domain D: Servicing AV Solutions,Video Troubleshooting,"When playing a video through an HDMI connection, random white or colored sparkling dots ('sparkles' or 'salt-and-pepper noise') appear across dark areas of the image. What does this symptom indicate?",A feature designed to enhance image sharpness,"Bit errors in the digital TMDS video data stream caused by high-frequency signal attenuation over a cable that is too long or poor quality, operating at the brink of the 'digital cliff'",Dust on the inside of the HDMI connector,The audio volume is set too high,B,"Digital sparkles occur when high-frequency bit transitions fall below receiver decoding thresholds, flipping random digital bits without completely dropping synchronization."
856,D,Domain D: Servicing AV Solutions,Video Troubleshooting,What is the 'Digital Cliff' effect in digital video transmission?,Dropping a projector off a table,"The phenomenon where digital signal quality remains visually perfect as cable length increases until reaching a critical degradation point, where the image suddenly and catastrophically fails",The sharp edge of a projection screen,A drop in network bandwidth from 1 Gbps to 100 Mbps,B,"Unlike analog signals that degrade gracefully (getting progressively noisier), digital signals look pristine until bit error rates exceed error correction limits, causing total blackout."
857,D,Domain D: Servicing AV Solutions,Video Troubleshooting,"A Blu-ray player connected to an HDMI distribution amplifier displays video on three 1080p monitors, but the fourth 1080p monitor displays continuous snowy static. What is the root cause?",The fourth monitor has a broken power cord,"The fourth monitor failed the HDCP cryptographic key handshake, causing content encryption to block video transmission to that specific port",The audio format is set to Dolby Atmos,The fourth monitor is too close to an air conditioning duct,B,"Snow or static on protected content is the classic symptom of HDCP authentication failure: the source encrypts data, but the destination cannot decrypt keys."
858,D,Domain D: Servicing AV Solutions,Video Troubleshooting,"A presenter connects a modern laptop to a projector via an HDMI matrix switcher, and the projector displays the error message: 'Input Signal Out of Range'. What is occurring?",The laptop is physically too far from the projector,"The graphics card is outputting a resolution, refresh rate, or timing that exceeds the maximum scanning capability of the projector's internal scaler","The projector lamp has reached 20,000 hours",The network switch has blocked the video port,B,'Out of Range' indicates that the incoming horizontal/vertical sync frequency or pixel clock exceeds what the display's hardware can process (e.g. 4K60 into a 1080p native projector).
859,D,Domain D: Servicing AV Solutions,Video Troubleshooting,How can an AV technician permanently solve an 'Input Signal Out of Range' error when routing diverse guest laptops to legacy displays?,Tell all presenters to buy new laptops,"Install an in-line video scaler set to the display's native resolution, or configure the matrix switcher's EDID management to report only supported timings to sources","Increase the projector brightness to 10,000 lumens",Switch the audio from stereo to mono,B,"EDID management forces guest laptops to output only compatible resolutions, and scalers guarantee that arbitrary source timings are converted to native display formats."
860,D,Domain D: Servicing AV Solutions,Video Troubleshooting,A video display shows a strong green or pink tint across the entire image over an HDMI connection. What configuration mismatch is responsible?,The screen glass is tinted,"A Color Space mismatch between source and display (e.g. source outputting RGB full while display is expecting YCbCr, or vice versa)",The HDMI cable is plugged in upside down,The contrast ratio is set to 80:1,B,"Color space mismatches (RGB vs YCbCr 4:4:4/4:2:2) cause severe color cast errors, often rendering images entirely magenta/pink or green."
861,D,Domain D: Servicing AV Solutions,Video Troubleshooting,An HDBaseT extender link between a rack and an interactive whiteboard drops video whenever the room's motorized projection screen or elevator motor runs. What is the cause?,The projector screen is consuming all the building's bandwidth,"Alien crosstalk or Electromagnetic Interference (EMI) inducing voltage spikes into an unshielded (UTP) Category cable, causing the HDBaseT link to lose packet lock",The interactive whiteboard has run out of memory,The HDBaseT transmitter is overheating,B,High-speed HDBaseT signals are susceptible to high-voltage inductive spikes from motors; shielded cabling (STP / F/UTP) with grounded metal RJ45 jacks is required.
862,D,Domain D: Servicing AV Solutions,Video Troubleshooting,"What type of Category cabling and connectors must be installed for reliable, noise-immune HDBaseT installations in commercial buildings?",Unshielded Cat5e with plastic modular plugs,Shielded Category 6A (F/UTP or U/FTP) terminated with 360-degree shielded metal RJ45 connectors bonded to drain wire ground,Standard flat telephone satin cable,Coaxial RG-59 cable with F-connectors,B,HDBaseT Alliance specifications mandate shielded Cat6A cable with shielded connectors to drain stray EMI and prevent packet loss from motor spikes.
863,D,Domain D: Servicing AV Solutions,Video Troubleshooting,A technician is using an HDMI Cable Tester to verify a suspected faulty cable. What critical physical conductors must show continuity for an HDMI cable to successfully handshake?,Only Pin 1 (TMDS Data 2+),"All TMDS data and clock pairs, the +5V Power wire (Pin 18), Hot Plug Detect (Pin 19), and DDC clock/data lines (Pins 15 and 16)",Only the outer metallic shield,Pins 1 through 8 only,B,"A complete HDMI handshake requires TMDS (video), DDC (EDID/HDCP communication), +5V rail, and Hot Plug Detect; failure of any single conductor prevents connection."
864,D,Domain D: Servicing AV Solutions,Video Troubleshooting,"A projector image shows noticeable geometric 'Keystoning', where the bottom of the image is narrower than the top. What physical alignment error is causing this?",The projector lens is dirty,The projector is tilted vertically upward relative to the screen surface rather than being mounted perpendicular to the screen plane,The projector resolution is set to 4:3,The screen gain is too high,B,Vertical keystone distortion occurs when the projector optical axis is tilted relative to the perpendicular plane of the screen face.
865,D,Domain D: Servicing AV Solutions,Video Troubleshooting,Why should technicians avoid using extreme digital keystone correction settings on a presentation projector whenever possible?,It increases the power consumption of the projector lamp,"Digital keystone compresses and interpolates native pixel lines, causing blurry text, jagged diagonal lines, and reduced image brightness",It disables the remote control,It voids the AVIXA CTS certification of the installer,B,"Digital keystone deforms the native raster, throwing away physical pixels and causing text blurriness; optical lens shift or physical repositioning should always be used first."
866,D,Domain D: Servicing AV Solutions,Video Troubleshooting,"A commercial flat panel display turns on, the backlight illuminates, but no image or menu graphic appears, and audio plays normally. What internal display component has most likely failed?",The audio amplifier board,The T-Con (Timing Controller) board or main video processing motherboard,The AC line fuse,The infrared remote sensor,B,"If backlight and audio function but the LCD panel displays no graphics (black screen with glowing backlight), the T-Con board or LCD panel driver has failed."
867,D,Domain D: Servicing AV Solutions,Video Troubleshooting,"What is 'Image Retention' (Burn-In) on commercial displays, and how is it mitigated?",A physical fire on the screen surface,"Permanent or temporary ghosting of static graphics (logos, tickers) caused by uneven pixel degradation; mitigated by pixel-shifting, screensavers, and auto-dimming",A failure of the HDMI color space,Dust accumulating on the front glass,B,Prolonged static images cause differential aging of OLED organic layers or LCD liquid crystal alignment; pixel-orbiting and auto-standby prevent permanent burn-in.
868,D,Domain D: Servicing AV Solutions,Video Troubleshooting,"When a computer connects to a dual-display video wall, Display A shows video smoothly, but Display B exhibits horizontal tearing where the top and bottom of moving objects misalign. What is causing this?",A broken HDMI cable,A vertical synchronization (V-Sync) mismatch or lack of frame synchronization (Genlock / Frame Lock) between the two display outputs,The audio sample rate is set to 44.1 kHz,Display B has a lower contrast ratio,B,Screen tearing occurs when a video buffer updates in the middle of a screen refresh cycle; locking frame buffers across multi-screen arrays eliminates tearing.
869,D,Domain D: Servicing AV Solutions,Video Troubleshooting,An AV technician measures the DC voltage on Pin 18 (+5V Power) of an HDMI output port and reads only 3.8 Volts DC. What problem will this cause?,The video resolution will automatically double,"Active HDMI cables, optical converters, and EDID chips inside destination displays may fail to power up or maintain stable handshakes",The amplifier will trip its circuit breaker,The audio will suffer from high-frequency distortion,B,HDMI source ports must supply at least +4.8V to +5.3V on Pin 18 (minimum 55mA); low voltage starves active dongles and fails Hot Plug Detect circuits.
870,D,Domain D: Servicing AV Solutions,Video Troubleshooting,What is an 'HDMI Voltage Inserter' (Power Injector) used for in field service?,To charge smartphones from an HDMI port,To inject clean external +5V DC power onto Pin 18 of an HDMI signal chain when a source laptop provides weak or inadequate voltage to drive long active cables,To power the main display panel directly,To step up 120V AC to 240V AC,B,Many ultrathin laptops emit marginal 5V power on HDMI/USB-C adapters; an in-line power injector delivers the necessary current to power AOCs and extenders reliably.
871,D,Domain D: Servicing AV Solutions,Video Troubleshooting,"What test instrument is used to generate known, calibrated video patterns (color bars, grayscale ramps, crosshatch grids) to test display geometry and color accuracy?",Audio spectrum analyzer,"Video Test Pattern Generator (e.g. Murideo, Kramer, Extron)",Time Domain Reflectometer,Inductive cable tracer,B,"Test pattern generators output rock-solid reference timings, resolutions, and patterns (SMPTE bars, grids) to calibrate displays without relying on unpredictable PCs."
872,D,Domain D: Servicing AV Solutions,Video Troubleshooting,What does a crosshatch grid test pattern help an AV technician verify during projector alignment?,Color gamut accuracy,"Optical geometry, keystone alignment, lens distortion (barrel/pincushion), and pixel focus uniformity across the entire screen area",Sound pressure level,Network packet latency,B,"Crosshatch grids reveal curved lines (barrel/pincushion distortion), non-orthogonal corners (keystoning), and focus sharpness across screen edges."
873,D,Domain D: Servicing AV Solutions,Video Troubleshooting,What does a Pluge (Picture Line-Up Generation Equipment) pattern help an AV technician calibrate on a video display?,Audio volume levels,Black level (Brightness control) and blacker-than-black pedestal clipping,Projector throw distance,Aspect ratio letterboxing,B,Pluge bars calibrate the brightness control so that black level is set precisely where blacker-than-black is clipped and above-black detail is visible without wash-out.
874,D,Domain D: Servicing AV Solutions,Video Troubleshooting,Why does an analog VGA video image sometimes appear with faint horizontal 'ghost' reflections or ringing trails to the right of dark text?,The projector lamp is dying,"Impedance mismatch or reflection along the 75-ohm coaxial video cable, often caused by poorly crimped connectors or excessive cable length",The video is suffering from HDCP failure,The computer is downloading software updates,B,"High-frequency analog video signals reflecting off an impedance discontinuity bounce back down the line, creating delayed secondary ghost images on the screen."
875,D,Domain D: Servicing AV Solutions,Video Troubleshooting,What diagnostic feature in commercial video matrix switchers allows an integrator to inspect whether a source is actively sending clock and HDCP keys?,The physical cooling fan speed,"Internal diagnostic Web GUI / CLI reporting signal presence, input resolution, TMDS clock lock, HDCP status, and connected display EDID tables",The weight of the chassis,The color of the rack mounting screws,B,"Modern professional switchers provide comprehensive telemetry in their management interface, identifying whether faults lie in input signals, HDCP, or destination sinks."
876,D,Domain D: Servicing AV Solutions,Network & Diagnostics,What diagnostic command-line utility tests basic Layer 3 IP network connectivity to an AV device by sending ICMP Echo Request packets?,traceroute,ping,netstat,ipconfig /release,B,The `ping` utility verifies end-to-end IP connectivity and measures round-trip packet latency between hosts using ICMP.
877,D,Domain D: Servicing AV Solutions,Network & Diagnostics,What command-line utility displays the full pathway and lists each intermediate router hop between a management PC and a remote AV endpoint?,ping,traceroute (or tracert),arp -a,nslookup,B,"`traceroute` (Windows: `tracert`) maps the packet route hop-by-hop, identifying exactly which router or gateway is dropping packets."
878,D,Domain D: Servicing AV Solutions,Network & Diagnostics,An AV technician cannot access an IP video encoder at 192.168.1.50 from their laptop set to 192.168.2.100 with a subnet mask of 255.255.255.0 (/24). Why?,The encoder is turned off,"The laptop and encoder are on different logical IP subnets (192.168.1.x vs 192.168.2.x), and no Layer 3 router or default gateway is routing traffic between them",The Cat6 cable cannot transmit odd IP numbers,The subnet mask has too many ones,B,"With a /24 mask, 192.168.1.x and 192.168.2.x are distinct subnets; devices cannot communicate directly without a router or changing the laptop IP to 192.168.1.x."
879,D,Domain D: Servicing AV Solutions,Network & Diagnostics,What does an IP address of '0.0.0.0' displayed on an AV touchpanel's network setup page indicate?,The touchpanel has connected directly to the internet,The touchpanel has no network connection or has failed to obtain an IP configuration from a DHCP server,The touchpanel is operating in multicast mode,The touchpanel has the fastest possible connection,B,An IP of 0.0.0.0 signifies that no IP configuration has been bound to the interface (DHCP failure or link down).
880,D,Domain D: Servicing AV Solutions,Network & Diagnostics,"What is an 'IP Address Conflict' on an AV network, and what symptom does it produce?",Two devices arguing over control protocols,"Two distinct physical devices accidentally configured with the identical IP address, causing intermittent connectivity, packet dropping, and communication dropouts for both",An IP address that has expired,A network switch running at 10 Mbps,B,"Duplicate IPs confuse switch ARP tables, flipping traffic back and forth between two devices and causing severe connection drops."
881,D,Domain D: Servicing AV Solutions,Network & Diagnostics,What diagnostic protocol is used to discover what MAC address corresponds to a known destination IP address on a local Ethernet subnet?,DNS (Domain Name System),ARP (Address Resolution Protocol),DHCP (Dynamic Host Configuration Protocol),SNMP (Simple Network Management Protocol),B,ARP broadcasts queries to resolve Layer 3 IP addresses into Layer 2 physical MAC addresses for local frame delivery.
882,D,Domain D: Servicing AV Solutions,Network & Diagnostics,"What tool is used to test the pin-to-pin wiring map of a Category 6 patch cord to detect opens, shorts, and miswires?",Sound level meter,Wiremap Tester (Continuity Cable Tester),Optical power meter,Spectrum analyzer,B,Wiremap testers verify that all 8 pins connect straight-through to their matching pins and verify shield continuity.
883,D,Domain D: Servicing AV Solutions,Network & Diagnostics,"What is a 'Split Pair' wiring fault in structured cabling, and why is it particularly insidious?",A cable that has been cut in half with scissors,"A miswire where pin-to-pin continuity tests pass (1-to-1, 2-to-2), but wires from different twisted pairs are mixed together, destroying magnetic cancellation and causing catastrophic crosstalk failures at high speeds",A cable with two RJ45 plugs on one end,A cable running to two different rooms,B,"Split pairs maintain DC pin-to-pin continuity but break twisted-pair geometry. Simple continuity testers miss it, but high-speed data fails from severe crosstalk."
884,D,Domain D: Servicing AV Solutions,Network & Diagnostics,What does a 'Reversed Pair' wiring fault mean in an RJ45 cable termination?,The cable is running backwards in the conduit,The two conductors of a single pair are swapped (e.g. pin 1 wired to pin 2 and pin 2 wired to pin 1),The cable jacket is installed inside out,The cable only works in reverse,B,"Reversed pair means the positive and negative conductors of a single pair are flipped at one end, causing polarity inversion."
885,D,Domain D: Servicing AV Solutions,Network & Diagnostics,What does a Time Domain Reflectometer (TDR) measure to calculate the distance to a cable fault?,The weight of the copper,"The time elapsed between sending an electrical test pulse and receiving the reflected echo from an impedance anomaly, multiplied by the cable's Nominal Velocity of Propagation (NVP)",The resistance of the wall outlet,The ambient room temperature,B,A TDR calculates physical distance by timing the nanosecond transit of reflected pulses: $\text{Distance} = (c \times NVP \times \Delta t) / 2$.
886,D,Domain D: Servicing AV Solutions,Network & Diagnostics,What does NVP stand for in cable certification specifications?,Net Voltage Potential,"Nominal Velocity of Propagation (the speed at which electrical signals travel through a cable, expressed as a percentage of the speed of light)",Normalized Video Power,Network Virtual Port,B,"NVP is the speed factor of a cable (typically 65% to 75% the speed of light in vacuum, $0.65c\text{--}0.75c$). Entering the correct NVP is crucial for accurate TDR distance calculations."
887,D,Domain D: Servicing AV Solutions,Network & Diagnostics,"When certifying Category 6A cabling for 10-Gigabit AV-over-IP, what measurement tests the unwanted signal coupling between adjacent physical cables inside the same bundle?",Return Loss,Alien Near-End Crosstalk (Alien NEXT / ANEXT),DC Loop Resistance,Propagation Delay Skew,B,Alien Crosstalk (ANEXT) measures high-frequency electromagnetic noise leaking between adjacent cables bundled tightly together in trays or conduits.
888,D,Domain D: Servicing AV Solutions,Network & Diagnostics,What does 'Delay Skew' mean in 4-pair Ethernet category cabling?,The time it takes to plug in the cable,The difference in propagation arrival time between the fastest and slowest wire pair among the four twisted pairs inside the cable,A delay added by the audio DSP,A network switch buffering delay,B,"Because the four pairs have different twist rates to reduce internal crosstalk, signals travel slightly different physical lengths. Delay skew must not exceed 50 ns for Gigabit Ethernet."
889,D,Domain D: Servicing AV Solutions,Network & Diagnostics,What instrument is used to measure the optical power loss (attenuation in dB) across an installed fiber optic cable link?,Optical Time Domain Reflectometer (OTDR) or Optical Loss Test Set (OLTS - Light Source and Optical Power Meter),Digital Multimeter set to DC Volts,RF field strength meter,Sound level meter,A,An Optical Loss Test Set (light source + power meter) or OTDR measures optical insertion loss in decibels (dB) across fiber links to verify compliance with link budgets.
890,D,Domain D: Servicing AV Solutions,Network & Diagnostics,Why must fiber optic connector endfaces be inspected with a fiber microscope and cleaned before mating?,To make the glass look shiny,"Microscopic dust particles (1-5 microns) on the core block light transmission, cause high optical return loss, and can permanently scratch delicate ceramic ferrules under mating pressure",Dust causes an electrical shock hazard,Dirty fiber connectors emit radio frequency interference,B,"At 9 µm (single-mode) or 50 µm (multimode), a microscopic dust speck completely blocks the light core and permanently pits optical glass under connector spring pressure."
891,D,Domain D: Servicing AV Solutions,Network & Diagnostics,What is a 'Visual Fault Locator' (VFL) in fiber optic diagnostics?,A pair of magnifying reading glasses,"A visible red laser pen (typically 650 nm) coupled into a fiber connector that leaks bright red light at severe bends, breaks, or defective splices, pinpointing faults visually",A flashlight used to find cables in dark ceilings,A software tool that checks video resolutions,B,"A VFL injects high-powered visible red laser light; internal glass breaks or tight bend kinks glow bright red through buffer jackets, revealing physical faults instantly."
892,D,Domain D: Servicing AV Solutions,Network & Diagnostics,What multimeter setting is used to test whether an equipment grounding conductor has a low-resistance path to the building ground bus?,AC Voltage (750V),Low Resistance / Continuity (Ohms - $\Omega$),DC Current (10A),Capacitance (Farads),B,"Resistance mode (low Ohms) verifies that ground conductors have a continuous, low-resistance connection (< 1 ohm) to ground references."
893,D,Domain D: Servicing AV Solutions,Network & Diagnostics,"When measuring an energized AC receptacle with a digital multimeter, what is the nominal voltage between Hot and Neutral in North America?",0 Volts,120 Volts AC (nominal 110V to 125V AC),208 Volts AC,277 Volts AC,B,Standard single-phase commercial wall power in North America is 120V AC nominal at 60 Hz.
894,D,Domain D: Servicing AV Solutions,Network & Diagnostics,What voltage should a technician measure between Neutral and Ground on an AC electrical outlet feeding sensitive AV gear under normal load?,120 Volts AC,Less than 2 Volts AC (ideally less than 0.5V AC),48 Volts DC,350 Volts AC,B,"Neutral and Ground are bonded at the electrical panel; a potential exceeding 2V AC indicates excessive neutral conductor current, loose neutral lugs, or shared neutral circuits."
895,D,Domain D: Servicing AV Solutions,Network & Diagnostics,What hazard is present if an electrical outlet tester indicates 'Hot and Ground Reversed'?,Equipment will run 50% faster,"The metallic chassis of connected equipment could be energized at 120V AC if internally bonded, creating a severe and potentially lethal electrocution hazard",The display will display inverted colors,Audio signals will have reverse phase,B,"Reverse polarity energizes the neutral/ground path, electrifying equipment frames to line voltage with lethal shock risk."
896,D,Domain D: Servicing AV Solutions,Network & Diagnostics,What symptom occurs on an AV network when an unmanaged network switch or rogue patch cable creates an Ethernet physical loop without Spanning Tree Protocol (STP)?,Audio plays backwards,"A Broadcast Storm that floods the network with circulating broadcast frames, consuming 100% of bandwidth and causing all network endpoints and switch CPUs to freeze/crash",The switch automatically doubles its data rate,All PoE devices receive 120V power,B,"Loops cause broadcast packets to circulate infinitely, multiplying exponentially into a broadcast storm that saturates switch backplanes within seconds."
897,D,Domain D: Servicing AV Solutions,Network & Diagnostics,How can an AV technician diagnose a network broadcast storm or excessive multicast flooding in real time?,By listening to the equipment fans,"By observing that all switch port activity LEDs are flashing simultaneously in frantic unison, and using a packet sniffer (e.g. Wireshark) to capture high-rate broadcast/multicast packets",By measuring the physical temperature of the patch cables,By unplugging the display monitor,B,Synchronized solid blinking of all port LEDs indicates broadcast saturation; Wireshark packet capture reveals repeating MAC broadcasts or flooded multicast addresses.
898,D,Domain D: Servicing AV Solutions,Network & Diagnostics,What tool is commonly referred to as a 'Fox and Hound' in field cabling diagnostics?,A laser measuring tape,An Analog Tone Generator (Fox) and Inductive Amplifier Probe (Hound) used to trace and identify specific unpowered wire pairs in a crowded bundle without stripping insulation,A pipe cutter and hammer,A fiber optic fusion splicer,B,"The toner (Fox) injects an RF audio warble onto the wire; the inductive wand (Hound) picks up the radiated tone through cable jackets, allowing fast wire identification."
899,D,Domain D: Servicing AV Solutions,Network & Diagnostics,What safety precaution must be observed when using an inductive tone generator?,Never use it in a carpeted room,"Never connect an analog tone generator to energized AC power circuits or active PoE-powered data lines, which will destroy the toner's circuitry",Always wear earplugs,Only use it when room lights are turned off,B,Tone generators are designed strictly for de-energized wiring; injecting live AC line power or high PoE current will blow internal sensing electronics.
900,D,Domain D: Servicing AV Solutions,Network & Diagnostics,What is the recommended recovery procedure when an AV control processor or video matrix switcher freezes during a firmware update and becomes unresponsive ('bricked')?,Discard the unit in the dumpster immediately,"Follow the manufacturer's emergency hardware bootloader / recovery procedure (e.g. holding physical reset buttons during power-up, TFTP recovery, or console serial re-flashing)",Solder a new resistor onto the motherboard,Hit the top of the chassis with a rubber mallet,B,Most commercial gear features a low-level hardware bootloader mode allowing technicians to re-flash corrupted flash memory via TFTP or serial console.
901,D,Domain D: Servicing AV Solutions,Troubleshooting Methodology,A client calls the help desk reporting that 'the main presentation display in Boardroom A is completely broken.' What is the AV technician's FIRST operational step upon arriving on site?,Immediately swap out the video matrix switcher in the equipment rack.,"Gather symptoms from the user, observe the exact failure mode, and clearly define the problem.",Submit an emergency purchase order for a new commercial display.,Factory-reset the room automation controller.,B,"Step 1 of the AVIXA systematic troubleshooting methodology is defining the problem: collecting symptom details from users, observing the equipment, and documenting exactly what is failing versus working normally."
902,D,Domain D: Servicing AV Solutions,Troubleshooting Methodology,"After gathering symptom reports from room users, what is the mandatory second step before dismantling hardware or changing system settings?",Invoice the client for diagnostic labor.,Recreate and verify the reported problem under operating conditions identical to those experienced by the user.,Pull new Category 6A cables through the ceiling conduit.,Replace all HDMI patch cables with known-good cables.,B,"Verifying and recreating the problem under real operating conditions confirms the reported defect, eliminates user operational error, and establishes an objective baseline for troubleshooting."
903,D,Domain D: Servicing AV Solutions,Troubleshooting Methodology,A technician is troubleshooting a complex audio-video signal path consisting of eight active components between a source laptop and a video wall. What troubleshooting technique eliminates 50% of the possible failure points with a single test?,Linear trial-and-error starting from the source.,"The Half-Split (Divide-and-Conquer) method, testing the signal at the midpoint of the signal path.",Replacing all eight components simultaneously.,Power-cycling the entire building electrical panel.,B,"The Half-Split method tests the signal at the approximate midpoint. If the signal is good at the midpoint, the fault is downstream; if absent or corrupted, the fault is upstream. This halves the search space with every test."
904,D,Domain D: Servicing AV Solutions,Troubleshooting Methodology,"When applying the 'Substitute Known-Good Component' technique to isolate a suspected faulty video transmitter, what crucial rule must the technician follow?","Change multiple cables, power supplies, and settings simultaneously to save time.","Change only ONE single component or variable at a time, and verify results after each change.",Always use components with lower voltage ratings than the original.,Never power down equipment before swapping sensitive video transmitters.,B,"Changing only one variable at a time ensures that if the system behavior changes, the technician can definitively identify which component caused the failure."
905,D,Domain D: Servicing AV Solutions,Troubleshooting Methodology,"During a high-stakes executive conference, an AV technician discovers that audio is cutting out intermittently. When formulating a troubleshooting theory of probable cause, which source of guidance should the technician prioritize?",The most expensive and complex theoretical failure scenario.,"The simplest, most common, and easiest-to-test potential causes (e.g. loose connectors, depleted batteries, unmuted software) before complex hardware failure.",Redesigning the entire acoustic room geometry.,Filing a warranty claim with the manufacturer.,B,"Occam's razor applies in technical troubleshooting: begin by testing the simplest, most probable, and non-invasive causes before escalating to complex component replacements."
906,D,Domain D: Servicing AV Solutions,Troubleshooting Methodology,"A technician replaces a defective HDMI distribution amplifier in an auditorium rack, and the video returns to the projector. According to AVIXA guidelines, what must the technician do BEFORE packing up tools and leaving?",Immediately email an invoice to the client.,"Test and verify complete end-to-end system functionality, including all input sources, audio levels, control functions, and auxiliary displays.",Reset the building fire alarm system.,Turn off all rack power breakers.,B,Resolving the primary symptom does not complete the service call; the technician must verify that the entire system functions as intended and that the repair did not introduce secondary issues.
907,D,Domain D: Servicing AV Solutions,Troubleshooting Methodology,"What is the final, essential step of the AVIXA systematic troubleshooting process after resolving a technical failure and verifying system operation?",Throw away the defective component immediately.,"Document the root cause, corrective actions taken, and preventive recommendations in a service ticket or maintenance log.",Charge the client a rush fee.,Post the client's internal system configuration on social media.,B,"Proper service documentation provides historical tracking, enables knowledge sharing among support technicians, informs warranty processing, and prevents recurring failures."
908,D,Domain D: Servicing AV Solutions,Troubleshooting Methodology,An AV technician arrives at a client site where the video conference system will not connect to external calls. The client insists the AV codec is broken. The technician discovers the building Internet connection is down. How should the technician handle this trade demarcation?,Disassemble the client's core IT router and attempt reprogramming it.,"Professionally demonstrate that the AV codec functions on the local network, clearly explain that external connectivity depends on the enterprise ISP gateway, and notify the designated IT contact.",Leave the site immediately without explaining anything to the client.,Sell the client an expensive analog audio mixer.,B,"Trade demarcation requires identifying the technical boundary of the AV system versus IT infrastructure, communicating findings clearly and professionally, and escalating to the responsible party."
909,D,Domain D: Servicing AV Solutions,Troubleshooting Methodology,"In a multi-input conference room, the user reports: 'Video works from the tabletop HDMI cable, but when we plug into the wall-plate USB-C transmitter, the display says No Signal.' What does this symptom indicate regarding the signal chain?",The main presentation display has a defective power supply.,"The display, downstream matrix switcher, and room video cabling are functional; the fault is isolated to the wall-plate USB-C transmitter, its patch cable, or its upstream port connection.",The building lighting system is generating RF interference.,The ceiling microphone array has lost network clock synchronization.,B,"Because one input successfully passes video to the display, the shared downstream signal path (switcher, long-distance extenders, display) is proven operational, isolating the problem to the specific failed input branch."
910,D,Domain D: Servicing AV Solutions,Troubleshooting Methodology,"What is 'Root Cause Analysis' (RCA) in commercial AV service, and why is resolving symptoms alone insufficient?",RCA is a method of calculating labor rates.,"RCA identifies the fundamental underlying failure mechanism (e.g. chronic overheating due to clogged filters) so corrective action prevents identical repeat failures, rather than just repeatedly replacing damaged parts.",RCA is a tool used solely by electrical power utilities.,RCA refers to measuring room reverberation with a sound level meter.,B,Treating only the symptom (e.g. replacing a blown amplifier) without addressing the root cause (e.g. poor rack ventilation or a 2-ohm short circuit) guarantees premature failure of the replacement hardware.
911,D,Domain D: Servicing AV Solutions,Troubleshooting Methodology,"A technician notices that a ceiling projector intermittently shuts down after running for 45 minutes, displaying an amber warning LED. The client has replaced the projection lamp twice in three months. What is the MOST probable root cause?",The projector resolution is set too high.,"The projector air intake filter is heavily clogged with dust or the exhaust airflow is obstructed, triggering an internal thermal safety shutdown.",The HDMI cable is picking up 60 Hz electrical hum.,The RS-232 baud rate is set incorrectly.,B,Repeated lamp burnouts and shutdowns after 45 minutes of operation are classic symptoms of thermal overheating caused by choked air filters or blocked ventilation ports.
912,D,Domain D: Servicing AV Solutions,Troubleshooting Methodology,"When testing intermittent signal dropouts in an in-wall HDMI cable run, what non-destructive physical diagnostic test can help locate loose crimps, fractured pins, or cold solder joints?",Cutting the cable in half with wire cutters.,A gentle mechanical 'wiggle test' of the connector strain reliefs while actively observing the video signal or continuity monitor.,Applying 120V AC directly to the shield.,Submerging the connector in water.,B,"The mechanical wiggle test applies light flexing to connector ends and strain reliefs while monitoring for signal dropouts, quickly revealing loose mechanical contacts, cracked solder joints, or broken conductor strands."
913,D,Domain D: Servicing AV Solutions,Troubleshooting Methodology,"During emergency troubleshooting of an active courtroom audio system, what is the safest procedure to avoid causing deafening acoustic bursts or speaker voice coil damage when tracing cables?",Turn all amplifier master volume knobs to maximum.,"Mute or attenuate amplifier outputs and DSP channel gains before plugging, unplugging, or patch-switching audio inputs.",Disconnect the safety grounding wire from the equipment rack.,Tap the microphone capsules vigorously with a heavy screwdriver.,B,Hot-plugging active analog audio lines without muting creates violent transient voltage spikes (thumps and pops) that can destroy high-frequency loudspeaker compression drivers and harm listener hearing.
914,D,Domain D: Servicing AV Solutions,Troubleshooting Methodology,"A service technician is dispatched to an unfamiliar client site with no system documentation, drawings, or cable labels. What is the technician's FIRST step to establish an effective troubleshooting framework?",Begin cutting cables to see which devices turn off.,"Perform physical reconnaissance to map the basic signal flow, create a quick one-line sketch from sources to destinations, and locate major active components.",Demand that the client purchase an entirely new AV system.,Refuse to work until the original engineering consultant arrives.,B,"In the absence of as-built drawings, sketching a functional one-line diagram based on visual inspection clarifies signal pathways and establishes logical test points for isolation."
915,D,Domain D: Servicing AV Solutions,Troubleshooting Methodology,What is the primary risk of updating firmware on all AV devices during an emergency break-fix service call 30 minutes before an executive meeting?,Firmware updates consume all building electrical power.,"Firmware updates introduce unknown variables, may fail mid-install, or may change API command structures, risking total system incapacitation right before a critical deadline.",Firmware updates invalidate UL electrical certification.,Display brightness will permanently degrade.,B,"Firmware updates carry inherent risks (bricking, configuration wipeouts, control API breaking changes). AVIXA best practice dictates applying firmware updates in scheduled maintenance windows, never right before critical events."
916,D,Domain D: Servicing AV Solutions,Troubleshooting Methodology,"When a technician isolates an audio buzzing issue to a client-provided consumer laptop plugged into an analog 3.5mm input, what is the best non-invasive solution to resolve the issue?",Remove the 3-prong grounding pin from the laptop power supply.,"Insert an audio isolation transformer (hum eliminator) into the 3.5mm audio path, or switch the connection to digital HDMI / USB audio.",Install an unshielded power strip.,Tell the client that laptops cannot be used for presentations.,B,Inserting an audio isolation transformer galvanically breaks the ground loop between the laptop power brick and the AV system ground without violating electrical safety codes.
917,D,Domain D: Servicing AV Solutions,Troubleshooting Methodology,"A touch panel reports 'Control System Offline.' The technician observes that the control processor in the rack has power, but its network activity LED is completely dark. What is the first logical test point?",Replace the touch panel screen glass.,"Inspect the Ethernet patch cable, verify connection to the network switch port, check PoE/link lights on the switch, and test cable continuity.",Reprogram the graphical user interface.,Change the building HVAC filter.,B,"A dark network activity LED points directly to physical Layer 1 connectivity failure: disconnected patch cord, bad RJ45 termination, unpowered switch port, or bad switch hardware."
918,D,Domain D: Servicing AV Solutions,Troubleshooting Methodology,"In an installed sound system, the left channel loudspeaker cluster is silent while the right channel works normally. The technician swaps the left and right audio input cables at the back of the stereo power amplifier. Now the right speaker is silent and the left speaker plays sound. Where is the fault?",In the left loudspeaker cluster or its speaker wire.,"In the upstream source or signal processor delivering the left audio signal, prior to the amplifier input.",In the power amplifier's internal left amplification channel.,In the room's electrical panel circuit breaker.,B,"Because the problem moved to the right speaker when the inputs were swapped, the amplifier and speakers are proven fully functional on both sides; the failure originated upstream of the amplifier inputs."
919,D,Domain D: Servicing AV Solutions,Troubleshooting Methodology,"If the technician in the previous question swapped the amplifier inputs and the left speaker REMAINED silent while the right speaker continued to play, where would the fault be located?",In the upstream mixing console.,"In the power amplifier's left channel, the left speaker wiring, or the left loudspeaker itself.",In the client's laptop presentation software.,In the building master clock generator.,B,"When swapping inputs leaves the defect on the same physical output channel, the fault is isolated to that specific downstream output path (amplifier channel, speaker cabling, or speaker)."
920,D,Domain D: Servicing AV Solutions,Troubleshooting Methodology,What is the significance of the 'Golden Rule of Troubleshooting': Never make an assumption without verifying it?,It increases the hourly billable rate for the integrator.,"Unverified assumptions lead to false conclusions, wasted hours replacing functional hardware, and missed underlying causes.",It requires technicians to carry certified gold calibration weights.,It prohibits technicians from using digital test meters.,B,"Assuming a cable is good, that a port has power, or that a user pressed a button without measuring or observing it directly is the most frequent cause of prolonged, unsuccessful troubleshooting."
921,D,Domain D: Servicing AV Solutions,Troubleshooting Methodology,"A technician is servicing an AV system that worked perfectly yesterday, but today has no video output. What is the most critical question to ask local staff during symptom gathering?",What color is the presentation laptop?,"What changed in the room, equipment, or building between yesterday when it worked and today when it failed?",How many people attended yesterday's meeting?,Who designed the building architecture?,B,"Asking 'What changed?' (cleaning crews unplugging cables, IT pushing network updates, software upgrades, cable re-routing) quickly reveals the triggering event of sudden failures."
922,D,Domain D: Servicing AV Solutions,Troubleshooting Methodology,"When creating an escalation ticket for a Tier 3 manufacturer support engineer, what information is essential to ensure rapid resolution?",A generic note stating 'system is broken.',"Exact model numbers, current firmware versions, serial numbers, detailed symptom descriptions, network topology diagrams, and an itemized log of all tests already conducted.",The hourly parking rates at the job site.,The personal email addresses of all company executives.,B,"Comprehensive escalation documentation enables Tier 3 engineering specialists to bypass basic triage, analyze exact software/hardware state, and pinpoint deep code or firmware bugs."
923,D,Domain D: Servicing AV Solutions,Troubleshooting Methodology,A corporate boardroom display intermittently loses sync and flickers when anyone turns on the motorized conference room window shades. What does this indicate?,The display's contrast ratio is set too low.,Electromagnetic interference (EMI) or power line voltage sag generated by the inductive motor is coupling into unshielded video cables or a shared electrical branch circuit.,The window shades are blocking Wi-Fi signals.,The video wall controller is running low on RAM.,B,"Inductive motor loads generate electrical transients and magnetic fields. Inadequate shielding, close cable proximity, or sharing branch circuits with motorized shades couples noise into video lines, dropping sync."
924,D,Domain D: Servicing AV Solutions,Troubleshooting Methodology,"What is an intermittent fault, and why is it generally the most challenging type of problem to diagnose in commercial AV systems?",A fault that occurs only when the system is powered off.,"A fault that appears and disappears unpredictably due to environmental triggers (temperature, cable movement, network traffic spikes, electrical line transients), making it difficult to recreate on demand.",A fault that is mandated by building codes.,A permanent total failure of a semiconductor chip.,B,Intermittent faults are notoriously difficult because technicians cannot observe or measure symptoms if the defect vanishes during testing. Recreating the triggering condition is the key to isolation.
925,D,Domain D: Servicing AV Solutions,Troubleshooting Methodology,"After completing an emergency repair, what document should the technician obtain before departing the job site?",The client's company master credit card.,A signed work order or acceptance sign-off from the authorized client representative acknowledging that the system was demonstrated in working condition.,The original architectural blueprints.,A written promise that the system will never be used for video gaming.,B,"A signed customer acceptance form formally verifies that the technician demonstrated working functionality, preventing disputes over whether the repair was completed."
926,D,Domain D: Servicing AV Solutions,Audio Troubleshooting,"A severe, continuous low-pitched 60 Hz hum is heard through the room loudspeakers whenever a motorized podium is connected to the rack amplifier. What is the fundamental physical cause of this hum?",A blown loudspeaker tweeter voice coil.,"A ground loop, caused by multiple physical earth ground connections at different electrical potentials creating stray AC current flow through audio cable shields.",A bad microphone polar pattern.,High network latency in Dante clock synchronization.,B,"A 60 Hz hum is the fundamental frequency of commercial AC line power in North America. When equipment is plugged into separate branch circuits with differing ground potentials, ground current flows along cable shields, inducing audible 60 Hz hum."
927,D,Domain D: Servicing AV Solutions,Audio Troubleshooting,What is the difference in acoustic timbre and root cause between a 60 Hz 'hum' and a 120 Hz 'buzz' in installed audio systems?,Hum is caused by digital clipping; buzz is caused by low acoustic reverberation.,"Hum is a smooth 60 Hz sine wave from fundamental AC ground differentials; buzz is a harsh 120 Hz tone with rich harmonics, typically caused by rectified DC power supplies, fluorescent lighting ballasts, or SCR light dimmers.",Hum only happens in Europe; buzz only happens in the US.,Hum indicates a broken cable; buzz indicates a broken loudspeaker cone.,B,"60 Hz hum is fundamental AC leakage. 120 Hz buzz (full-wave rectified AC) contains sharp harmonic spikes (120, 240, 360 Hz) produced by SCR phase-cut lighting dimmers, neon ballasts, or cheap switch-mode power supplies coupling into audio lines."
928,D,Domain D: Servicing AV Solutions,Audio Troubleshooting,A novice installer suggests cutting off the 3-prong safety grounding pin on an audio amplifier's power cord to eliminate a persistent ground loop hum. How should a lead CTS technician respond?,Approve the idea because it is fast and effective.,Strictly forbid it: cutting the safety ground creates a severe life-safety electrocution hazard and violates National Electrical Code (NEC); ground loops must be resolved with isolation transformers or proper shielding practices.,Allow it only if the amplifier is mounted in a wooden rack.,Wrap the cut cord in aluminum foil to restore ground.,B,"Cheater plugs or cutting ground pins removes the path for fault currents, making the metal chassis live at 120V if an internal component shorts. This is a severe life-safety and fire code violation. Use 1:1 isolation transformers instead."
929,D,Domain D: Servicing AV Solutions,Audio Troubleshooting,"What is the 'Pin 1 Problem' in balanced audio equipment, as defined by the Audio Engineering Society (AES48 standard)?",Connecting the positive signal wire to Pin 1 instead of Pin 2.,"An equipment design flaw where the XLR cable shield (Pin 1) is connected to the sensitive internal audio circuit board ground rather than directly to the metal chassis enclosure, injecting shield noise directly into the audio amplifier stage.",Using 5-pin XLR connectors instead of 3-pin XLR.,Omitting phantom power on Pin 1.,B,"AES48 specifies that cable shields (Pin 1) must bond directly to the conductive equipment chassis at the connector entry point. If Pin 1 ties to internal audio signal ground, stray RF and ground current enters the signal path, creating hum and buzz."
930,D,Domain D: Servicing AV Solutions,Audio Troubleshooting,An audio system experiences intense acoustic feedback squeals whenever the presenter walks toward the center of the stage. What is the fundamental physical cause of acoustic feedback?,The presenter is wearing synthetic fabric clothing.,Loop gain equals or exceeds unity ($1.0$ or $0\text{ dB}$): sound from the loudspeakers reaches the microphone at a level equal to or greater than the original acoustic sound source in phase.,The digital signal processor has ran out of IP addresses.,The speaker cables are wired in parallel instead of series.,B,Acoustic feedback occurs when sound from the loudspeaker enters the microphone and is re-amplified in a regenerative loop. Feedback initiates when loop gain reaches $0\text{ dB}$ at any frequency where phase matches.
931,D,Domain D: Servicing AV Solutions,Audio Troubleshooting,"In an installed conference room, which operational adjustment is the MOST effective method to increase Gain-Before-Feedback (GBF) without adding electronic feedback suppressors?",Instruct the talker to speak further away from the microphone.,"Decrease the distance between talker and microphone ($D_s$), and increase the distance between loudspeaker and microphone ($D_1$).",Turn up the master room equalizer at 4 kHz.,Point the directional loudspeaker directly at the podium.,B,"According to Potential Acoustic Gain (PAG) formulas, halving the distance from talker to mic ($D_s$) yields a $+6\text{ dB}$ acoustic gain boost, while maximizing distance from speaker to mic ($D_1$) minimizes feedback coupling."
932,D,Domain D: Servicing AV Solutions,Audio Troubleshooting,"During a conference call, the in-room audio sounds hollow, thin, and has a weird 'tunnel' character whenever two people speak from adjacent table microphones. What acoustic phenomenon is occurring?",Total harmonic distortion.,"Comb filtering, caused by phase cancellation when the same acoustic sound wave reaches two microphones at slightly different arrival times and is summed together in the DSP.",Thermal noise floor buildup.,High-frequency audio compression.,B,"Comb filtering occurs when identical signals combine with small time delays, causing alternating constructive and destructive interference (notches) across the frequency spectrum. Following the 3:1 rule prevents audible comb filtering."
933,D,Domain D: Servicing AV Solutions,Audio Troubleshooting,"What is the '3:1 Rule' of microphone placement, and how does it prevent comb filtering in multi-microphone installations?",Connect no more than 3 microphones to 1 amplifier.,The distance between any two active microphones should be at least three times the distance from each microphone to its intended talker.,Use 3 cardioid mics for every 1 omnidirectional mic.,Position microphones 3 feet above the floor and 1 foot from the wall.,B,"The 3:1 rule ensures that sound from a talker reaching an adjacent secondary mic is attenuated by at least $9.5\text{ dB}$ relative to the primary mic, making acoustic phase cancellation virtually imperceptible."
934,D,Domain D: Servicing AV Solutions,Audio Troubleshooting,An audio technician notes that the audio in an executive conference room sounds completely distorted and harsh even at very low room volume. The DSP input meter shows red clipping LEDs continuously. What is the root problem?,The power amplifier wattage rating is too low.,"Gain staging error: a line-level output ($+4\text{ dBu}$) is connected to a mic-level input (configured for $-50\text{ dBu}$), severely overdriving the preamplifier input stage.",The ceiling speaker transformer tap is set to 70V.,The microphone polar pattern is supercardioid.,B,"Connecting a $+4\text{ dBu}$ line-level source into a mic-level preamplifier introduces ~50 dB of excessive voltage gain, slamming the pre-amp into severe flat-topped clipping distortion regardless of downstream volume."
935,D,Domain D: Servicing AV Solutions,Audio Troubleshooting,A technician connects a consumer media player with RCA outputs (nominal $-10\text{ dBV}$) into a professional DSP balanced line input (nominal $+4\text{ dBu}$). What symptom will occur if gain staging is not adjusted?,The DSP input will instantly explode.,"The audio signal will be very weak, requiring excessive downstream gain that raises the audible background hiss/noise floor by approximately $12\text{ dB}$.",The audio will be pitch-shifted up by one octave.,The video monitor will lose HDMI handshake.,B,"The difference between $-10\text{ dBV}$ ($0.316\text{ V}$) and $+4\text{ dBu}$ ($1.228\text{ V}$) is $11.79\text{ dB}$. Feeding consumer audio into pro gear results in anemic signal levels, forcing technicians to crank downstream gains and expose system noise."
936,D,Domain D: Servicing AV Solutions,Audio Troubleshooting,"When commissioning a stereo sound reinforcement system in an auditorium, listeners sitting in the exact physical center of the room report that speech lacks bass and sounds thin, while listeners sitting far to the left or right hear full bass. What is the cause?",The room's air conditioning has lowered air density.,"One loudspeaker is wired with reversed electrical polarity (out of phase), causing low-frequency acoustic phase cancellation along the room center line.",The audio mixer has a defective headphone jack.,The amplifier is operating in bridge-mono mode.,B,"When two speakers reproduce low frequencies with reversed polarity, their acoustic wavefronts are 180 degrees out of phase. At the equidistant center line, positive and negative pressure waves collide and cancel low frequencies."
937,D,Domain D: Servicing AV Solutions,Audio Troubleshooting,How can a technician quickly verify whether two loudspeaker channels are wired in correct electrical polarity using a basic battery test?,Connect a 9V battery across the speaker cable and observe cone motion: both speaker cones should move in the same direction (outward when positive terminal connects to positive lead).,Connect 120V AC power to the terminals.,Check if the battery gets warm in 10 minutes.,Measure the battery weight with a digital scale.,A,The 9V battery 'pop' test applies a DC bias to the voice coil. Observing that both loudspeaker cones deflect outward simultaneously when positive battery voltage is applied verifies identical acoustic polarity.
938,D,Domain D: Servicing AV Solutions,Audio Troubleshooting,"A condenser podium microphone produces no audio signal at all, while a dynamic handheld microphone plugged into the exact same XLR floor jack works perfectly. What is the FIRST setting the technician should verify?",The room lighting dimmer settings.,Phantom Power ($+48\text{V DC}$) must be enabled on that specific DSP or mixer input channel.,The DSP IP address subnet mask.,The audio amplifier impedance switch.,B,Condenser microphones require DC power to polarize their capacitive capsule plates and power their internal impedance-matching preamplifier. Dynamic mics do not require phantom power and will function without it.
939,D,Domain D: Servicing AV Solutions,Audio Troubleshooting,A multi-channel wireless microphone receiver experiences intermittent audio dropouts and loud static bursts when presenters walk onto the stage. The RF signal meters dip sharply. What is the most probable cause?,The audio cables are too thick.,"RF signal loss due to antenna multipath cancellation (nulls), poor antenna placement (hidden in metal equipment racks), or operating on active TV broadcast frequencies without frequency coordination.",The microphone capsules have lost acoustic compliance.,The ceiling speakers are overloaded.,B,"Wireless dropouts occur when antennas are hidden inside metal racks, when line-of-sight is blocked, when multipath reflections cause phase cancellation nulls, or when local DTV channels interfere. Remote directional antennas and clean frequency coordination resolve this."
940,D,Domain D: Servicing AV Solutions,Audio Troubleshooting,"In wireless microphone systems, what is 'Intermodulation Distortion' (IMD), and when does it cause catastrophic failures?",Distortion caused by shouting into a microphone.,"Non-linear mixing of multiple transmitter frequencies in preamplifiers that generates phantom interference frequencies ($2f_1 - f_2$, $f_1 + f_2 - f_3$), which interfere with other wireless receivers when multiple channels operate simultaneously.",Battery corrosion on transmitter contacts.,Audio clipping in the DSP output stage.,B,"When multiple wireless transmitters operate nearby, their RF carrier waves mix non-linearly, generating spurious intermodulation products. Without dedicated intermod-free frequency coordination software, these phantom signals cause dropouts and static."
941,D,Domain D: Servicing AV Solutions,Audio Troubleshooting,"What is the function of the 'Squelch' control on a wireless microphone receiver, and what happens if it is adjusted improperly?",It sets the maximum audio output volume.,"It mutes the audio receiver output when the incoming RF carrier signal drops below a set threshold; setting it too high causes premature audio dropouts, while setting it too low lets loud bursts of static hiss burst through when the transmitter is off.",It changes the frequency from UHF to VHF.,It recharges the wireless transmitter battery.,B,"Squelch acts as an RF noise gate. If RF signal strength drops below the squelch threshold, audio is muted to silence static white noise. Setting squelch too high cuts off speech unnecessarily; setting it too low unleashes loud white noise."
942,D,Domain D: Servicing AV Solutions,Audio Troubleshooting,"During a hybrid video conference call, the far-end participants report hearing an annoying echo of their own voices half a second after they speak. What DSP component is malfunctioning or misconfigured?",The dynamic range compressor on the podium mic.,"Acoustic Echo Cancellation (AEC): the AEC reference signal is missing, improperly routed, or room speakers are coupling into microphones faster than the AEC convergence algorithm can subtract.",The high-pass rumble filter.,The graphic equalizer on the room program audio.,B,"Echo heard by the far-end occurs when their voice plays out of the near-end room speakers and is picked up by near-end mics. If the near-end DSP's AEC does not receive the far-end audio as an AEC Reference, it cannot cancel the acoustic reflection."
943,D,Domain D: Servicing AV Solutions,Audio Troubleshooting,What occurs if the AEC Reference in a conference DSP is accidentally routed from the local room microphones instead of the far-end receive signal?,The microphone volume doubles in the room.,"The AEC algorithm attempts to cancel the local presenter's own speech, causing violent audio gating, unnatural ducking, and chopped-up local speech for far-end listeners.",The network switch reboots automatically.,The display changes aspect ratio to 4:3.,B,"The AEC reference MUST be the audio being delivered to the room loudspeakers (far-end + program). Routing room mics into the AEC reference fools the algorithm into treating local talkers as echo, severely destroying speech intelligibility."
944,D,Domain D: Servicing AV Solutions,Audio Troubleshooting,A 70V distributed ceiling loudspeaker line in a commercial cafeteria produces no sound. Measuring across the speaker line with a multimeter reveals $0.2\text{ ohms}$ DC resistance. What does this measurement indicate?,The speaker line is perfectly normal.,"A dead short circuit across the speaker line (e.g. pinched wire or pierced conduit screw), which has forced the 70V amplifier into protective thermal/overcurrent shutdown.",The amplifier is unplugged from the wall.,The ceiling speakers are tapped too high.,B,"70V distributed lines should measure tens to hundreds of ohms of impedance depending on transformer taps. A DC resistance of $0.2\text{ }\Omega$ represents a dead short across conductors, tripping the amplifier's internal protective foldback circuitry."
945,D,Domain D: Servicing AV Solutions,Audio Troubleshooting,A technician is using an impedance meter to test a 70V distributed speaker line. Which device must be DISCONNECTED before taking the impedance reading?,All ceiling loudspeakers.,The power amplifier output terminals.,The room volume attenuator.,The microphone mixer.,B,"Impedance meters send an active AC test tone into the speaker line. Leaving the power amplifier connected loads the meter with the amplifier's internal output circuitry, damaging the meter or giving completely false readings."
946,D,Domain D: Servicing AV Solutions,Audio Troubleshooting,"In an installed sound system, an audio channel has an audible high-frequency hiss (white noise) that persists even when all microphone faders are pulled down to infinity. What is the most likely cause?",A bad microphone diaphragm.,"Improper gain staging upstream: an intermediate device's output is turned down extremely low while the power amplifier input attenuators are cranked to maximum, amplifying system input noise floor.",The room has too many acoustic wall panels.,The AC line frequency has drifted from 60 Hz to 65 Hz.,B,Cranking amplifier sensitivity knobs to maximum amplifies the pre-amp and thermal circuit noise of upstream gear. Optimal gain staging keeps upstream devices near nominal ($0\text{ VU} / +4\text{ dBu}$) and sets amplifier attenuators only as loud as required.
947,D,Domain D: Servicing AV Solutions,Audio Troubleshooting,"A presenter speaks into a gooseneck condenser microphone. Whenever they tap the podium or type on a laptop, loud, low-frequency 'thumping' noises boom through the room subwoofers. What is the corrective action?",Replace the microphone cable with an unshielded cable.,"Engage a High-Pass Filter (Low-Cut filter set to 80-100 Hz) on the DSP channel, and verify that the microphone is mounted in an elastic shock-mount isolation base.",Turn off the subwoofers permanently.,Increase the DSP input gain by 20 dB.,B,"Mechanical vibrations travel through podium woodwork into microphone bodies. A mechanical shock-mount mechanically isolates the capsule, and an 80-100 Hz high-pass filter eliminates sub-audible structural rumble without affecting vocal clarity."
948,D,Domain D: Servicing AV Solutions,Audio Troubleshooting,"When setting the Threshold and Ratio on an audio compressor for an excitable corporate presenter, the audio begins to audibly 'pump' or 'breathe' (unnatural volume swelling). How should the compressor settings be adjusted?",Increase the compression ratio to 20:1.,Slow down the Release time and/or raise the Threshold so the compressor transitions more smoothly between loud passages and normal speech.,Turn off phantom power.,Lower the room temperature.,B,"Pumping/breathing occurs when a fast release time abruptly restores gain as soon as speech pauses, sucking up room background noise. Lengthening the release time and moderating threshold/ratio creates natural dynamic smoothing."
949,D,Domain D: Servicing AV Solutions,Audio Troubleshooting,"A technician notices that an audio recording from an active meeting has significant acoustic reverberation, making words hard to distinguish. Which post-processing tool can help clean up the recording, and what is its limitation?",A graphic equalizer boosting 100 Hz.,"A de-reverberation DSP algorithm; however, software cannot recreate lost speech consonants smeared by room reflections, so physical acoustic treatment remains necessary for live rooms.",Increasing the recording file bit depth.,Inverting the stereo balance.,B,"De-reverberation algorithms use spectral subtraction to attenuate room decay tails, but heavy processing introduces watery artifacts and cannot fully restore speech intelligibility lost to bad room acoustics."
950,D,Domain D: Servicing AV Solutions,Audio Troubleshooting,"An assistive listening FM transmitter has very low audio output, and hearing-impaired users report excessive static hiss in their personal beltpacks. What should the technician check on the transmitter input?","Ensure the audio feed from the DSP is tapped post-fader with a dedicated compressor/limiter, and that the transmitter input sensitivity matches the DSP nominal output level.",Replace all FM antennas with copper plumbing pipes.,Set the FM transmitter to broadcast on commercial FM radio frequencies (101.1 MHz).,Mute all room microphones.,A,"Assistive listening transmitters require a strong, consistent audio feed optimized for speech dynamics. If the feed is low in level, users crank beltpack gain, bringing up FM transmission hiss. Proper AGC/limiting and input matching are required."
951,D,Domain D: Servicing AV Solutions,Video Troubleshooting,"A 4K commercial flat-panel display intermittently displays tiny, flashing multi-colored dots ('sparkles' or digital snow) across dark image areas, occasionally followed by a brief 2-second black screen. What is the technical cause?",The projector lamp is burning out.,"The digital video signal on the long copper HDMI cable is experiencing high-frequency attenuation and jitter, hovering right on the edge of the 'Digital Cliff'.",The display's ambient light sensor is malfunctioning.,The source device has an IP address conflict.,B,"Digital video signals (TMDS) don't degrade into analog static. As bit error rates rise from cable length, skin effect, or jitter, individual bit errors manifest as single-pixel 'sparkles'. Exceeding error tolerance causes the display to drop sync entirely (the Digital Cliff)."
952,D,Domain D: Servicing AV Solutions,Video Troubleshooting,What is the 'Digital Cliff' effect in digital video transmission (HDMI/DisplayPort/DVI)?,The physical height where video cables must be hung from ceilings.,"The sudden, abrupt transition from a perfect video picture to intermittent dropouts and complete signal loss with zero intermediate analog degradation as cable distance or jitter exceeds receiver threshold.",A drop in video brightness when room lights are turned on.,The edge of a projection screen.,B,"Unlike analog video which degrades gracefully into snow or ghosts, digital video maintains a pristine picture until bit error correction fails, at which point the picture drops off a 'cliff' into sparkles and total black screen."
953,D,Domain D: Servicing AV Solutions,Video Troubleshooting,"A user connects a high-end corporate laptop to a conference room table input. The laptop screen flickers and detects a second display, but the main room display remains black with a 'No Signal' banner. What is the most probable handshake failure?",The laptop power cord is unplugged.,"EDID (Extended Display Identification Data) communication failed: the laptop cannot read the display's supported resolutions/timings over the DDC channel ($I^2C$), so it refuses to output a valid video signal.",The room audio amplifier has overheated.,The network router has blocked port 80.,B,"Before a graphics card outputs video, it queries the display's EDID block via $I^2C$ DDC lines. If an intermediate switcher blocks DDC, or if the cable has a broken Pin 15/16 DDC line, EDID read fails and the source outputs no video."
954,D,Domain D: Servicing AV Solutions,Video Troubleshooting,"A display shows the corporate logo perfectly from a digital signage player, but when a commercial 4K Blu-ray player or protected video stream is selected, the screen immediately turns black or displays static snow. What is the cause?",The Blu-ray player has a bad power supply.,"HDCP (High-bandwidth Digital Content Protection) authentication failure: downstream repeaters, switchers, or the display failed the cryptographic key exchange required to decrypt protected content.",The HDMI cable cannot carry color.,The display resolution is set to 480i.,B,"HDCP encrypts protected digital content. Unprotected content (signage, PC desktop) displays fine, but the moment HDCP-encrypted content plays, any sink or repeater that fails key authentication displays a black screen or snow."
955,D,Domain D: Servicing AV Solutions,Video Troubleshooting,"In a multi-display distribution system, a 4K video source is routed through an HDMI splitter to a 4K display in Room A and a 1080p display in Room B. Room B shows 'Mode Not Supported', while Room A looks fine. What EDID issue is occurring?",The HDMI splitter is transmitting too much electrical power.,"The splitter is copying the 4K EDID from Room A to the source, forcing the source to output 4K, which exceeds the maximum pixel resolution of Room B's 1080p display.",Room B needs an analog audio cable.,Room A has a higher network bandwidth.,B,"Basic HDMI splitters often mirror the EDID of the highest-capability display (Room A 4K). The source then outputs 4K, which the 1080p display in Room B cannot decode. An EDID scaler/down-converter is required for Room B."
956,D,Domain D: Servicing AV Solutions,Video Troubleshooting,What symptom occurs when the total number of connected displays and repeaters exceeds the maximum HDCP key limit of the video source device?,All displays will display higher resolution video.,"Displays beyond the key limit will fail to show video, flashing black or displaying 'HDCP Key Exceeded' errors.",The source graphics card will burn out.,The audio volume will drop by 20 dB.,B,"Early HDCP sources (e.g. cable boxes, older laptops) support a limited table of downstream sink keys (e.g. 8 or 16 keys). Routing through large matrix switchers to many sinks exhausts the key table, blocking video to sinks beyond the limit."
957,D,Domain D: Servicing AV Solutions,Video Troubleshooting,A technician notices that an image on a high-definition commercial display is cropped around all four edges: the Windows taskbar and corner icons are completely hidden outside the physical bezel. What display setting is misconfigured?,Color temperature.,"Overscan (Aspect ratio / Picture Size mode): the display is set to 16:9 zoom/overscan instead of 'Dot-by-Dot', 'Just Scan', or '1:1 Pixel Mapping'.",Backlight brightness.,Dynamic contrast ratio.,B,Overscan is a legacy CRT television feature that zooms in by 3-5% to hide edge noise. Computer presentations require 1:1 pixel mapping ('Just Scan' or 'Full') to show the entire desktop without cropping taskbars.
958,D,Domain D: Servicing AV Solutions,Video Troubleshooting,"An image projected onto a 16:9 widescreen appears vertically stretched and distorted: circles appear as tall, narrow ovals. What is the cause of this geometric distortion?",The projector lamp is dying.,Aspect ratio mismatch: a 4:3 aspect ratio video signal is being stretched horizontally and forced into a 16:9 display mode without maintaining original aspect ratio.,The projector throw distance is too short.,The ambient light in the room is too high.,B,Mismatches between source aspect ratio (4:3) and display configuration result in anamorphic distortion (squishing or stretching). Setting display scaling to 'Aspect' or 'Preserve Aspect Ratio' restores correct geometry with pillarboxing.
959,D,Domain D: Servicing AV Solutions,Video Troubleshooting,What is 'Pillarboxing' versus 'Letterboxing' in video display terminology?,Pillarboxing adds black bars on the top and bottom; letterboxing adds them on the sides.,Pillarboxing adds black vertical bars on the left and right sides (displaying 4:3 content on a 16:9 display); Letterboxing adds black horizontal bars on the top and bottom (displaying widescreen 16:9/21:9 content on a narrower display).,Pillarboxing applies only to audio; letterboxing applies only to video.,They are trade names for two different projector lens manufacturers.,B,Pillarboxing places vertical black bars at the sides (like architectural pillars) when 4:3 content is shown on a 16:9 screen. Letterboxing places horizontal black bars at the top/bottom (like a mail slot) when widescreen movies play on narrower screens.
960,D,Domain D: Servicing AV Solutions,Video Troubleshooting,"During playback of fast horizontal panning camera shots, a video display exhibits horizontal tearing, where the top half of the screen appears shifted horizontally relative to the bottom half. What is the root cause?",The display's HDMI port is cracked.,Tearing occurs when the video source frame rate is out of sync with the display refresh rate (e.g. GPU buffer flipping without vertical synchronization / V-Sync enabled).,The projector color wheel has shattered.,The speaker cables are inducing magnetic fields into the screen.,B,"Screen tearing happens when the graphics processor updates the frame buffer while the display is in the middle of scanning out a frame, showing parts of two different frames simultaneously. Enabling V-Sync or variable refresh prevents this."
961,D,Domain D: Servicing AV Solutions,Video Troubleshooting,"A DLP projector produces an audible high-pitched whining noise, and the projected image displays flickering color banding and inverted color palettes across the screen. What internal mechanical component is failing?",The projector air filter.,The optical color wheel: its motor bearings are seizing or its optical sync index sensor is dirty/failing.,The metal cooling fin bracket.,The lens zoom ring.,B,"Single-chip DLP projectors use a spinning high-speed segmented color wheel (RGB/RGBW) to sequence color frames. Failing motor bearings produce high-pitched whining, and lost index synchronization destroys image color reproduction."
962,D,Domain D: Servicing AV Solutions,Video Troubleshooting,"A commercial projector powers up, the fans run at high speed, but the lamp never strikes, and after 60 seconds the unit shuts down with a blinking red 'Lamp' indicator LED. What are the two most probable electrical causes?",The HDMI cable is defective or the wall switch is off.,"The projection lamp filament/arc tube has ruptured, or the electronic high-voltage lamp ballast has failed.",The room temperature is below 68°F.,The projector IP address has expired.,B,"Lamp ignition requires high-voltage pulse striking (thousands of volts) from the ballast. If the lamp filament/gas tube is blown or the ballast power supply has failed, the arc cannot form, triggering safety shutdown."
963,D,Domain D: Servicing AV Solutions,Video Troubleshooting,An LCD video wall composed of nine narrow-bezel displays shows a bright white background across all panels. The central panel appears noticeably yellowish and dimmer than the surrounding eight panels. What is the cause?,The central panel is running a different software operating system.,"Color temperature and backlight aging mismatch: the central panel's LED backlight or CCFL tubes have aged/degraded, or its white point color balance is calibrated to 3200K while the others are at 6500K.",The central panel has a ground loop.,The video cable to the center panel is too short.,B,"Video wall displays must be color-calibrated and matched. Individual panel backlights drift over time, shifting color temperature (e.g. warmer 3200K vs cooler 6500K) and lumen output, requiring optical sensor recalibration."
964,D,Domain D: Servicing AV Solutions,Video Troubleshooting,What is the difference between temporary 'Image Retention' on commercial LCD panels and permanent 'Burn-In' on OLED / CRT displays?,Image retention is permanent; burn-in is temporary.,Image retention in LCDs is a temporary trapped electrical charge in liquid crystals that can be cleared by displaying dynamic moving patterns; burn-in in OLEDs is irreversible physical degradation of organic light-emitting pixels caused by displaying static elements at high brightness.,Image retention only occurs when power is disconnected.,Burn-in only occurs on digital signage players.,B,LCD image retention is reversible by relaxing liquid crystal polarization with full-motion video or white screens. OLED/phosphor burn-in is permanent differential aging of individual subpixels from displaying static logos continuously.
965,D,Domain D: Servicing AV Solutions,Video Troubleshooting,"A technician replaces a projector with a model that has an identical lumen rating and resolution, but the image appears washed out, gray, and lacking contrast in normal room lighting. The old projector was a 3-chip LCD; the new one is a single-chip DLP. Why does this occur?",Single-chip DLP projectors cannot display black pixels.,"Color Light Output (Color Brightness): 3-chip LCD produces equal white and color lumens, while many budget single-chip DLP projectors use white color wheel segments that boost white lumens while delivering significantly lower color brightness.",The new projector requires 240V AC power.,The projection screen fabric has oxidized.,B,"Standard ISO 21118 lumens only measure white peak output. Single-chip DLPs using clear color wheel segments output bright whites but low color lumens, causing saturated colors to appear dark and washed out in ambient light."
966,D,Domain D: Servicing AV Solutions,Video Troubleshooting,"When an HDBaseT receiver loses video sync every time the elevator motor in the building starts, what physical installation defect is indicated?",The HDBaseT receiver is not certified for 4K video.,"The category cable run is unshielded (UTP) or its RJ45 shield drain wire is not bonded to grounded metal connectors, allowing heavy electromagnetic motor transients to couple into the signal pairs.",The elevator is stealing the projector's IP address.,The display resolution is incompatible with elevator travel.,B,HDBaseT carries high-frequency packetized video over twisted pairs. Running unshielded cable near elevator shafts or motors without 360-degree shielded Cat6A connectors allows EMI voltage spikes to disrupt the differential data stream.
967,D,Domain D: Servicing AV Solutions,Video Troubleshooting,"A technician notices that an active optical HDMI cable (AOC) passes audio and control perfectly, but produces zero video. The cable is plugged in as: Display end into the laptop, Source end into the monitor. What is the problem?",Active Optical Cables (AOC) are directional: the 'Source' connector must plug into the transmitting laptop/player and the 'Display' connector must plug into the sink monitor.,The fiber optic glass inside the cable is frozen.,AOC cables require an external 120V wall wart.,The display must be set to analog mode.,A,Active Optical Cables contain integrated electro-optical transceivers in the connector heads: laser transmitters at the 'Source' end and optical photodiode receivers at the 'Display' end. Reversing them results in total failure.
968,D,Domain D: Servicing AV Solutions,Video Troubleshooting,A conference room video display intermittently shifts to a severe purple or green color tint across the entire picture. Wiggling the HDMI cable at the wall plate temporarily restores normal color. What is occurring physically?,The user's laptop desktop wallpaper is corrupt.,"A loose mechanical connection on the HDMI port is dropping one of the TMDS differential color channels, or an $I^2C$ DDC data glitch caused the color space to misnegotiate between RGB and YCbCr.",The ambient room light has turned ultraviolet.,The display's power cord is reversed.,B,Digital color tinting (purple/green screens) occurs when color space mismatches happen (e.g. source sends YCbCr while sink expects RGB due to interrupted DDC communication) or when a TMDS differential clock/data lane loses contact.
969,D,Domain D: Servicing AV Solutions,Video Troubleshooting,"When connecting a modern Apple MacBook with USB-C to a legacy HDMI video switcher, the laptop detects the display but the switcher outputs a completely black screen. What feature in the video signal is the legacy switcher likely unable to handle?",HDCP 2.2 encryption or High Dynamic Range (HDR / 10-bit color / Deep Color) metadata that the legacy HDMI 1.3/1.4 switcher cannot process.,The MacBook's trackpad sensitivity.,The Wi-Fi network SSID name.,The room's 70V audio amplifier.,A,"Modern laptops output HDCP 2.2, 4K60, and HDR metadata by default. Older switchers limited to HDMI 1.4 (10.2 Gbps) cannot pass high-bandwidth 18 Gbps HDR metadata or decrypt HDCP 2.2 streams, causing silent video dropouts."
970,D,Domain D: Servicing AV Solutions,Video Troubleshooting,"A video wall controller feeds four 1080p displays arranged in a $2 \times 2$ grid to display a single 4K image. The image is aligned, but straight lines (like architectural columns) appear stepped and misaligned across the display boundaries. What adjustment must be configured?",Bezel Compensation (Frame Mismatch Correction).,Increasing projector lamp brightness.,Changing HDMI cables to DisplayPort.,Inverting the audio phase by 180 degrees.,A,"Displays have physical outer bezels. Without Bezel Compensation, image pixels jump instantly across bezels, causing geometric lines to appear broken. Bezel compensation hides pixels behind bezels, maintaining natural visual continuity."
971,D,Domain D: Servicing AV Solutions,Video Troubleshooting,"A portable PTZ conference camera connected via USB 3.0 to a PC works for 10 seconds, then freezes and disconnects. When plugged into a USB 2.0 port on the same PC, it runs stably at 720p. What is the root cause?",The camera lens cap is on.,The USB 3.0 cable extension exceeds the passive distance specification (3 meters / 10 feet) or lacks sufficient bus power to maintain high-speed 5 Gbps SuperSpeed USB data transmission.,USB 3.0 is incompatible with video cameras.,The room microphone is overloading the USB bus.,B,Passive USB 3.0 cables are strictly limited to 3 meters (10 ft) due to high-frequency attenuation. Exceeding this distance causes packet drops and controller resets under 5 Gbps load; USB 2.0 works because its 480 Mbps rate has lower bandwidth demands.
972,D,Domain D: Servicing AV Solutions,Video Troubleshooting,A projector is mounted 15 degrees off-axis from the screen centerline. The installer uses extreme digital keystone correction to square the picture. What negative visual artifact does heavy digital keystone introduce?,The projected image becomes 3D.,"Loss of native image resolution, pixel interpolation blur, and jagged text scaling artifacts, because image pixels are electronically compressed across fewer physical display pixels.",The projector power supply draws double the electrical current.,The projection screen fabric stretches physically.,B,"Digital keystone scales and resamples the image onto a distorted sub-grid of the native microdisplay, discarding resolution and blurring fine presentation text. Optical lens shift should always be prioritized over digital keystone."
973,D,Domain D: Servicing AV Solutions,Video Troubleshooting,"In a multi-projector blend system across an ultra-wide panoramic screen, the overlap blend zone appears twice as bright as the rest of the image. What calibration adjustment has not been applied in the video processor?",Edge Blending (Luminance attenuation / gamma ramp in the overlapping projection zone).,Color saturation boost.,Increasing projector lamp wattage.,Lowering room ambient lighting.,A,"Where two projected images overlap, light energy is doubled. Edge-blending processors apply a feathered luminance ramp (attenuating projector 1 from 100% to 0% while projector 2 ramps from 0% to 100%) to maintain uniform brightness across the seam."
974,D,Domain D: Servicing AV Solutions,Video Troubleshooting,A technician notices horizontal black lines scrolling slowly upward through an analog video image (video hum bars). What electrical phenomenon causes this?,High network traffic on the local subnet.,"A 60 Hz ground loop between the video source and display causing stray AC current to flow on the coaxial video cable shield, modulating the video luminance signal.",The display's digital clock is running fast.,A bad HDMI handshake.,B,"Analog video hum bars are classic ground loop symptoms. Stray 60 Hz AC current flowing through video cable shields introduces a voltage offset that shows up as dark, scrolling horizontal bars at the 60 Hz power line frequency."
975,D,Domain D: Servicing AV Solutions,Video Troubleshooting,An interactive touch display fails to register touch input in the top-right corner. The rest of the screen tracks touch accurately. The display uses optical infrared (IR) touch bezel sensors. What is the FIRST thing to inspect?,The PC operating system license.,"Inspect the IR sensor bezel frame for dust, dirt, tape, or physical obstructions blocking the infrared LED/receiver light paths in that corner.",Replace the internal LCD panel.,Change the USB cable to a fiber optic cable.,B,"Optical IR touch bezels project an invisible grid of infrared light beams across the glass surface. Dust, paper clips, sticky notes, or fingerprints lodged in the bezel groove block the light grid, creating dead touch zones."
976,D,Domain D: Servicing AV Solutions,Network & Physical Diagnostics,An AV technician uses a digital multimeter (DMM) to test an AC electrical receptacle before plugging in a high-power amplifier rack. What are the correct voltage readings for a standard 120V commercial outlet in North America?,Hot to Neutral: 0V; Hot to Ground: 120V; Neutral to Ground: 120V.,Hot to Neutral: ~120V AC; Hot to Ground: ~120V AC; Neutral to Ground: < 2V AC (ideally near 0V).,Hot to Neutral: 240V AC; Hot to Ground: 0V; Neutral to Ground: 12V DC.,Hot to Neutral: 12V DC; Hot to Ground: 5V DC; Neutral to Ground: 0V.,B,In standard 120V single-phase electrical outlets: Hot to Neutral is ~120V AC; Hot to Ground is ~120V AC; Neutral to Ground should be under 2V AC. A reading > 2V on Neutral-to-Ground indicates an overloaded or compromised neutral.
977,D,Domain D: Servicing AV Solutions,Network & Physical Diagnostics,"A multimeter reading shows 120V AC between Hot and Neutral, but 0V AC between Hot and Ground. What severe electrical hazard exists at this receptacle?",The receptacle has too much grounding.,"Open Ground (Floating Ground): the equipment ground conductor is disconnected, broken, or omitted, meaning chassis fault currents cannot trip the breaker and will energize equipment frames.",The circuit breaker is oversized.,The electrical power is running backwards.,B,Hot-to-Ground measuring 0V while Hot-to-Neutral is 120V means the grounding path does not exist. Any electrical short to chassis metal will energize equipment racks with lethal 120V power without tripping circuit breakers.
978,D,Domain D: Servicing AV Solutions,Network & Physical Diagnostics,"A technician tests a balanced microphone cable with a cable tester. The tester indicates Pins 1 and 1 connected, but Pin 2 on one end connects to Pin 3 on the other end, and Pin 3 connects to Pin 2. What wiring fault is this?",Split Pair.,Reversed Polarity (Phase Inversion / Crossed Pair).,Open Shield.,Shorted Conductor.,B,"Swapping Pins 2 and 3 crosses the positive (hot) and negative (cold) differential audio conductors, inverting the electrical polarity of the audio signal by 180 degrees."
979,D,Domain D: Servicing AV Solutions,Network & Physical Diagnostics,"What is a 'Split Pair' wiring fault in Category 5e/6 network cabling, and why does a basic DC continuity tester fail to detect it?",A split pair is when the outer cable jacket is torn.,"Conductors from two different twisted pairs are swapped at both ends; DC continuity is pin-for-pin correct (1-to-1, 2-to-2), but the physical twisting is broken, destroying Common-Mode noise cancellation and causing severe crosstalk (NEXT).",A split pair is when a cable is cut into two pieces.,A split pair means one pair is carrying 120V AC power.,B,"Split pairs maintain pin-to-pin continuity, so simple LED testers pass them. However, because transmit and receive lines are no longer twisted with their matched pairs, electromagnetic crosstalk destroys high-speed data transmission."
980,D,Domain D: Servicing AV Solutions,Network & Physical Diagnostics,"What is a Time Domain Reflectometer (TDR), and how does an AV technician use it to service damaged in-wall cable runs?",A meter that measures the time of day an installer pulled a cable.,"A diagnostic instrument that transmits high-frequency electrical pulses down a cable and measures the time and reflection characteristics of returning waves to calculate the exact distance (in feet or meters) to a cut, short, or impedance fault.",A tool used to strip category cable jackets.,A software tool that measures Wi-Fi signal strength.,B,"TDRs pulse signals down conductors and analyze reflections caused by impedance discontinuities. By knowing the cable's Velocity of Propagation (NVP), the meter calculates the exact distance to an open or short circuit."
981,D,Domain D: Servicing AV Solutions,Network & Physical Diagnostics,"When certifying a permanent link Category 6A installation for 10 Gigabit AVoIP transmission, which test parameter measures signal power loss occurring over the physical length of the cable?",Near-End Crosstalk (NEXT).,Insertion Loss (Attenuation).,Return Loss.,Propagation Delay Skew.,B,"Insertion Loss (attenuation) measures the reduction in signal power as it travels through the copper cable, caused by conductor electrical resistance and dielectric losses. Excessive length or heat increases insertion loss."
982,D,Domain D: Servicing AV Solutions,Network & Physical Diagnostics,What does 'Return Loss' measure in high-speed digital video and category cable testing?,The time it takes for a technician to return to the job site.,"The measurement of reflected signal power caused by impedance mismatches, cable kinks, crushed jackets, or untwisted connector terminations along the transmission line.",The percentage of audio returned by an echo canceller.,The DC voltage drop across a 70V loudspeaker line.,B,"Every cable type has a characteristic impedance (e.g. 100 ohms for Cat6A, 75 ohms for SDI video). Any impedance bump (crushed cable, tight zip ties, poor crimps) reflects signal energy back to the transmitter, measured as Return Loss."
983,D,Domain D: Servicing AV Solutions,Network & Physical Diagnostics,"An unmanaged network switch is installed in an AVoIP installation with 16 multicast video encoders. Within 30 seconds of powering up the encoders, all touch panels go offline, video freezes, and all switch port LEDs blink in rapid unison. What network catastrophe has occurred?",The network switch has blown its internal fuse.,"Multicast Packet Flooding (Broadcast Storm), because the unmanaged switch lacks IGMP Snooping and an active IGMP Querier, causing gigabit multicast video traffic to flood every single port and saturate all connected devices.",The Cat6A cables have melted from PoE power.,The encoders are running conflicting operating systems.,B,"Without IGMP Snooping, network switches treat multicast streams as broadcast traffic, flooding video packets to every connected port. This instantly swamps low-bandwidth touch panels, control processors, and Wi-Fi access points."
984,D,Domain D: Servicing AV Solutions,Network & Physical Diagnostics,"In a Dante digital audio network, Dante Controller displays a red error warning stating: 'Clock Sync Failure / Multiple Master Clocks.' What switch feature is commonly responsible for disrupting IEEE 1588 PTP clock sync packets?",VLAN tagging (802.1Q).,Energy Efficient Ethernet (EEE / Green Ethernet / IEEE 802.3az).,Spanning Tree Protocol (STP).,Link Aggregation (LACP).,B,"Energy Efficient Ethernet (EEE / 802.3az) puts switch PHY ports into low-power sleep during idle moments. This introduces variable packet transmission latency (jitter), corrupting Precision Time Protocol (PTP IEEE 1588) clock sync in Dante and AES67 networks."
985,D,Domain D: Servicing AV Solutions,Network & Physical Diagnostics,Two static IP devices on the same AV subnet are accidentally configured with the identical IP address: 192.168.1.50. What symptom will a technician observe when testing these devices?,Both devices will merge their data into a single faster stream.,"Intermittent communication: ping replies will drop unpredictably, devices will alternate between online and offline, and ARP tables on connected switches will constantly flap between the two MAC addresses.",The network switch will permanently shut down.,Both devices will automatically change their subnet masks.,B,"Duplicate IP addresses cause address resolution (ARP) confusion. Network switches alternate routing packets between the two conflicting MAC addresses, causing erratic disconnects, packet loss, and flapping connections."
986,D,Domain D: Servicing AV Solutions,Network & Physical Diagnostics,A technician configures a DSP with IP 192.168.10.25 and subnet mask 255.255.255.0. The control processor has IP 192.168.20.50 and subnet mask 255.255.255.0. Both plug into the same unmanaged network switch. Why can't the control processor communicate with the DSP?,The switch ports need crossover cables.,They are on two separate logical IP subnets (/24) and cannot communicate directly at Layer 2 without a Layer 3 router or gateway to route packets between subnets.,Subnet masks must always end in .255.,The DSP only accepts dynamic DHCP addresses.,B,"A 255.255.255.0 (/24) mask restricts local broadcast communication to devices matching the first three octets. 192.168.10.x and 192.168.20.x are different subnets; without a Layer 3 router, packets cannot pass between them."
987,D,Domain D: Servicing AV Solutions,Network & Physical Diagnostics,A field technician plugs their laptop into an AV network switch and discovers their laptop has been assigned IP address 169.254.85.120 with subnet mask 255.255.0.0. What does this IP address indicate?,The laptop has been assigned a high-priority enterprise static address.,"APIPA (Automatic Private IP Addressing / Link-Local): the laptop requested an IP address from a DHCP server, but received no response within the timeout window, generating a self-assigned link-local address.",The network switch is configured for Dante multicast.,The building firewall has banned the technician's laptop.,B,"When an operating system is set to DHCP but fails to communicate with a DHCP server, it self-assigns an APIPA address in the 169.254.0.0/16 range. This immediately indicates a missing or unreachable DHCP server on the local network."
988,D,Domain D: Servicing AV Solutions,Network & Physical Diagnostics,"An AV technician connects an RS-232 serial cable between a control processor and a motorized projection screen. The control processor sends commands, but the screen never responds. The technician verifies baud rate, parity, and data bits match. What physical serial pinout issue is MOST probable?",Pins 1 and 5 are swapped.,"The serial connection requires a Null Modem adapter (or pin 2 and 3 crossover): both devices are wired as DTE (or DCE), meaning Transmit (TX) is wired to Transmit (TX) instead of Transmit (TX) to Receive (RX).",The DB-9 connector shell must be grounded to 120V AC.,The serial cable is running at 10 Gigabit speeds.,B,"In RS-232 communication, device TX (Transmit Pin 2 or 3) must connect to the destination RX (Receive Pin 3 or 2). If both devices are configured as DTE (Data Terminal Equipment), a straight-through cable connects TX to TX. A null modem swaps them."
989,D,Domain D: Servicing AV Solutions,Network & Physical Diagnostics,"What is the maximum recommended cable length for a standard, unbuffered RS-232 serial communication run at 9600 baud according to TIA/EIA-232 standards?",10 feet (3 meters).,50 feet (15 meters) (or longer only with low-capacitance specialty cabling).,"1,000 feet (300 meters).","4,000 feet (1,200 meters).",B,"EIA-232 specifies a nominal maximum distance of 50 feet (15m) or a maximum capacitive load of 2500 pF. Beyond this distance, high-frequency signal edges round off, causing baud rate framing errors. RS-422/485 is used for longer runs (up to 4,000 ft)."
990,D,Domain D: Servicing AV Solutions,Network & Physical Diagnostics,"A technician is troubleshooting an Infrared (IR) emitter taped to a cable set-top box. The touch panel sends commands, but the cable box does not change channels. How can the technician instantly verify whether the IR emitter is physically pulsing IR light?",Listen closely to the emitter for a clicking sound.,Point a smartphone digital camera at the IR emitter while pressing a control button; the camera's image sensor detects invisible infrared light and displays it as a glowing purple/white flash on screen.,Touch the emitter to check if it feels hot.,Measure the emitter resistance with a megohmmeter.,B,Silicon CMOS sensors in smartphone cameras are sensitive to near-infrared light (850-940 nm). Looking at the emitter through a smartphone camera while pressing a button clearly reveals whether the IR LED is pulsing light.
991,D,Domain D: Servicing AV Solutions,Network & Physical Diagnostics,"An IR emitter works intermittently when the room blinds are open, but works reliably when blinds are drawn closed. What optical environmental issue is interfering with the IR receiver?",Sunlight is freezing the IR emitter glass.,"Infrared light saturation: direct or reflected sunlight contains high-intensity infrared radiation that blinds or saturates the IR receiver sensor, drowning out the 38 kHz modulated control pulses.",The control processor is solar-powered.,The HDMI cable is picking up ambient light.,B,"Sunlight and fluorescent lighting ballasts emit broad-spectrum infrared energy. High ambient IR levels flood receiver phototransistors, saturating their automatic gain circuits so they cannot detect modulated control signals."
992,D,Domain D: Servicing AV Solutions,Network & Physical Diagnostics,A PoE network switch has a total power budget of 120 Watts. It powers four 802.3at (PoE+) pan-tilt-zoom cameras (rated at 25.5W each) and three 802.3af touch panels (rated at 12.95W each). What problem occurs when all cameras power up simultaneously?,The network switch will double its bandwidth.,"PoE power budget exhaustion: total potential load is $(4 \times 25.5\text{W}) + (3 \times 12.95\text{W}) = 102\text{W} + 38.85\text{W} = 140.85\text{W}$, which exceeds the 120W power supply capacity, causing switch ports to shut down or reboot cyclically.",The cameras will switch to analog composite video.,The touch panels will emit 60 Hz hum.,B,"Exceeding the switch's total PoE power budget causes edge ports to enter fault state. When cameras draw peak power (e.g. pan/tilt motor activation or IR night illuminator kick-in), the switch shuts down lower-priority ports to protect itself."
993,D,Domain D: Servicing AV Solutions,Network & Physical Diagnostics,"When troubleshooting low-voltage control relays that operate motorized projection screens, what is the difference between 'Normally Open' (NO) and 'Normally Closed' (NC) contacts?",Normally Open passes current continuously; Normally Closed never passes current.,Normally Open contacts remain open (disconnected/no continuity) until the relay coil energizes to close them; Normally Closed contacts maintain a continuous electrical connection until energized to open/break the circuit.,Normally Open is used for audio; Normally Closed is used for video.,Normally Open contacts are illegal under the National Electrical Code.,B,"Relays are electrically operated switches. A Normally Open (NO) circuit is de-energized/open at rest; applying control voltage pulls the armature in, closing the contacts to complete the circuit."
994,D,Domain D: Servicing AV Solutions,Network & Physical Diagnostics,A technician uses an Optical Time Domain Reflectometer (OTDR) to test a newly installed single-mode fiber optic trunk line. What does a large downward step in the OTDR trace indicate?,The fiber optic laser is too bright.,"A high-loss fusion splice, macro-bend (tight physical bending radius pinching the fiber core), or poor mechanical connector introducing excessive optical attenuation.",The fiber is running 100 Gigabit speeds.,The fiber cable has an electrical short circuit.,B,"OTDRs plot optical backscatter along the fiber length. A sharp downward drop indicates localized decibel attenuation caused by excessive bend radius (macrobend), a bad fusion splice, or a damaged connector."
995,D,Domain D: Servicing AV Solutions,Network & Physical Diagnostics,Why must an AV technician NEVER look directly into the end of an active fiber optic cable or optical transceiver port with the naked eye?,The glass core will shatter into the eye.,"Fiber optic communications utilize invisible infrared laser light (850nm, 1310nm, 1550nm) at power levels capable of causing permanent, painless retinal burns before the eye's blink reflex can react.",The eye's moisture will short-circuit the fiber.,It will cause an IP address collision.,B,"Telecom and AV fiber optic transceivers emit invisible infrared laser radiation. Because infrared does not trigger the human pupil constriction or blink reflex, looking directly into an energized core causes severe, permanent retinal damage."
996,D,Domain D: Servicing AV Solutions,Network & Physical Diagnostics,"What tool should an AV technician use to safely inspect the polished optical end-face of a fiber connector for dirt, scratches, and oil before mating it into an expensive optical matrix switcher?",A standard magnifying glass in direct sunlight.,A specialized Fiber Inspection Microscope (Video Fiber Scope) that displays the connector ferrule on an electronic screen with zero direct eye exposure to laser hazards.,A high-powered flashlight.,A digital multimeter set to ohms.,B,"Microscopic dust particles (1-2 microns) crush into fiber cores upon mating, permanently pitting glass ferrules. A video fiber microscope allows safe, high-magnification inspection of the ferrule end-face without eye injury."
997,D,Domain D: Servicing AV Solutions,Network & Physical Diagnostics,"During commissioning of an automated lighting integration, an AV technician connects a control processor relay to a low-voltage lighting control input. The lights do not trigger. The technician measures continuity across the relay contacts with a multimeter while toggling the control software, and hears a click and sees resistance drop to $0.1\text{ ohms}$. Where is the failure?",Inside the control processor internal relay circuitry.,"Downstream of the control processor: in the external wiring, the lighting control panel input terminals, or the third-party lighting controller configuration.",In the room's HDMI cables.,In the technician's multimeter battery.,B,"Because the relay physically clicks and the multimeter confirms $0.1\text{ }\Omega$ continuity across the terminals, the control processor and its relay are proven 100% operational. The issue lies downstream in the third-party wiring or lighting controller."
998,D,Domain D: Servicing AV Solutions,Network & Physical Diagnostics,"A corporate IT department enforces 802.1X Network Access Control (NAC) on all wall jack network ports. An AV technician plugs in a new Dante digital signal processor, but the switch port refuses to pass traffic. Why?",Dante audio cannot travel over copper cabling.,The DSP has not been configured with the proper 802.1X security credentials (certificates or RADIUS client credentials) required by the network switch to authenticate and grant network access.,The DSP requires a 240V power outlet.,The network switch has ran out of MAC addresses.,B,IEEE 802.1X is port-based network access control. Devices connected to an 802.1X-enabled port remain in an unauthorized state (passing no traffic) until they successfully authenticate with a centralized RADIUS/EAP authentication server.
999,D,Domain D: Servicing AV Solutions,Network & Physical Diagnostics,"What is Quality of Service (QoS) and Differentiated Services Code Point (DSCP) tagging, and why is it mandatory on enterprise networks carrying converged Dante audio and standard IT data?",It measures the visual aesthetic quality of the equipment rack wiring.,"It applies priority tags (e.g. DSCP 56 for PTP clock, DSCP 46 for audio packets) to packet headers so network switches prioritize delay-sensitive real-time audio ahead of bulk file downloads and web browsing during congestion.",It encrypts audio data to prevent unauthorized recording.,It converts uncompressed audio into MP3 files.,B,"Without QoS, network switches transmit packets on a strict First-In, First-Out (FIFO) basis. If someone downloads a large file, real-time Dante audio packets get queued behind data bursts, causing buffer underruns and audio dropouts."
1000,D,Domain D: Servicing AV Solutions,Network & Physical Diagnostics,"A technician is replacing an equipment rack exhaust fan assembly that runs on 120V AC. The new fan assembly has three leads: Black, White, and Green. What are the proper electrical connections under the National Electrical Code?",Black: Ground; White: Hot; Green: Neutral.,Black: Hot (Line / 120V); White: Neutral; Green (or Bare): Equipment Safety Ground.,Black: Neutral; White: Ground; Green: Hot.,All three wires should be connected to the metal rack rail.,B,"Standard US NEC electrical wiring color codes designate Black as Hot (Line 120V), White as Neutral, and Green (or Green with Yellow stripe / bare copper) as Equipment Safety Ground."
